sector_name,sector_link,title,link
Agriculture_Cooperation,https://igod.gov.in/sector/GRNsIHQBsvhI6u6Q3tju/organizations,,
,,"AGRISNET - Directorate of Agriculture & Food Production, Odisha",https://agrisnetodisha.ori.nic.in
,,Academic Management System-Central Agricultural University,https://amscau.icar.gov.in
,,Academic Management System-Central Institute of Fisheries Education,https://amscife.icar.gov.in
,,Academic Management System-Indian Veterinary Research Institute,https://amsivri.icar.gov.in
,,Academic Management System-National Dairy Research Institute,https://amsndri.icar.gov.in
,,"Academic Management System-University of Horticultural Sciences, Bagalkot",https://amsuhs.icar.gov.in
,,Agri Stack Portal,https://agristack.gov.in
,,Agri-Clinics and Agri-Business Centres,https://acabcmis.gov.in
,,Agri-Exchange,https://agriexchange.apeda.gov.in
,,"Agricultural Census, New Delhi",https://agcensus.gov.in
,,Agricultural Education Portal,https://education.icar.gov.in
,,"Agricultural Engineering Department, Tamil Nadu",https://aed.tn.gov.in/ta
,,"Agricultural Marketing Department, Andhra Pradesh",https://market.ap.nic.in
,,"Agricultural Marketing Department, Karnataka",https://krishimaratavahini.karnataka.gov.in
,,Agricultural Meteorology Division,https://www.imdagrimet.gov.in
,,"Agricultural Scientists Recruitment Board (ASRB), New Delhi",https://asrb.org.in
,,"Agricultural Technology Management Agency (ATMA) Directorate and SAMETI, Gujarat",https://atma.gujarat.gov.in
,,"Agriculture Department, Andhra Pradesh",https://www.apagrisnet.gov.in
,,"Agriculture Department, Karnataka",https://raitamitra.karnataka.gov.in
,,"Agriculture Department, Ladakh",https://ladakh.nic.in/agriculture
,,"Agriculture Department, Sikkim",https://agri.sikkim.gov.in
,,"Agriculture Department, West Bengal",https://matirkatha.net
,,"Agriculture Development and Farmer Welfare and Bio-Technology Department, Chhattisgarh",https://agriportal.cg.nic.in
,,"Agriculture Info Management System, Kerala",https://www.aims.kerala.gov.in
,,Agriculture Marketing Information System Network (AGMARKNET),https://agmarknet.gov.in
,,"Agriculture Produce Procurement Portal, Himachal Pradesh",https://hpappp.nic.in
,,"Agriculture Production & Farmers Welfare Department, Jammu and Kashmir",https://jkapd.nic.in
,,"Agriculture Secretariat, Karnataka",https://agriculture.karnataka.gov.in
,,"Agriculture and Horticulture Department, Assam",https://agri-horti.assam.gov.in
,,Assam Rajiv Gandhi University of Cooperative Management,https://argucom.assam.gov.in
,,"Assam Rural Infrastructure and Agricultural Services Society, (ARIAS)",https://arias.in
,,Assam Small Farmers Agri-Business Consortium (ASFAC),https://asfac.assam.gov.in
,,Bihar State Election Authority (BSEA),https://bsea.bihar.gov.in
,,"Biju Swasthya Kalyan Yojana, Odisha",https://bsky.odisha.gov.in
,,"COMPOSE - Comprehensive Operations and Management of Presses Over Secure Environment, Kerala",https://compose.kerala.gov.in
,,"Central Agricultural University, Imphal",https://cau.ac.in
,,"Central Farm Machinery Training and Testing Institute (FMTTI), Budni",https://fmttibudni.gov.in
,,"Co-operation Department, Andhra Pradesh",https://apcooperation.nic.in
,,"Co-operation Department, Haryana",https://rcsharyana.gov.in
,,Coconut Development Board,https://coconutboard.gov.in
,,"College of Technology and Engineering, Maharana Pratap University of Agriculture and Technology Udaipur, Rajasthan",https://www.ctae.ac.in
,,"Command Area Development, Jammu, Jammu and Kashmir",https://cadjmu.nic.in
,,Commission for Agricultural Costs and Prices (CACP),https://cacp.da.gov.in
,,"Commissioner of Fisheries, Gujarat",https://www.cof.gujarat.gov.in
,,"Crop Loan Waiver System, Karnataka",https://clws.karnataka.gov.in
,,"Crop Pests & Diseases Surveillance and Advisory Portal (CROPSAP), Meghalaya",https://cropsap.megfarmer.gov.in
,,D-Krishi - Aadhaar Enabled Seed Distribution System of Andhra Pradesh,https://eseed.ap.gov.in
,,"Department of Agriculture and Farmers Welfare Kashmir, Jammu and Kashmir",https://diragrikmr.nic.in
,,Digital Platform for Farm Mechanization and Technology,https://agrimachinery.nic.in
,,"Direct Benefit Transfer (DBT), Agriculture Department, Bihar",https://dbtagriculture.bihar.gov.in
,,Direct Benefit Transfer Portal for Agriculture Schemes,https://dbtdacfw.gov.in
,,"Directorate of Agricultural Marketing and Agriculture Foreign Trade, Uttar Pradesh",https://www.upkrishivipran.in
,,"Directorate of Agricultural Marketing, Delhi",https://damb.delhi.gov.in
,,"Directorate of Agriculture (Research and Education), Mizoram",https://agriculture.mizoram.gov.in
,,"Directorate of Agriculture Production & Farmers Welfare, Jammu, Jammu and Kashmir",https://diragrijmu.nic.in
,,"Directorate of Agriculture, Gujarat",https://dag.gujarat.gov.in/index.htm
,,"Directorate of Agriculture, Gujarat",https://dag.gujarat.gov.in
,,"Directorate of Animal Husbandry, Gujarat",https://doah.gujarat.gov.in
,,Directorate of Arecanut and Spices Development (DSAD),https://www.dasd.gov.in
,,Directorate of Cashewnut and Cocoa Development (DCCD),https://www.dccd.gov.in
,,Directorate of Economics and Statistics (DES),https://desagri.gov.in
,,Directorate of Horticulture (Bhubaneswar),https://ddkbbsr.gov.in
,,"Directorate of Horticulture & Soil Conservation, Tripura",https://horti.tripura.gov.in
,,"Directorate of Horticulture, Chhattisgarh",https://cghorticulture.gov.in
,,Directorate of Jute Development,https://jute.dac.gov.in
,,Directorate of Marketing and Inspection (DMI),https://dmi.gov.in
,,"Directorate of Mushroom Research, Solan, Himachal Pradesh",https://dmrsolan.icar.gov.in
,,"Directorate of Onion and Garlic Research, Pune, Maharashtra",https://dogr.icar.gov.in
,,Directorate of Plant Protection Quarantine and Storage,https://ppqs.gov.in
,,Directorate of Pulses Development,https://dpd.gov.in
,,"Directorate of Rice Development, Patna",https://drdpat.bih.nic.in
,,"Directorate of Silk, Maharashtra",https://mahasilk.maharashtra.gov.in
,,"Directorate of Soil Conservation and Watershed Development, Odisha",https://www.soilodisha.nic.in
,,"Farm Information Bureau, Kerala",https://www.fibkerala.gov.in
,,"Farmer Procurement Portal, Gujarat",https://fpp.gujarat.gov.in
,,"Farmer Registration and Unified beneficiary Information System, Karnataka",https://fruits.karnataka.gov.in
,,"Free Seedling Distribution, Delhi",https://dillifreetree.eforest.delhi.gov.in
,,"Govind Ballabh Pant University of Agriculture & Technology, Uttarakhand",https://gbpuat.ac.in
,,"Gujarat Sheep & Wool Development Corporation Limited, Gujarat",https://gusheel.gujarat.gov.in
,,"Gujarat State Co-Operative Tribunal, Gujarat",https://gscot.gujarat.gov.in
,,"Gujarat State Warehousing Corporation, Gujarat",https://gswc.gujarat.gov.in/index.htm
,,"Haryana Seed Portal, Haryana",https://uttambeej.haryana.gov.in
,,"Haryana State Seed Certification Agency (HSSCA), Haryana",https://hssca.org.in
,,"Himachal Pradesh Horticulture Produce Marketing and Processing Corporation Ltd. (HPMC), Himachal Pradesh",https://hpmc.in
,,"Himachal Pradesh State Co-operative Marketing & Consumers Federation Ltd., Himachal Pradesh",https://www.himfed.com
,,"Holistic Agriculture Development Program, Jammu and Kashmir",https://hadp.jk.gov.in
,,"Horticulture Department, Haryana",https://hortharyana.gov.in
,,"Horticulture Department, Himachal Pradesh",https://eudyan.hp.gov.in
,,"Horticulture Department, Jammu and Kashmir",https://horticulture.jk.gov.in
,,"Horticulture Department, Telangana",https://horticulture.tg.nic.in
,,"Horticulture Directorate, Agriculture Department, Bihar",https://horticulture.bihar.gov.in
,,"Hydrology Project,  Chhattisgarh",https://hydrologyproject.cg.gov.in
,,"ICAR - Central Island Agricultural Research Institute (CIARI), Port Blair",https://ciari.icar.gov.in
,,"ICAR - Indian Institute of Farming Systems Research (IIFSR), Meerut",https://iifsr.icar.gov.in
,,"ICAR - Indian Institute of Seed Science, Mau, Uttar Pradesh",https://seedres.icar.gov.in
,,"ICAR - National Bureau of Agricultural Insect Resources (NBAIR), Bangalore",https://www.nbair.res.in
,,"ICAR - National Institute Of Veterinary Epidemiology And Disease Informatics, Bangalore,",https://www.nivedi.res.in
,,ICAR - National Institute of Agricultural Economics and Policy Research (NIAP),https://niap.icar.gov.in
,,"ICAR Agricultural Technology Application Research Institute (ICAR-ATARI), Bangalore",https://ataribengaluru.icar.gov.in
,,"ICAR Research Complex for Eastern Region (ICAR-RCER), Patna",https://icarrcer.icar.gov.in
,,"ICAR-ATARI Zone IX, Jabalpur, Madhya Pradesh",https://atarijabalpur.icar.gov.in
,,"ICAR-Agricultural Technology Application Research Institute (ATARI), Hyderabad",https://atari-hyderabad.icar.gov.in
,,"ICAR-Central Tobacco Research Institute, Rajahmundry",https://ctri.icar.gov.in
,,ICAR-Indian Agricultural Statistics Research Institute,https://www.iasri.res.in
,,"ICAR-Indian Institute of Water Management, Bhubaneswar, Odisha",https://iiwm.icar.gov.in
,,"ICAR-National Institute of Aboitic Stress Management, Malegaon",https://niasm.icar.gov.in
,,"ICAR-National Research Centre for Banana, Tiruchirapalli",https://nrcb.icar.gov.in
,,"ICAR-National Research Centre on Mithun, Dimapur",https://nrcmithun.icar.gov.in
,,"ICAR-National Research Centre on Plant Biotechnology - Indian Agricultural Research Institute,, New Delhi",https://iims.icar.gov.in/Institute_Details.aspx?Inst=YLDo9jwOF0s=
,,"ICAR-National Research Centre on Pomegranate, Solapur",https://nrcpomegranate.org
,,Indian Agricultural Research Institute (IARI),https://www.iari.res.in
,,"Indian Council of Agricultural Research, Nagaland",https://icarnagaland.nic.in
,,"Indian Council of Agricultural Research, Tripura",https://tripuraicar.nic.in
,,Indian Council of Agricultural Research (ICAR),https://www.icar.org.in
,,Indian Council of Agricultural Research - Online Library Catalog,https://lib.icar.gov.in
,,Indian Institute of Horticultural Research (IIHR),https://www.iihr.res.in
,,Indian Institute of Millets Research (IIMR),https://millets.res.in
,,Indian Institute of Oilseeds Research (IIOR),https://icar-iior.org.in
,,"Indira Gandhi Krishi Vishwavidyalaya, Raipur",https://igkv.ac.in
,,"Institute of Co-Operative Management (ICM), Imphal",https://icmimphal.org
,,"Institute of Co-operative Management, Pune",https://www.icmpune.org
,,"Institute of Co-operative Management, Dehradun",https://icmdehradun.com
,,"Institute of Co-operative Management (ICM), Guwahati",https://icmguwahati.gov.in
,,"Institute of Co-operative and Corporate Management, Research & Training, Lucknow, Uttar Pradesh",https://www.iccmrt.ac.in
,,Integrated Fertilizer Management System,https://dbtfert.nic.in
,,"Integrated Land Records Management System, Telangana",https://dharani.telangana.gov.in
,,"Irrigation and Flood Control Department, Delhi",https://ifc.delhi.gov.in
,,"KIRAN - Knowledge Innovation Repository of Agriculture in the North East, ICAR",https://kiran.nic.in
,,KRISHI VISTAR-Directorate of Extension,https://krishivistar.gov.in
,,"KSCSTE - Jawaharlal Nehru Tropical Botanical Garden and Research Institute, Kerala",https://jntbgri.res.in
,,"KVK Lawngtlai, Mizoram",https://kvklawngtlai.mizoram.gov.in
,,"KVK Serchhip, Mizoram",https://kvkserchhip.mizoram.gov.in
,,"Kerala State Co-operative Textile Federation Ltd. (TEXFED), Kerala",https://texfed.kerala.gov.in
,,Kisan Sarathi,https://kisansarathi.in
,,Krishi Nivesh Portal,https://krishinivesh.gov.in
,,"Krishi Vigyan Kendra (KVK), West Garo Hills",https://kvkwestgarohills.nic.in
,,"Krishi Vigyan Kendra, Ri-Bhoi",https://kvkribhoi.nic.in
,,"Krishi Vigyan Kendra, East Kameng",https://kvkeastkameng.nic.in
,,"Krishi Vigyan Kendra (KVK), Wokha",https://kvkwokha.nic.in
,,"Krishi Vigyan Kendra (KVK), Baramati, Maharashtra",https://www.kvkbaramati.com
,,"Krishi Vigyan Kendra (KVK), Lower Dibang Valley District, Arunachal Pradesh",https://kvkbalek.nic.in
,,"Krishi Vigyan Kendra (KVK), Lower Subansiri, Arunachal Pradesh",https://kvklowersubansiri.nic.in
,,"Krishi Vigyan Kendra (KVK), Reasi, Jammu and Kashmir",https://kvkreasi.nic.in
,,"Krishi Vigyan Kendra (KVK), Sikkim",https://sikkim.gov.in/departments/food-security-and-agriculture-development-department/krishi-vigyan-kendra-in-sikkim
,,Krishi Vigyan Kendra Knowledge Network,https://kvk.icar.gov.in
,,"Krishi Vigyan Kendra, Anjaw, Arunachal Pradesh",https://kvkanjaw.nic.in
,,"Krishi Vigyan Kendra, Tawang",https://kvktawang.nic.in
,,"M.P. Biotechnology Council Bhopal, Madhya Pradesh",https://www.mpbiotech.nic.in
,,"Madhusudan Institute of Co-operative Management (MICM), Bhubaneswar",https://icmbhubaneswar.nic.in
,,"Madhya Pradesh State Agricultural Marketing (Mandi) Board, Madhya Pradesh",https://mpmandiboard.in
,,"Mahalanobis National Crop Forecast Centre (NCFC), New Delhi",https://ncfc.gov.in
,,"Meghalaya State Agricultural Marketing Board, Meghalaya",https://megamb.gov.in
,,"Meri Fasal, Mera Byora, Haryana",https://fasal.haryana.gov.in
,,"Mission Kakatiya, Telangana",https://missionkakatiya.cgg.gov.in
,,Mission for Integrated Development of Horticulture (MIDH),https://midh.gov.in
,,NOC Approval for New Drug and Inoculation System Portal,https://nandi.gov.in/dahd
,,"Nagaland State Extension Reforms (Niche ATMA), Nagaland",https://nser.nic.in
,,National Agricultural Higher Education Project,https://nahep.icar.gov.in
,,National Agricultural Innovation Project,https://naip.icar.gov.in
,,National Agriculture Infra Financing Facility,https://agriinfra.dac.gov.in
,,National Agriculture Market Portal (NAM),https://www.enam.gov.in
,,National Bamboo Mission,https://nbm.da.gov.in
,,National Bee Board (NBB),https://nbb.gov.in
,,"National Bureau of Agriculturally Important Microorganisms (NBAIM), Bhanjan, Uttar Pradesh",https://nbaim.icar.gov.in
,,"National Bureau of Animal Genetic Resources (NBAGR), Karnal",https://nbagr.icar.gov.in
,,"National Bureau of Fish Genetic Resources (NBFGR), Lucknow",https://www.nbfgr.res.in
,,National Centre for Cold-Chain Development (NCCD),https://nccd.gov.in
,,National Centre for Integrated Pest Management (NCIPM),https://ncipm.icar.gov.in
,,National Centre of Organic and Natural Farming,https://nconf.dac.gov.in
,,National Co-operative Development Corporation (NCDC),https://www.ncdc.in
,,National Council for Co-operative Training (NCCT),https://www.ncct.ac.in
,,"National Dairy Research Institute, Karnal",https://ndri.res.in
,,National Food Security Mission,https://nfsm.gov.in
,,National Horticulture Board (NHB),https://nhb.gov.in
,,"National Horticulture Mission, Maharashtra",https://hortnet.gov.in
,,National Institute of Agricultural Marketing (NIAM),https://ccsniam.gov.in
,,National Institute of Plant Health Management (NIPHM),https://niphm.gov.in
,,National Institute of Public Cooperation and Child Development (NIPCCD),https://nipccd.nic.in
,,National Mission on Oilseeds and Oil Palm (NMOOP),https://nmeo.dac.gov.in
,,National Portal on Mechanization and Technology,https://farmech.dac.gov.in
,,National Seeds Corporation Limited (NSC),https://indiaseeds.com
,,"Netaji Subhas Regional Institute of Cooperative Management (NSRICM), Kalyani",https://www.nsricm.com
,,"North Eastern Farm Machinery Training and Testing Institute, Chariali",https://nerfmtti.nic.in
,,"North Eastern Regional Agricultural Marketing Corporation Ltd (NERAMAC), Guwahati",https://neramac.com
,,"Odisha Agro Industries Corporation Limited, Odisha",https://odishaagro.nic.in
,,Pradhan Mantri Kisan Samman Nidhi (PM-KISAN),https://pmkisan.gov.in
,,Pradhan Mantri Krishi Sinchayee Yojana (PMKSY),https://pmksy.gov.in
,,"Project Management Information System, Bihar",https://rcdonline.bih.nic.in
,,"Protection of Plant Varieties and Farmers Rights Authority, New Delhi",https://www.plantauthority.gov.in
,,"Pune Branch of WIRC, The Institute of Chartered Accountants of India (ICAI)",https://www.puneicai.org
,,Participatory Guarantee System &#40;PGS&#41; for India,https://pgsindia-ncof.gov.in
,,Pradhan Mantri Fasal Bima Yojana: Crop Insurance Portal,https://pmfby.gov.in
,,Pradhan Mantri Kisaan Maan-dhan Yojana (PM-KMY),https://pmkmy.gov.in
,,"Punjab Remote Sensing Centre (PRSC), Ludhiana, Punjab",https://prsc.gov.in
,,"Punjab State Seed Certification Authority, Punjab",https://pssca.punjab.gov.in
,,"RYTHU BANDHU (Agriculture Investment Support Scheme), RYTHU BIMA (Farmer's Insurance), Telangana",https://rythubandhu.telangana.gov.in
,,"Rainfall Recording and Analysis, Department of Agriculture, Maharashtra",https://maharain.maharashtra.gov.in
,,Rani Lakshmi Bai Central Agricultural University,https://www.rlbcau.ac.in
,,Rashtriya Krishi Vikas Yojana (RKVY),https://rkvy.da.gov.in
,,"Registrar of Co-operative Societies, Gujarat",https://rcs.gujarat.gov.in
,,"Registrar of Cooperative Societies, Arunachal Pradesh",https://cooparun.nic.in
,,"Registrar of Cooperative Societies, Assam",https://rcs.assam.gov.in
,,"Seed Authentication, Traceability and Holistic Inventory (SATHI)",https://seedtrace.gov.in/ms014
,,"SeedNet India Portal-National Initiative for Information on Quality Seeds, New Delhi",https://seednet.gov.in
,,"Sericulture Department, Manipur",https://serimanipur.nic.in
,,"Sericulture Department, Tamil Nadu",https://tnsericulture.tn.gov.in
,,Soil Health Card,https://soilhealth.dac.gov.in
,,Soil and Land Use Survey of India,https://slusi.da.gov.in
,,Southern Region Farm Machinery Training and Testing Institute,https://srfmtti.dacnet.nic.in
,,State Public Procurement Portal of Assam,https://sppp.assam.gov.in/#/en
,,"State Wetland Authority, Haryana",https://swa.haryana.gov.in
,,Technology Mission for Developement of Horticulture in North Eastern and Himalayan States,https://tmnehs.gov.in
,,"Telangana Kisan Portal, Telangana",https://kisan.telangana.gov.in
,,"The Haryana State CO-OP Apex Bank Ltd., Haryana",https://www.harcobank.org.in
,,"The Registrar of Cooperative Societies, Odisha",https://rcsodisha.nic.in
,,"The Tamil Nadu Agricultural University (TNAU), Tamil Nadu",https://agritech.tnau.ac.in
,,"Tripura Farmers Portal & Kisan Call Center (KCC), Tripura",https://farmersportal.tripura.gov.in
,,Unified Portal for Agriculture Statistics,https://upag.gov.in
,,Unified Tool for Concurrent Feedback on Krishi Schemes,https://utckarsh.gov.in
,,"Uttar Pradesh State Cooperative Society Election Commission, Uttar Pradesh",https://upscec.gov.in
,,"Vasantrao Naik Marathwada Krishi Vidyapeeth, Parbhani , Maharashtra",https://www.vnmkv.ac.in
,,"Vegetable and Fruit Promotion Council Keralam, Kerala",https://www.vfpck.org
,,"e-Demonstration Portal, Odisha",https://odishaagridemo.nic.in
,,"e-Mausam Krishi Sewa, CCS Haryana Agricultural University, Hisar, Haryana",https://emausamhau.gov.in
,,mKisan,https://www.mkisan.gov.in
Animal_Husbandry_Fishing,https://igod.gov.in/sector/_RNsIHQBsvhI6u6Q3tfu/organizations,,
,,"Agriculture, Animal Husbandry and Cooperative Department, Jharkhand",https://agri.jharkhand.gov.in
,,"Animal Husbandary Department, Chhattisgarh",https://agriportal.cg.nic.in/ahd
,,"Animal Husbandry & Veterinary Services Department, Goa",https://www.ahvs.goa.gov.in
,,Animal Husbandry Infrastructure Development Fund (AHIDF),https://ahidf.udyamimitra.in
,,Animal Quarantine and Certification Service Station (AQCS),https://aqcsindia.gov.in
,,"Animal,Sheep Husbandry and Fisheries Department, Jammu and Kashmir",https://jkash.nic.in
,,"Animal/Sheep Husbandry Department, Ladakh",https://ladakh.nic.in/animal-sheep-husbandry
,,Bihar Animal Sciences University (BASU),https://www.basu.org.in
,,"Central Institute of Coastal Engineering for Fishery, Bangalore",https://cicef.gov.in
,,Central Institute of Fisheries Nautical and Engineering Training,https://cifnet.gov.in
,,"Central Sheep Breeding Farm, Hisar",https://csbfhsr.com
,,Coastal Aquaculture Authority,https://caa.gov.in
,,Committee Control and Supervision of Experiments on Animals,https://ccsea.gov.in
,,Department of Fisheries,https://dof.gov.in
,,"Directorate of Coldwater fisheries Research, Uttarakhand",https://www.dcfr.res.in
,,"Directorate of Sheep Husbandry Jammu, Jammu and Kashmir",https://sheepjammu.nic.in
,,"Directorate of Sheep Husbandry Kashmir, Jammu and Kashmir",https://jksheephusbandrykashmir.nic.in
,,"Fisheries Department, Andhra Pradesh",https://fisheries.ap.gov.in
,,"Fisheries Department, Maharashtra",https://fisheries.maharashtra.gov.in
,,"Fisheries Department, West Bengal",https://www.wbfisheries.in
,,"Fishery Survey of India (FSI), Mumbai",https://fsi.gov.in
,,"Gopalan-Dairy (RCDF), Rajasthan",https://sarasmilkfed.rajasthan.gov.in
,,"Gujarat Co - operative Milk Marketing Federation Limited (AMUL), Gujarat",https://amul.com
,,"Gujarat Veterinary Council, Gandhinagar, Gujarat",https://gvc.org.in
,,"Guru Angad Dev Veterinary and Animal Sciences University (GADVASU), Ludhiana Punjab",https://www.gadvasu.in
,,"HP Aquaculture, Fishing and Marketing Society, Himachal Pradesh, India",https://himachal.nic.in/index.php?lang=1&dpt_id=228
,,"Haryana Gau Seva Aayog, Haryana",https://hargauseva.gov.in
,,"Haryana State Biodiversity Board, Haryana",https://sbb.haryanaforest.gov.in
,,"ICAR-Central Institute of Fisheries Technology (CIFT), Cochin",https://www.cift.res.in
,,ICAR-National Institute of High Security Animal Diseases,https://www.nihsad.nic.in
,,"ICAR-National Research Center on Meat, Hyderabad",https://nrcmeat.icar.gov.in
,,"Krishi Vigyan Kendra (ICAR), Papum-Pare, Arunachal Pradesh",https://kvkpapumpare.nic.in
,,"Madhya Pradesh Road Development Corporation Ltd. (MPRDC), Madhya Pradesh",https://mprdc.gov.in
,,"Madhya Pradesh State Cooperative Dairy Federation Limited (MPCDF), Bhopal, Madhya Pradesh",https://sanchidairy.com
,,"Maharashtra Animal and Fishery Sciences University, Maharashtra",https://www.mafsu.in
,,"Ministry of Fisheries, Animal Husbandry and Dairying",https://dahd.nic.in
,,"National Dairy Development Board (NDDB), Anand",https://www.nddb.coop
,,"National Fisheries Development Board (NFDB), Hyderabad",https://nfdb.gov.in
,,"National Institute of Fisheries Post Harvest Technology and Training (NIFPHATT), Kochi",https://nifphatt.gov.in
,,"National Research Center on Camel (NRCC), Bikaner",https://nrccamel.icar.gov.in
,,"P.V. Narsimha Rao Telangana Veterinary University, RajendraNagar, Hyderabad, Telangana",https://tsvu.nic.in
,,"Paschim Banga Go-Sampad Bikash Sanstha (PBGSBS), West Bengal",https://pbgsbs.gov.in
,,"Rajasthan University of Veterinary and Animal Sciences, Bikaner, Rajasthan",https://www.rajuvas.org
,,"Regional Station for Forage Production and Demonstration, Pahadi Sharif",https://rsfpdhyd.nic.in
,,"Sericulture Department, Manipur",https://serimanipur.nic.in
,,"Sri Venkateswara Veterinary University, Tirupati, Andhra Pradesh",https://svvu.edu.in
,,"State Wetland Authority, Haryana",https://swa.haryana.gov.in
,,"System for Easy and Legal Issuance of Fuel Permit and Fuel, Kerala",https://self.kerala.gov.in
,,"U.P. Pandit Deen Dayal Upadhyaya pashu Chikitsa Vigyan Vishwavidyalaya Evam Go Anusandhan Sansthan (DUVASU), Uttar Pradesh",https://www.upvetuniv.edu.in
,,Veterinary Council of India (VCI),https://vci.dahd.gov.in
,,"Veterinary and Animal Husbandry Department, Telangana",https://vahd.telangana.gov.in
,,"West Bengal Cooperative Milk Producers Federation Ltd., West Bengal",https://www.benmilk.com
Art_Culture,https://igod.gov.in/sector/DxNsIHQBsvhI6u6Q3tju/organizations,,
,,"Allahabad Museum, Prayagraj",https://theallahabadmuseum.com
,,Anthropological Survey of India,https://ansi.gov.in
,,Archaeological Survey of India (ASI),https://asi.nic.in
,,"Archaeological Survey of India (ASI), Bhopal",https://asibhopal.nic.in
,,"Archaeological Survey of India (ASI), Agra Circle",https://www.asiagracircle.in
,,"Archaeological Survey of India (ASI), Chennai Circle",https://asichennai.gov.in
,,Archaeological Survey of India Jabalpur Circle,https://asijabalpur.gov.in
,,"Archaeological Survey of India, Jaipur Circle",https://asijaipurcircle.nic.in
,,"Archaeology Department, Kerala",https://www.archaeology.kerala.gov.in
,,"Archaeology Department, Tamil Nadu",https://www.tnarch.gov.in
,,"Archives Department, Kerala",https://www.keralaarchives.org
,,"Art and Culture Department, Tamil Nadu",https://artandculture.tn.gov.in
,,"Asiatic Society, Kolkata",https://www.asiaticsocietykolkata.org
,,Azadi Ka Amrit Mahotsav,https://amritmahotsav.nic.in
,,Bharat Rang Mahotsav,https://www.brm.nsd.gov.in
,,Central Institute of Classical Tamil (CICT),https://www.cict.in
,,"Central Institute of Higher Tibetan Studies, Sarnath",https://www.cihts.ac.in
,,Central Reference Library,https://www.crlindia.gov.in
,,Chalo India,https://www.chaloindia.gov.in
,,"Cultural Affairs Department, Assam",https://culturalaffairs.assam.gov.in
,,"Culture Department, Ladakh",https://ladakh.nic.in/culture-department
,,"Delhi Archives Department, Delhi",https://delhiarchives.delhi.gov.in
,,Delhi Public Library,https://dpl.gov.in
,,"Directorate of Archives, Archaeology and Museums, Jammu and Kashmir",https://jkarchives.nic.in
,,"Directorate of Culture, Kerala",https://culturedirectorate.kerala.gov.in
,,Dr. Ambedkar International Centre,https://daic.gov.in
,,Ek Bharat Shreshtha Bharat,https://ekbharat.gov.in
,,Gandhi Smriti and Darshan Samiti (GSDS),https://gandhismriti.gov.in
,,"Goa State Museum, Goa",https://goamuseum.gov.in
,,"Gopal Narayan Public Library, Bharatpura, Bihar",https://www.bharatpuralibrary.org
,,"Harekrushna Mahatab State Library, Odisha",https://hkmsl.gov.in
,,"Hindu Religious & Charitable Endowments Department, Tamil Nadu",https://hrce.tn.gov.in/hrcehome/index.php
,,"Hindu Religious Institutions And Charitable Endowments Department, Karnataka",https://itms.kar.nic.in/hrcehome/index.php
,,Indian Culture Portal,https://indianculture.gov.in
,,"Indian Museum, Kolkata",https://indianmuseumkolkata.org
,,Indira Gandhi Rashtriya Manav Sangrahalaya,https://igrms.gov.in
,,"Jawahar Kala Kendra, Rajasthan",https://jkk.artandculture.rajasthan.gov.in
,,"Kannada Development Authority, Karnataka",https://kannadapraadhikaara.karnataka.gov.in
,,"Kannada Sahitya Parishat, Karnataka",https://kannadasahithyaparishattu.in
,,"Kerala Kalamandalam, Kerala",https://www.kalamandalam.ac.in
,,Khuda Bakhsh Oriental Public Library,https://kblibrary.bih.nic.in
,,"Krishnadas Shama, Goa State Central Library, Panaji, Goa",https://centrallibrary.goa.gov.in
,,"Lalit Kala Akademi, New Delhi",https://lalitkala.gov.in
,,"Language Department, Delhi",https://language.delhi.gov.in
,,"Maharashtra Film, Stage & Cultural Development Corporation Limited, Dadasaheb Phalke Chitranagari, Filmcity, Mumbai, Maharashtra",https://www.filmcitymumbai.org
,,Mera Gaon Meri Dharohar,https://mgmd.gov.in
,,Meri Maati Mera Desh,https://merimaatimeradesh.gov.in
,,Must See Indian Heritage,https://asimustsee.nic.in
,,"NOC Online Application and Processing System, National Monuments Authority",https://nmanoc.gov.in
,,National Archives of India,https://nationalarchives.nic.in
,,National Council of Science Museums (NCSM),https://ncsm.gov.in
,,National Culture Fund (NCF),https://ncf.nic.in
,,National Handicrafts and Handlooms Museum-Crafts Museum,https://nationalcraftsmuseum.nic.in
,,National Library,https://nli.gov.in
,,National Mission for Manuscripts,https://www.namami.gov.in
,,National Monuments Authority (NMA),https://nma.gov.in
,,"National Museum, New Delhi",https://nationalmuseumindia.gov.in
,,National Museum Institute (NMI),https://nmi.gov.in
,,National School of Drama,https://nsd.gov.in
,,"National Science Centre, Delhi",https://nscd.gov.in
,,"Nava Nalanda Mahavihara, Nalanda",https://www.nnm.ac.in
,,"Nehru Memorial Museum and Library (NMML), New Delhi",https://indianculture.gov.in/MoCorganization/nehru-memorial-museum-and-library
,,"Nehru Science Centre, Mumbai",https://nehrusciencecentre.gov.in
,,North Central Zone Cultural Centre (NCZCC),https://indianculture.gov.in/MoCorganization/north-central-zone-cultural-centre
,,"North Eastern Handicrafts And Handlooms Development Corporation Ltd., (NEHHDC), Guwahati",https://nehhdc.com
,,North Zone Cultural Center,https://www.culturenorthindia.com
,,"Odia Virtual Academy (OVA), Bhubaneswar, Odisha",https://ova.gov.in
,,"Office of Resident Commissioner, West Bengal",https://rcwb.in
,,PM Mementos,https://pmmementos.gov.in
,,Pradhan Mantri Sangrahalaya,https://www.pmsangrahalaya.gov.in
,,"Punjabi Academy, Delhi",https://punjabiacademy.delhi.gov.in
,,Raja Rammohun Roy Library Foundation (RRRLF),https://rrrlf.gov.in
,,"Regional Science Center, Bhopal",https://rscbhopal.gov.in
,,"SABARIMAMA - Sree Dharma Sastha Temple, Kerala",https://www.sabarimala.kerala.gov.in
,,Sahitya Akademi,https://www.sahitya-akademi.gov.in
,,"Salar Jung Museum, Hyderabad",https://www.salarjungmuseum.in
,,"Shree Jagannath Temple, Puri, Odisha",https://www.shreejagannatha.in
,,"Sindhi Academy, Delhi",https://sindhiacademy.delhi.gov.in
,,"South Central Zone Cultural Center, Nagpur",https://www.sczcc.gov.in
,,"Sri Veera Venkata Satyanaryana Swamy Vari Devasthanam, Annavaram, Andhra Pradesh",https://annavaramdevasthanam.nic.in
,,"State Central Library, Kerala",https://statelibrary.kerala.gov.in
,,"Temple Survey Project, Archaeological Survey of India (ASI), Bhopal",https://tspasibhopal.nic.in
,,UTSAV-India a Land of Festivals,https://utsav.gov.in
,,"Victoria Memorial Hall, kolkata",https://www.victoriamemorial-cal.org
,,"West Bengal Information & Cultural Centre (WBICC), West Bengal",https://wbicc.in
,,Writings and Speeches of Babasaheb DR. B.R. Ambedkar,https://baws.in
,,"e-Abhilekhagar (Uttar Pradesh State Archives), Uttar Pradesh",https://uparchives.up.nic.in
,,"e-Granthalaya - A Digital Agenda for Library Automaion and Networking, Himachal Pradesh",https://himachalservices.nic.in/hplib
,,"eGov Applications, Archaeological Survey of India (ASI)",https://asiegov.gov.in
Chemicals_Fertilizers,https://igod.gov.in/sector/AhNsIHQBsvhI6u6Q3tju/organizations,,
,,Bengal Chemicals and Pharmaceuticals Limited (BCPL),https://bengalchemicals.co.in
,,Biological Research Regulatory Approval Portal,https://biorrap.gov.in
,,"Brahmaputra Cracker and Polymer Limited (BCPL), Guwahati",https://bcplonline.co.in
,,Brahmaputra Valley Fertilizer Corporation Limited (BVFCL),https://bvfcl.com
,,"CHEMEXCIL-Basic Chemicals, Cosmetics and Dyes Export Promotion Council",https://chemexcil.in
,,Central Institute of Plastics Engineering and Technology (CIPET),https://www.cipet.gov.in
,,Fertilizers and Chemicals Travancore Limited (FACT),https://fact.co.in
,,"Gujarat Narmada Valley Fertilizers & Chemicals Limited, Gujarat",https://www.gnfc.in
,,Hindustan Insecticides Limited (HIL),https://www.hil.gov.in
,,Hindustan Organic Chemicals Limited (HOCL),https://www.hoclindia.com
,,Indian Medicines Pharmaceutical Corporation Limited (IMPCL),https://impclmohan.nic.in
,,Krishak Bharati Cooperative Limited (KRIBHCO),https://www.kribhco.net
,,"Laboratory for Advanced Research in Polymeric Materials (LARPM), CIPET",https://www.larpm.gov.in
,,Madras Fertilizers Limited (MFL),https://madrasfert.co.in
,,National Chemical Laboratory (NCL),https://www.ncl.res.in
,,National Fertilizers Limited (NFL),https://www.nationalfertilizers.com
,,National Pharmaceutical Pricing Authority (NPPA),https://www.nppaindia.nic.in
,,Orissa Drugs and Chemicals Limited,https://odcl.nic.in
,,Pharmaceuticals Export Promotion Council of India (PHARMEXCIL),https://pharmexcil.com
,,Projects and Development India Limited (PDIL),https://www.pdilin.com
,,Ramagundam Fertilizers and Chemicals Limited (RFCL),https://www.rfcl.co.in
,,Rashtriya Chemicals and Fertilizers Limited (RCF),https://www.rcfltd.com
,,Talcher Fertilizer LTD. (TFL),https://tflonline.co.in
,,"Urban Sector, Rajasthan",https://urban.rajasthan.gov.in
,,e-Urvarak,https://urvarak.nic.in
Coal_Mine,https://igod.gov.in/sector/ABNsIHQBsvhI6u6Q3tju/organizations,,
,,Bharat Coking Coal Limited (BCCL),https://www.bcclweb.in
,,Central Coalfields Limited (CCL),https://www.centralcoalfields.in/ind/index_h.php
,,"Central Institute of Mining and Fuel Research (CIMFR), Jharkhand",https://www.cimfr.nic.in
,,"Central Mine Planning and Design Institute Limited, Ranchi",https://www.cmpdi.co.in/index.php?lang=Eng
,,Coal India Limited (CIL),https://www.coalindia.in
,,Coal Mines Provident Fund Organisation (CMPFO),https://cmpfo.gov.in
,,Directorate General of Mines Safety (DGMS),https://www.dgms.gov.in
,,"Directorate of Geology & Mining, Uttar Pradesh",https://dgmup.gov.in
,,"Directorate of Mines and Geology, Goa",https://dmg.goa.gov.in
,,Eastern Coal Fields Limited,https://www.easterncoal.nic.in
,,FCI Aravali Gypsum and Minerals India Limited (FAGMIL),https://fagmil.nic.in
,,Hindustan Copper Limited (HCL),https://www.hindustancopper.com
,,Indian Bureau of Mines,https://ibm.gov.in
,,"J&K Minerals Limited, Jammu and Kashmir",https://www.jandkminerals.in
,,Jawaharlal Nehru Aluminium Research Development and Design Centre (JNARDDC),https://jnarddc.gov.in
,,Mahanadi Coalfields Limited,https://www.mahanadicoal.in
,,"Mineral Concessionaires Registration System, Indian Bureau of Mines",https://ibmreg.nic.in
,,Mineral Exploration Corporation Limited (MECL),https://mecl.co.in
,,Minerals and Metals Trading Corporation Limited (MMTC),https://mmtclimited.gov.in
,,"Mining and Geology Department, Kerala",https://dmg.kerala.gov.in
,,NLC India Limited (NLCIL),https://www.nlcindia.in
,,National Aluminium Company Limited (NALCO),https://nalcoindia.co.in
,,National Geoscience Data Repository,https://geodataindia.gov.in
,,Northern Coalfields Limited,https://www.nclcil.in
,,Science and Technology Research in Coal and Lignite Sector,https://scienceandtech.cmpdi.co.in
,,Single Window Clearance System gateway for Operationalization of Coal Mines,https://swcs.coal.gov.in/admin
,,South Eastern Coalfields Limited (SECL),https://secl-cil.in
,,TAMRA Web Portal,https://tamra.gov.in
,,"Tamilnadu Magnesite Limited (TANMAG), Tamil Nadu",https://tanmag.org
,,"The Kerala Minerals and Metals Limited, Kerala",https://www.kmml.com
Commerce_Industry,https://igod.gov.in/sector/BBNsIHQBsvhI6u6Q3tju/organizations,,
,,Agricultural and Processed Food Products Export Development Authority,https://apeda.gov.in
,,Apparel Export Promotion Council,https://www.aepcindia.com/node
,,Automotive Research Association of India (ARAI),https://www.araiindia.com
,,Automotive Skills Development Council (ASDC),https://www.asdc.org.in
,,"Basic Tasar Silkworm Seed Organisation (BTSSO), Bilaspur",https://www.btsso.org
,,Bharat Heavy Electricals Limited (BHEL),https://trichy.bhel.com
,,Bharat Heavy Electricals Limited (BHEL) - Power Sector Eastern Region (PSER),https://pser.bhel.com
,,"Bharat Heavy Electricals Limited (BHEL), Electronics Division, Bangalore",https://edn.bhel.com
,,"Bharat Heavy Electricals Limited (BHEL), Haridwar",https://hwr.bhel.com
,,"Bharat Heavy Electricals Limited (BHEL), Power Sector Western Region, Nagpur",https://www.bhelpswr.co.in
,,"Bharat Heavy Electricals Limited(BHEL), Bhopal",https://bpl.bhel.com
,,"Bharat Heavy Electricals Limited, Jhansi",https://jhs.bhel.com
,,"Bharat Pumps and Compressors Limited, Allahabad",https://www.bpcnaini.co.in
,,Bhartiya Vastra evam Shilpa Kosh,https://www.vastrashilpakosh.in
,,"Bicholim Government Industrial Training Institute, Goa",https://itibicholim.goa.gov.in
,,Biju Patnaik National Steel Institute,https://www.bpnsi.org
,,Birds Jute and Exports Limited,https://birdsjute.in
,,Braithwaite Burn and Jessop Construction Company Limited,https://www.bbjconst.com
,,Braithwaite and Co Limited,https://www.braithwaiteindia.com
,,Bridge and Roof Company (India) Limited,https://www.bridgeroof.co.in
,,Capital Goods Skill Council (CGSC),https://www.cgsc.in
,,Cement Corporation of India Limited (CCI),https://www.cciltd.in
,,Central Cottage Industries Corporation of India Limited,https://www.cottageemporium.in
,,"Central Electrical Testing Laboratory (CETL), Kakkalur, Tamil Nadu",https://cetl.tn.gov.in
,,"Central Footwear Training Institute, Chennai",https://www.cftichennai.in
,,"Central Institute of Hand Tools, Jalandhar",https://ciht.in
,,"Central Institute of Tool Design (CITD), Hyderabad",https://www.citdindia.org
,,Central Manufacturing Technology Institute (CMTI),https://cmti.res.in
,,"Central Pulp and Paper Research Institute (CPPRI), Saharanpur",https://cppri.res.in
,,Central Research Institute for Jute and Allied Fibres (CRIJAF),https://crijaf.icar.gov.in
,,Central Silk Board,https://csb.gov.in
,,"Central Tool Room and Training Center, Kolkata",https://www.msmetoolroomkolkata.com
,,"Central Tool Room and Training Centre (MSME Tool Room), Bhubaneswar",https://www.cttc.gov.in
,,Central Wool Development Board,https://woolboard.nic.in
,,Chief Commissioner CGST and CE Ranchi Zone Patna,https://cgstranchizone.bih.nic.in
,,"Chief Minister Employment Generation Programme, Maharashtra",https://maha-cmegp.gov.in
,,Cluster Development Programme,https://cluster.dcmsme.gov.in
,,Cochin Special Economic Zone (CSEZ),https://csez.com
,,Coir Board Services,https://coirservices.gov.in
,,"Commerce & Industries Department, Chhattisgarh",https://industries.cg.gov.in
,,"Commissioner for Cooperation and Registrar, Cooperative Societies (CC and RCS), Pune, Maharashtra",https://sahakarayukta.maharashtra.gov.in
,,"Commissioner of Cottage & Rural Industries, Gujarat",https://cottage.gujarat.gov.in
,,"Commissionerate of Industries & Commerce, Assam",https://industriescom.assam.gov.in
,,"Controller General of Patents, Designs and Trade Marks",https://ipindia.gov.in
,,Cotton Corporation of India Limited (CCI),https://cotcorp.org.in
,,Cotton Textiles Export Promotion Council,https://www.texprocil.org
,,Council for Leather Exports (CLE),https://leatherindia.org
,,"Credit Guarantee Fund Trust for Micro and Small Enterprise (CGTMSE), Mumbai",https://www.cgtmse.in
,,Customs Brokers Licensing and Management System,https://cblms.gov.in
,,"DBT Input Odisha (Need Based), Odisha",https://dbtinputodisha.nic.in
,,Delhi Khadi and Village Industries Board,https://dkvib.delhi.gov.in
,,Department for Promotion of Industry and Internal Trade,https://dpiit.gov.in
,,"Department of Mines and Geology, Andhra Pradesh",https://www.mines.ap.gov.in
,,"Department of Textiles, Maharashtra",https://mahatextile.maharashtra.gov.in/en
,,Development Commissioner,https://dcmsme.gov.in
,,"Development and Facilitation Office, Ludhiana",https://www.msmedildh.gov.in
,,"Development and Facilitation Office, Thrissur",https://www.msmedithrissur.gov.in
,,"Development and Facilitation Office, Patna",https://msmedipatna.gov.in
,,"Development and Facilitation Office, Nagpur",https://msmedinagpur.gov.in
,,"Development and Facilitation Office, Mumbai",https://msmedimumbai.gov.in
,,"Development and Facilitation Office, Dimapur",https://dcdi-dimapur.gov.in
,,"Development and Facilitation Office, Ahmedabad",https://msmediahmedabad.gov.in
,,"Development and Facilitation Office, Dimapur",https://dcdi-dimapur.gov.in
,,"Development and Facilitation Office, Ahmedabad",https://msmediahmedabad.gov.in
,,"Development and Facilitation Office, Agra",https://msmediagra.gov.in
,,"Development and Facilitation Office, Guwahati",https://msmedi-guwahati.gov.in
,,"Development and Facilitation Office, Agartala",https://msmedi-agartala.nic.in
,,DigiReady Certification Portal,https://digiready.qcin.org
,,"Director General, Geology and Mining, Nagpur, Maharashtra",https://mahadgm.gov.in
,,Directorate General Of Trade Remedies,https://www.dgtr.gov.in
,,Directorate General of Commercial Intelligence and Statistics,https://dgciskol.gov.in
,,Directorate General of Foreign Trade (DGFT),https://www.dgft.gov.in
,,"Directorate General of Married Accommodation Project (DG MAP), Delhi",https://dgmap.gov.in
,,Directorate General of Performance Management,https://dgpm.gov.in
,,"Directorate Of Geology & Mining, Mizoram",https://dgmr.mizoram.gov.in
,,"Directorate of Boilers, West Bengal",https://wbboilers.gov.in
,,Directorate of Economics and Statistics (DES),https://desagri.gov.in
,,"Directorate of Export Promotion & Marketing, Odisha",https://depmodisha.nic.in
,,"Directorate of Handlooms and Textiles, Kerala",https://www.handloom.kerala.gov.in
,,"Directorate of Industries and Commerce, Kashmir, Jammu and Kashmir",https://industrieskashmir.nic.in
,,"Directorate of Industries and Enterprise Promotion, Uttar Pradesh",https://msme.up.gov.in
,,"Directorate of Micro, Small & Medium Enterprises, West Bengal",https://wbmsme.gov.in
,,"Directorate of Mines and Minerals, West Bengal",https://dmm.gov.in
,,"Directorate of Printing and Stationery, Uttar Pradesh",https://dpsup.up.gov.in
,,"Directorate of Supplies and Disposals, Haryana",https://dsndharyana.gov.in
,,"Directorate of Tea, Assam",https://tea.assam.gov.in
,,"Directorate of Textiles (Handlooms, Spinning Mills, Silk Weaving & Handloom Based Handicrafts Division), West Bengal",https://www.westbengalhandloom.org
,,"Directorate of Textiles, Maharashtra",https://dirtexmah.gov.in
,,"Directorate of industries, Uttarakhand",https://www.doiuk.org
,,"Directorates of Factories and Boilers, Kerala",https://www.fabkerala.gov.in
,,"District Industries Centre (DIC), Puducherry",https://dic.py.gov.in
,,EEPC India,https://www.eepcindia.org
,,Economic Diplomacy Division,https://indbiz.gov.in
,,Engineering Projects (India) Ltd.,https://epi.gov.in
,,Engineers India Limited (EIL),https://engineersindia.com
,,"Excise Department, Ladakh",https://ladakh.nic.in/excise-department
,,"Excise Department, Sikkim",https://excise.sikkim.gov.in/Portal_New_Default.aspx
,,Export Credit Guarantee Corporation of India Limited (ECGC),https://www.ecgcltd.in
,,Export Hubs,https://exporthubs.gov.in
,,Export Inspection Council (EIC),https://www.eicindia.gov.in/WebApp1
,,"Export Promotion Bureau, Uttar Pradesh",https://epbupindia.in
,,Export Promotion Council for EOUs and SEZs (EPCES),https://www.epces.in
,,FAME-India,https://www.fame-india.gov.in
,,"Factories Department, Telangana",https://tsfactories.cgg.gov.in
,,Falta Special Economic Zone (FSEZ),https://fsez.gov.in
,,Federation of Indian Export Organisation,https://www.fieo.org
,,"Ferro Scrap Nigam Limited (FSNL), Chhattigarh",https://fsnl.nic.in
,,Foreign Investment Facilitation Portal (FIFP),https://fifp.gov.in
,,"GO CARE - CSR Administration and Responsive Engagement, Odisha",https://csr.odisha.gov.in
,,"Geology and Mining Department, Jammu and Kashmir",https://geominjk.nic.in
,,"Global Indices for Reforms & Growth (GIRG), NITI Aayog",https://girg.gov.in
,,"GoalMart ??e-Commerce Portal, Assam",https://goalmart.co.in
,,"Golkonda Handicrafts by Telangana State Handicrafts Development Corporation Ltd., Andhra Pradesh",https://golkondacrafts.telangana.gov.in
,,Goods and Services Tax (GST),https://www.gst.gov.in
,,"Gorakhpur Industrial Development Authority (GIDA), Uttar Pradesh",https://gidagkp.in
,,"Government Receipt Accounting System, Jammu and Kashmir",https://jkgras.jktreasury.gov.in
,,Government e-Marketplace (GeM),https://gem.gov.in
,,"Gujarat Agro Industries Corporation, Gujarat",https://gaic.gujarat.gov.in
,,"Gujarat Infrastructure Development Board (GIDB), Gujarat",https://www.gidb.org
,,Gujarat Mineral Research Development Society (GMRDS),https://www.gmrds.gujarat.gov.in
,,"Gujarat State Handloom & Handicrafts Development Corporation Ltd., Gujarat",https://garvigurjari.gujarat.gov.in
,,HMT (International) Limited,https://www.hmti.com
,,HMT Limited,https://www.hmtindia.com
,,HMT Machine Tools Ltd.,https://www.hmtmachinetools.com
,,Handicrafts and Handlooms Export Corporation Limited,https://www.hhecworld.com
,,"Handicrafts, Textile and Coir Department, Goa",https://www.dhtc.goa.gov.in
,,"Handloom Development Schemes, Development Commissioner for Handlooms",https://handlooms.nic.in
,,Heavy Engineering Corporation Limited (HEC),https://www.hecltd.com
,,"Himachal Pradesh General Industries Corporation Ltd. (HPGIC), Himachal Pradesh",https://www.hpgic.co.in
,,Hindustan Paper Corporation Ltd.,https://www.hindpaper.in
,,Hindustan Salts Limited,https://www.indiansalt.com
,,Hindustan Steel Works Construction Limited (HSCL),https://hsclindia.in
,,"IIFCL Project Limited (IPL), India Infrastructure Finance Company Limited (IIFCL), New Delhi",https://www.iifclprojects.in
,,"India International Convention and Expo Centre (IICC), New Delhi",https://www.iiccnewdelhi.com
,,India Investment Grid,https://indiainvestmentgrid.gov.in
,,India Trade Promotion Organisation (ITPO),https://www.indiatradefair.com
,,IndiaHandmade,https://www.indiahandmade.com
,,Indian Diamond Institute,https://diamondinstitute.net
,,Indian Handicrafts Portal,https://indian.handicrafts.gov.in
,,Indian Institute of Corporate Affairs,https://iica.nic.in
,,Indian Institute of Foreign Trade (IIFT),https://www.iift.ac.in
,,"Indian Institute of Handloom and Textile Technology - Kannur, Kerala",https://iihtkannur.ac.in
,,Indian Oilseed and Produce Export Promotion Council (IOPEPC),https://iopepc.org
,,"Indian Rubber Materials Research Institute (IRMRI), Thane",https://irmri.org
,,"Indo German Tool Room, Indore",https://www.igtr-indore.com
,,"Indo German Tool Room, Aurangabad",https://www.igtr-aur.org
,,"Indo German Tool Room (IGTR), Ahmedabad",https://www.igtrahd.com
,,"Indore Special Economic Zone, Madhya Pradesh",https://indoresez.gov.in
,,"Industrial Extension Cottage, Gujarat",https://craftofgujarat.gujarat.gov.in
,,"Industrial water Consumption & Revenue Collection Monitoring, Odisha",https://industrialwaterod.nic.in
,,"Industries & Commerce Department, Ladakh",https://industries.ladakh.gov.in
,,"Industries Commissionerate, Gujarat",https://ic.gujarat.gov.in
,,"Industry, Commerce & Enterprises Department, West Bengal",https://wbindustries.gov.in
,,Insolvency and Bankruptcy Board of India (IBBI),https://ibbi.gov.in
,,"Inspectorate of Factories & Boilers, Goa",https://ifbgoa.goa.gov.in
,,"Institute for Design of Electrical Measuring Instruments, Mumbai",https://idemi.org
,,"Instrumentation Limited, Jaipur",https://ilkota.in
,,"Integral Coach Factory, Chennai",https://icf.indianrailways.gov.in
,,Invest India,https://www.investindia.gov.in
,,"Invest in Meghalaya, Government of Meghalaya",https://investmeghalaya.gov.in
,,Invest in Odisha,https://investodisha.gov.in
,,Investor Education And Protection Fund Authority,https://www.iepfportal.in
,,Investor Education and Protection Fund Authority (IEPFA),https://www.iepf.gov.in
,,"Investor Facilitation Portal (IFP), Gujarat",https://ifp.gujarat.gov.in
,,"Jamabandi, Land Records, Haryana",https://jamabandi.nic.in
,,"Jammu and Kashmir Entrepreneurship Development Institute, Jammu and Kashmir",https://jkedi.org
,,Joint Plant Committee (JPC),https://jpcindiansteel.nic.in
,,Jute Corporation of India Limited (JCI),https://www.jutecorp.in
,,Jute Mark India Scheme,https://trace-textiles.gov.in
,,Kandla Special Economic Zone (KSEZ),https://kasez.gov.in
,,"Kerala Industrial and Technical Consultancy Organisation (KITCO), Kerala",https://www.kitco.in
,,"Kerala Small Industries Development Corporation Ltd. (SIDCO), Kerala",https://www.keralasidco.com
,,"Kerala State Industrial Development Corporation Ltd., Kerala",https://www.ksidc.org
,,"Kerala State Nirmithi Kendra (KESNIK), Kerala",https://statenirmithi.kerala.gov.in
,,Khadi and Village Indutries Commission (KVIC),https://www.kvic.gov.in
,,Knowledge Integration for Technology Enrichment,https://kite.iitm.ac.in
,,Kudremukh Iron Ore Company Limited (KIOCL),https://kioclltd.in
,,"Legal Metrology Online Management System Portal, Kerala",https://lmoms.kerala.gov.in
,,MSME - Testing Centre,https://tc.dcmsme.gov.in
,,"Madhya Pradesh Commercial Tax Appellate Board, Madhya Pradesh",https://www.mpctab.mp.gov.in
,,"Madhya Pradesh Laghu Udyog Nigam, Madhya Pradesh",https://mplun.mpmsme.gov.in
,,Madras Special Economic Zone (MEPZ),https://www.mepz.gov.in
,,"Maharashtra Industry, Trade and Investment Facilitation Cell, Maharashtra",https://maitri.mahaonline.gov.in
,,Make in India-A National Program designed to transform India into a global manufacturing hub,https://www.makeinindia.com
,,Manganese Ore (India) Limited (MOIL),https://moil.nic.in
,,Marine Products Export Development Authority (MPEDA),https://mpeda.gov.in
,,"Metal Scrap Trade Corporation Limited (MSTC), New Delhi",https://www.mstcindia.co.in
,,Micro Units Development and Refinance Agency (MUDRA),https://www.mudra.org.in
,,"Mining and Permit Department, Kerala",https://www.portal.dmg.kerala.gov.in
,,"Ministry of Micro, Small & Medium Enterprises",https://msme.gov.in
,,My MSME-Ease of Doing Business,https://my.msme.gov.in
,,NEPA Limited,https://www.nepamills.co.in
,,NIRYAT - National Import-Export Record for Yearly Analysis of Trade,https://niryat.gov.in
,,National Buildings Construction Corporation Limited (NBCC),https://nbccindia.in
,,National CSR Exchange Portal,https://csrxchange.gov.in
,,National Company Law Appellate Tribunal (NCLAT),https://nclat.gov.in
,,National Company Law Tribunal (NCLT),https://nclt.gov.in
,,National Corporate Social Responsibility Data Portal (CSR),https://csr.gov.in
,,National Council for Cement and Building Materials (NCCBM),https://www.ncbindia.com
,,"National Council of Applied Economic Research (NCAER), New Delhi",https://www.ncaer.org
,,National Financial Reporting Authority (NFRA),https://nfra.gov.in
,,National Handloom Development Corporation Limited (NHDC),https://www.nhdc.org.in
,,"National Industrial Corridor Development Corporation (NICDC), New Delhi",https://www.nicdc.in
,,"National Institute for Micro, Small and Medium Enterprises",https://www.nimsme.org
,,"National Institute for Micro, Small and Medium Enterprises",https://www.nimsme.gov.in
,,National Institute of Design (NID),https://www.nid.edu
,,"National Institute of Design, Andhra Pradesh",https://www.nid.ac.in
,,"National Institute of Design, Haryana",https://www.nidh.ac.in
,,"National Institute of Design, Assam",https://nidj.ac.in
,,"National Institute of Foundry and Forge Technology (NIFFT), Hatia",https://nifft.ac.in
,,National Jute Board,https://www.jute.com
,,National Jute Manufactures Corporation Limited (NJMC),https://njmc.org.in
,,National Metallurgist Award Scheme,https://awards.steel.gov.in
,,National Mineral Exploration Trust (NMET),https://nmet.gov.in
,,National Productivity Council (NPC),https://www.npcindia.gov.in
,,National Single Window System for Business Approvals,https://www.nsws.gov.in
,,National Small Industries Corporation Limited (NSIC),https://www.nsic.co.in
,,National Technical Textile Mission,https://nttm.texmin.gov.in
,,National Textile Corporation Limited (NTC),https://www.ntcltd.org
,,"New Central Sector Scheme for Industrial Development, Jammu and Kashmir",https://jknis.dpiit.gov.in
,,Noida Special Economic Zone (NSEZ),https://nsez.gov.in
,,"Notified Area Authority, Vapi, Gujarat",https://naavapi.gov.in
,,"Odisha Computer Application Centre (OCAC), Odisha",https://www.ocac.in
,,Office of Development Commissioner for Handicrafts,https://handicrafts.nic.in
,,Office of Development Commissioner for Handlooms,https://handlooms.gov.in
,,Office of Offical Liquidator,https://olkarnataka.kar.nic.in
,,Office of the Economic Adviser,https://eaindustry.nic.in
,,Office of the Jute Commissioner,https://jutecomm.gov.in
,,Office of the Salt Commissioner,https://saltcomindia.gov.in
,,Office of the Textile Commissioner,https://ipowertexindia.gov.in
,,"Office of the Zonal Additional DGFT, Chennai",https://zjdgft.tn.nic.in
,,"Online Mining Services, Uttar Pradesh",https://upminemitra.in
,,"Paschim Banga Resham Shilpi Samabaya Mahasangha Ltd., West Bengal",https://www.reshamshilpi.in
,,Patiala Locomotive Works,https://plw.indianrailways.gov.in
,,Petroleum and Explosives Safety Organisation (PESO),https://peso.gov.in
,,Pipavav Railway Corporation Limited,https://pipavavrailway.com
,,Production Linked Incentive,https://pli.texmin.gov.in
,,Project Exports Promotion Council of India (PEPC),https://www.projectexports.com
,,"Puducherry Distilleries Limited (PDL), Puducherry",https://www.pdlindia.in
,,Quality Council of India,https://qcin.org
,,Rajasthan Electronics and Instruments Ltd.,https://www.reiljp.com
,,Rashtriya Ispat Nigam Limited (RINL),https://www.vizagsteel.com
,,Registrar of Companies (ROC),https://www.mca.gov.in/MinistryV2/registrarofcompanies.html
,,"Registration and Stamps, Commercial Taxes Department, Madhya Pradesh",https://ctd.tn.gov.in
,,Rubber Board,https://rubberboard.gov.in
,,SAMADHAAN,https://samadhaan.msme.gov.in
,,Samanvay - Knowledge Management Portal for CPSEs,https://samanvay.cpse.in
,,"SanRachna, a digitally enabled platform",https://sanrachna.bhel.in/home
,,"Santa Cruz Special Economic Zone (SEEPZ), Mumbai",https://seepz.gov.in
,,"Sardar Vallabhbhai Patel International School of Textiles and Management, Coimbatore",https://www.svpistm.ac.in
,,Scheme for Capacity Building In Textile Sector (Samarth),https://samarth-textiles.gov.in
,,Sericulture Information Linkages and Knowledge System (SILKS),https://silks.csb.gov.in
,,Serious Fraud Investigation Office (SFIO),https://www.sfio.nic.in
,,"Services Export Promotion Council, Gurgaon",https://www.servicesepc.org
,,"Shellac and Forest Products Export Promotion Council (SHEFEXIL), Kolkata",https://www.shefexil.org
,,"Silpasathi - The ??evamped State Single Window Portal, West Bengal",https://silpasathi.wb.gov.in
,,Singareni Collieries Company Limited (SCCL),https://scclmines.com
,,"Single Window Clearance System (Industries), Rajasthan",https://swcs.rajasthan.gov.in
,,"Single Window Clearance System, Himachal Pradesh",https://emerginghimachal.hp.gov.in
,,Standing Conference of Public Enterprises (SCOPE),https://scopeonline.in
,,Startup India Seed Fund Scheme,https://seedfund.startupindia.gov.in
,,"Startup Odisha Portal, Odisha",https://startupodisha.gov.in
,,State Trading Corporation of India Limited (STCI),https://stclimited.co.in
,,Steel Authority of India Limited (SAIL),https://www.sail.co.in
,,"Surat Special Economic Zone, Gujarat",https://www.sursez.com
,,"TamilNadu Industrial Development Corporation Ltd., Tamil Nadu",https://tidco.com
,,"Tamilnadu News Print And Papers Ltd. (TNPL), Tamil Nadu",https://www.tnpl.com
,,"Tamilnadu Trade Promotion Organization (TNTPO), Tamil Nadu",https://www.chennaitradecentre.org
,,"Tea Board of India, Kolkata",https://www.teaboard.gov.in
,,TechNovuus ARAI,https://technovuus.araiindia.com
,,Technotex 2023,https://www.technotexindia.in
,,"Testing Centre, Okhla",https://msme-tc-nr.gov.in
,,"Testing Centre, Mumbai",https://msmetcmumbai.gov.in
,,"Testing Centre, Kolkata",https://rtcer.gov.in
,,Textiles Committee,https://textilescommittee.nic.in
,,"The Agricultural Promotion and Investment Corporation of Odisha Limited (APICOL), Odisha",https://apicol.nic.in
,,"The Centre for Entrepreneurship Development, Gujarat",https://www.ced.gujarat.gov.in
,,"The Tamilnadu Handloom Weavers Co-operative Society Ltd. (Co-optex), Tamil Nadu",https://www.cooptex.gov.in
,,Tobacco Board,https://tobaccoboard.com
,,"Tool Room (Indo-Danish Tool Room), Jamshedpur",https://www.idtr.gov.in
,,"Tool Room Training Center (Extension Center), Patna",https://patna.idtr.gov.in
,,"Traco Cable Company Limited, Kerala",https://www.tracocable.com
,,Trade Connect Portal,https://www.trade.gov.in
,,"Travancore Titanium Products Limited, Kerala",https://travancoretitanium.com
,,"Tripura Natural Gas Company Ltd. (TNGCL), Tripura",https://tngclonline.com
,,Udyam Assist Platform,https://udyamassist.gov.in
,,Udyam Parichay online Portal,https://udyamregistration.gov.in
,,Udyog Aadhaar,https://udyogaadhaar.gov.in
,,"Uttarakhand Handloom & Handicraft Development Council, Uttarakhand",https://uttarakhandcrafts.com
,,"Visvesvaraya Trade Promotion Centre, Karnataka",https://vtpc.karnataka.gov.in
,,Wool and Woollens Export Promotion Council (WWEPC),https://wwepcindia.com
,,Workshop Projects Organisation (Patna),https://wpo.indianrailways.gov.in
,,"Zoram Infrastructure and Industrial Development Corporation Limited (ZIDCO), Mizoram",https://zidco.mizoram.gov.in
,,"e-MSME Seva, Odisha",https://odishamsme.nic.in
,,"e-ManeC ??e-Marketing Network, Chhattisgarh",https://emanec.cg.gov.in
,,e-Yachika Portal,https://eyachikadelhicustoms.gov.in
,,"eProcurement System, Indian Ordnance Factories",https://ofbeproc.gov.in
,,"eXtended Green Node, Gujarat Pollution Control Board, Gujarat",https://gpcbxgn.gujarat.gov.in
,,"iNDEXTb - Industrial Extension Bureau, Virtual Exhibition Portal, Gandhinagar, Gujarat",https://indextb.com
Communications_Information_Technology,https://igod.gov.in/sector/ERNsIHQBsvhI6u6Q3tju/organizations,,
,,".IN Registry, National Internet eXchange of India (NIXI)",https://www.registry.in
,,AP Postal Circle,https://vijayawadapost.gov.in
,,API Setu,https://apisetu.gov.in
,,"Aaple Sarkar DBT Portal (Direct Benefit Transfer), Maharashtra",https://mahadbt.maharashtra.gov.in
,,Abhilekh Patal,https://www.abhilekh-patal.in/jspui
,,Advanced Level Telecommunication Training Centre (ALTTC),https://www.alttc.bsnl.co.in
,,"Andaman And Nicobar State Centre, National Informatics Centre (NIC)",https://andaman.nic.in
,,Andaman and Nicobar Telecom Circle,https://andaman-nicobar.bsnl.co.in
,,"Andhra Pradesh State Centre, National Informatics Centre (NIC)",https://ap.nic.in
,,Andhra Pradesh Telecom Circle,https://ap.bsnl.co.in
,,"Anuvaad, Web Service Text Translation",https://anuvaad.bhashini.gov.in
,,"Arunachal Pradesh State Centre, National Informatics Centre (NIC)",https://arunachal.nic.in
,,"Assam State Centre, National Informatics Centre (NIC)",https://assam.nic.in
,,Assam Telecom Circle,https://assam.bsnl.co.in
,,BSNL - North East-I Telecom Circle,https://ne1.bsnl.co.in
,,BSNL Odisha Circle,https://odisha.bsnl.co.in
,,BSNL Portal - Online Payments and Recharge,https://portal.bsnl.in
,,Bengal Chemicals and Pharmaceuticals Limited,https://pharmaceuticals.gov.in/bengal-chemicals-pharmaceuticals-limited
,,Bharat 5G Portal,https://www.bharat5glabs.gov.in
,,Bharat Broadband Network Limited (BBNL),https://bbnl.nic.in
,,Bharat Maps,https://bharatmaps.gov.in
,,"Bharat Ratna Bhim Rao Ambedkar Institute of Telecom Training (BRBRAITT), Jabalpur",https://brbraitt.bsnl.co.in
,,Bharat Sanchar Nigam Limited Portal (BSNL),https://www.bsnl.co.in
,,Bharat6G Alliance,https://bharat6galliance.com
,,Bhashini: National Public Digital Platform for languages,https://bhashini.gov.in/en
,,"Bihar State Centre, National Informatics Centre (NIC)",https://bihar.nic.in
,,"Bihar State Electronics Development Corporation Limited, Beltron, Patna",https://bsedc.bihar.gov.in
,,Bihar Telecom Circle,https://bihar.bsnl.co.in
,,Biometric Attendance System-Delhi Central (BAS),https://attendance.gov.in
,,CBSE Exam Results,https://cbseresults.nic.in
,,CHAVI-Comprehensive Archive of Imaging in Oncology,https://chavi.ai
,,Calcutta Telephones,https://kolkata.bsnl.co.in
,,Center for Excellence in Postal Technology (CEPT),https://cept.gov.in
,,Central Bureau of Communication (CBC),https://cbcindia.gov.in
,,Central Information Commission (CIC),https://cic.gov.in
,,Centre for Development of Advanced Computing (C-DAC),https://www.cdac.in
,,Centre for Development of Telematics (C-Dot),https://www.cdot.in
,,"Centre for Research and Industrial Staff Performance, Madhya Pradesh",https://crispindia.com
,,"Chandigarh State Centre, National Informatics Centre (NIC)",https://nicchandigarh.nic.in
,,Chennai Telephones,https://www.chennai.bsnl.co.in
,,Chhattisgarh Infotech Promotional Society (CHIPS),https://www.chips.gov.in
,,Chhattisgarh Postal Circle,https://www.cgpost.gov.in
,,"Chhattisgarh State Centre, National Informatics Centre (NIC)",https://chhattisgarh.nic.in
,,Chips to Startup (C2S),https://c2s.gov.in
,,"Commissionerate of Taxes, Finance, Assam",https://comtax.assam.gov.in
,,Common Services Centers Scheme (CSC),https://csc.gov.in
,,"Computer Proficiency Certification Test (CPCT), Madhya Pradesh",https://www.cpct.mp.gov.in
,,Content Management Framework (CMF) for Government Websites,https://cmf.gov.in
,,"Controller General Of Communication Accounts, Andhra Pradesh",https://cgca.gov.in/ccaap
,,Controller of Certifying Authorities (CCA),https://cca.gov.in
,,"Controller of Communication Accounts (CCA), Uttarakhand",https://cgca.gov.in/ccauk
,,"Controller of Communication Accounts, Uttar Pradesh (East), Lucknow",https://cgca.gov.in/ccaupeast
,,"Controller of Communication Accounts, Uttar Pradesh (West)",https://cgca.gov.in/ccaw/address
,,"Controller of Communication Accounts, Punjab",https://cgca.gov.in/ccapb
,,CyCord Portal,https://cycord.gov.in
,,"Cyber Swachhta Kendra, Gujarat",https://www.cyberswachhtakendra.gov.in
,,"Delhi State Centre, National Informatics Centre (NIC)",https://del.nic.in
,,"Department of IT & Electronics, Government of Uttar Pradesh",https://upite.gov.in
,,Design Linked Incentive (DLI),https://chips-dli.gov.in/DLI/HomePage
,,"Dhirubhai Ambani Institute of Information and Communication Technology, Gandhinagar, Gujarat",https://www.daiict.ac.in
,,DigiBunai CAD Software,https://digibunai.dic.gov.in
,,DigiDhan Dashboard,https://digipay.gov.in/dashboard/Default.aspx
,,"DigiLocker-Dedicated personal storage space, linked to residentas Aadhaar number",https://digitallocker.gov.in
,,Digital Communication Innovation Square,https://dcis.dot.gov.in
,,Digital Gujarat,https://www.digitalgujarat.gov.in
,,Digital India Awards,https://digitalindiaawards.india.gov.in
,,Digital India Corporation,https://dic.gov.in
,,Digital India Internship,https://dii.nic.in
,,Digital India Programme,https://digitalindia.gov.in
,,Digital India Video Yantriki Application (DIVYA),https://divya.gov.in
,,Digital Locker Authority (DLA),https://dla.gov.in
,,"Direct Benefit Transfer, Tripura",https://dbttripura.gov.in
,,Directorate of Film Festivals,https://dff.nic.in
,,"Directorate of Information & Public Relation, Punjab",https://ipr.punjab.gov.in
,,"Directorate of Information Technology, Electronics & Communication, Assam",https://ditec.assam.gov.in
,,"Directorate of Information Technology, Tripura",https://dit.tripura.gov.in
,,Directorate of Postal Life Insurance,https://pli.indiapost.gov.in
,,"Domain Name Registration Services under AC.IN, EDU.IN and RES.IN - ERNET India",https://www.registry.ernet.in
,,E-book of 75 Digital Solutions From NIC,https://75dsn.nic.in
,,"EMC Division, SAMEER Center for Electromagnetics",https://emc-lab.appspot.com
,,Electronic Procurement (GePNIC),https://gepnic.gov.in
,,"Electronics  Information Technology  Biotechnology and Science and Technology Department, Karnataka",https://itbtst.karnataka.gov.in
,,GOV.IN Registration Services,https://registry.gov.in
,,GREENE-An E-Waste Awareness Initiative,https://greene.gov.in
,,GatiShakti Sanchar Portal,https://gatishaktisanchar.gov.in
,,"Goa State Centre, National Informatics Centre (NIC)",https://nicgoa.nic.in
,,Guidelines for Indian Government Websites (GIGW),https://guidelines.india.gov.in
,,"Gujarat Informatics Limited (GIL), Gujarat",https://gil.gujarat.gov.in
,,"Gujarat State Centre, National Informatics Centre (NIC)",https://guj.nic.in
,,"Gujarat State Wide Area Network (GSWAN), Gujarat",https://gswan.gujarat.gov.in
,,Haryana Postal Circle,https://haryanapost.gov.in
,,"Haryana State Centre, National Informatics Centre (NIC)",https://nicharyana.nic.in
,,Himachal Pradesh Telecom Circle,https://hp.bsnl.co.in
,,ICAR-Central Institute of Fisheries Education,https://www.cife.edu.in
,,INDIAai-Central hub for everything Artificial Intelligence (AI) in India and beyond,https://indiaai.gov.in
,,"Independence Day Celebrations, 15th August",https://independenceday.nic.in
,,India Innovation Centre for Graphene (IICG),https://www.graphenecentre.in
,,India Semiconductor Mission (ISM),https://ism.gov.in
,,Indian Computer Emergency Response Team (CERT-In),https://www.cert-in.org.in
,,Indian Cybercrime Coordination Centre (I4C),https://i4c.mha.gov.in
,,Indian Language Data Centre (ILDC),https://www.ildc.in
,,Indian Telephone Industries Limited (ITI),https://www.itiltd.in
,,Informatics - NIC Newsletter,https://informatics.nic.in
,,Information Security Education and Awareness (ISEA),https://www.isea.gov.in
,,"Information Technology Department, Delhi",https://it.delhi.gov.in
,,"Information Technology Park, Chennai (TIDEL Park), Tamil Nadu",https://www.tidelpark.com
,,"Information and Publicity Department, Karnataka",https://dipr.karnataka.gov.in
,,"Integrated e-Procurement Portal, Chhattisgarh",https://eproc.cgstate.gov.in
,,"Jammu and Kashmir State Centre, National Informatics Centre (NIC)",https://jk.nic.in
,,Jammu and Kashmir Telecom Circle,https://jandk.bsnl.co.in
,,"Jharkhand State Centre, National Informatics Centre (NIC)",https://nicjharkhand.nic.in
,,Jharkhand Telecom Circle,https://jharkhand.bsnl.co.in
,,Karnataka Postal Circle,https://www.karnatakapost.gov.in
,,"Karnataka State Centre, National Informatics Centre (NIC)",https://karnataka.nic.in
,,Karnataka Telecom Circle,https://karnataka.bsnl.co.in
,,Kerala Postal Circle,https://www.keralapost.gov.in
,,"Kerala State Centre, National Informatics Centre (NIC)",https://kerala.nic.in
,,Kerala Telecom Circle,https://kerala.bsnl.co.in
,,"Ladakh Heli Services, Ladakh",https://heliservice.ladakh.gov.in
,,"Lakshadweep Information Technology Services Society (LITSS), Lakshadweep",https://litss.utl.gov.in
,,"Lakshadweep State Centre, National Informatics Centre (NIC)",https://utl.nic.in/directory
,,"M.P. State Electronics Development Corporation Ltd., Madhya Pradesh",https://mpsedc.mp.gov.in
,,Madhya Pradesh Postal Circle,https://mppost.gov.in
,,"Madhya Pradesh State Centre, National Informatics Centre (NIC)",https://mpstate.nic.in
,,Madhya Pradesh Telecom Circle,https://mp.bsnl.co.in
,,"Mahanagar Telephone Nigam Limited (MTNL), Mumbai",https://mtnlmumbai.in
,,Maharashtra Postal Circle,https://mhpost.in
,,"Maharashtra State Centre, National Informatics Centre (NIC)",https://maharashtra.nic.in
,,Maharashtra Telecom Circle,https://maharashtra.bsnl.co.in
,,"Manipur State Centre, National Informatics Centre (NIC)",https://manipur.nic.in
,,"Meghalaya State Centre, National Informatics Centre (NIC)",https://meg.nic.in
,,"Mizoram State Centre, National Informatics Centre (NIC)",https://mizo.nic.in
,,"Mizoram State E-Governance Society, Mizoram",https://msegs.mizoram.gov.in
,,Mobile Seva-National Mobile Governance Initiative,https://mgov.gov.in
,,"Mobile Seva-National Mobile Governance Initiative, DeitY, Govt. of India",https://mobileseva.gov.in
,,MyGov Arunachal Pradesh,https://arunachal.mygov.in
,,MyGov Assam,https://assam.mygov.in
,,MyGov Chhattisgarh,https://chhattisgarh.mygov.in
,,MyGov Goa,https://goa.mygov.in
,,MyGov Gujarat,https://gujarat.mygov.in
,,MyGov Haryana,https://haryana.mygov.in
,,MyGov Himachal Pradesh,https://himachal.mygov.in
,,MyGov Jammu and Kashmir,https://jk.mygov.in
,,MyGov Jharkhand,https://jharkhand.mygov.in
,,MyGov Karnataka,https://karnataka.mygov.in
,,MyGov Ladakh,https://ladakh.mygov.in
,,MyGov Madhya Pradesh,https://mp.mygov.in
,,MyGov Maharashtra,https://maharashtra.mygov.in
,,MyGov Manipur,https://manipur.mygov.in
,,MyGov Mizoram,https://mizoram.mygov.in
,,MyGov Nagaland,https://nagaland.mygov.in
,,MyGov Rajasthan,https://rajasthan.mygov.in
,,MyGov Tamil Nadu,https://tamilnadu.mygov.in
,,MyGov Tripura,https://tripura.mygov.in
,,MyGov Uttar Pradesh,https://up.mygov.in
,,MyGov Uttarakhand,https://uttarakhand.mygov.in
,,NIC API Exchange Platform (NAPIX),https://napix.gov.in
,,"NIC, Central for Data Governance",https://cdg.nic.in
,,NIELIT-Online Student Information and Enrollment System,https://student.nielit.gov.in
,,"Nagaland State Centre, National Informatics Centre (NIC)",https://nagaland.nic.in
,,National Centre for Communication Security,https://nccs.gov.in
,,National Centre for Next Generation Network,https://www.tec.gov.in/next-generation-network-ngn-2
,,National Centre of Geo-Informatics,https://ncog.gov.in
,,National Conference on e-Governance,https://nceg.gov.in
,,National E-Governance Division (NEGD),https://negd.gov.in
,,National Government Cloud Services,https://ngc.gov.in
,,National Informatics Centre (NIC),https://www.nic.in
,,National Informatics Centre Services Incorporated (NICSI),https://nicsi.nic.in
,,National Institute of Communication Finance (NICF),https://www.nicf.gov.in
,,"National Institute of Electronics and Information Technology (NIELIT), Aurangabad",https://www.nielit.gov.in/aurangabad
,,"National Institute of Electronics and Information Technology (NIELIT), Shimla",https://www.nielit.gov.in/shimla
,,"National Institute of Electronics and Information Technology (NIELIT), Srinagar, Jammu",https://www.nielit.gov.in/srinagar
,,"National Institute of Electronics and Information Technology (NIELIT), Calicut",https://www.nielit.gov.in/calicut
,,"National Institute of Electronics and Information Technology (NIELIT), Imphal",https://www.nielit.gov.in/imphal
,,"National Institute of Electronics and Information Technology (NIELIT), Agartala",https://www.nielit.gov.in/agartala
,,"National Institute of Electronics and Information Technology (NIELIT), Guwahati",https://www.nielit.gov.in/guwahati
,,"National Institute of Electronics and Information Technology (NIELIT), Kolkata",https://www.nielit.gov.in/kolkata
,,"National Institute of Electronics and Information Technology (NIELIT), Shillong",https://www.nielit.gov.in/shillong
,,"National Institute of Electronics and Information Technology, Delhi",https://www.nielit.gov.in/delhi
,,"National Knowledge Network-Connecting Knowledge Institutions, New Delhi",https://nkn.gov.in
,,"National Telecommunications Institute for Policy Research, Innovation and Training (NTIPRIT)",https://ntiprit.gov.in
,,National Video Gateway of Bharat,https://navigatebharat.gov.in
,,Northern Telecom Project Circle,https://www.bsnl.co.in/opencms/bsnl/BSNL/circleweb/NTR
,,"Odisha State Centre, National Informatics Centre (NIC)",https://odisha.nic.in
,,"Online Consent Management & Monitoring System, Uttar Pradesh",https://upocmms.nic.in
,,"Online Recruitment , National Informatics Centre (NIC)",https://recruitment.nic.in
,,Online Telecom Consumer Complaints Monitoring System,https://tccms.trai.gov.in
,,"Open Government Data Portal, Sikkim",https://sikkim.data.gov.in
,,Open Government Platform (OGPL),https://www.opengovplatform.org
,,OpenForge - A platform for open collaborative software development of e-governance applications,https://openforge.gov.in
,,PM-WANI Central Registry,https://pmwani.gov.in/wani
,,Postal Training Centre (PTC),https://ptcmysore.gov.in
,,Presentation Gov: NIC,https://presentations.gov.in
,,"Punjab State Centre, National Informatics Centre (NIC)",https://pbsc.nic.in
,,"Rafi Ahmed Kidwai National Postal Academy (RAKNPA), Ghaziabad",https://raknpa.gov.in
,,"Rajasthan State Centre, National Informatics Centre (NIC)",https://raj.nic.in
,,Rajasthan Telecom Circle,https://rajasthan.bsnl.co.in
,,"Rajdharaa - Global Information System, Rajasthan",https://gis.rajasthan.gov.in
,,"Rath Jatra, Festival of Chariots at Puri",https://rathjatra.nic.in
,,"Regional Telecom Training centre (RTTC), Trivandrum",https://rttctvm.bsnl.co.in
,,"SANDES, Government Instant Messaging System",https://www.sandes.gov.in
,,SANVARDHAN,https://sanvardhan-post.gov.in
,,Sanchar Saathi Portal,https://sancharsaathi.gov.in
,,Saral Sanchar Portal,https://saralsanchar.gov.in
,,Semi-Conductor Laboratory,https://www.scl.gov.in
,,Semiconductor Integrated Circuits Layout Design Registry (SICLDR),https://sicldr.gov.in
,,"Sewasetu Portal, Assam",https://sewasetu.assam.gov.in
,,"Sikkim State Centre, National Informatics Centre (NIC)",https://sikkim.nic.in
,,"Software Technology Park of India (STPI), Guwahati, Assam",https://guwahati.stpi.in
,,"Software Technology Parks Of India (STPI), Gandhinagar, Gujarat",https://gandhinagar.stpi.in
,,"Software Technology Parks Of India (STPI), Noida, Uttar Pradesh",https://www.noida.stpi.in
,,Software Technology Parks of India (STPI),https://www.stpi.in
,,"Software Technology Parks of India (STPI), Bangalore, Karnataka",https://bengaluru.stpi.in
,,"Software Technology Parks of India (STPI), Bhubaneswar, Odisha",https://bhubaneswar.stpi.in
,,"Software Technology Parks of India (STPI), Chennai, Tamilnadu",https://www.chennai.stpi.in
,,"Software Technology Parks of India (STPI), Hyderabad",https://hyderabad.stpi.in
,,"Software Technology Parks of India (STPI), Kolkata, West Bengal",https://kolkata.stpi.in
,,"Software Technology Parks of India (STPI), Thiruvananthapuram, Kerala",https://thiruvananthapuram.stpi.in
,,Standardisation Testing and Quality Certification (STQC),https://www.stqc.gov.in
,,"State Common Entrance Test Cell, Maharashtra",https://cetcell.mahacet.org
,,Stay Safe Online,https://staysafeonline.in
,,SugamyaWeb,https://sugamyaweb.gov.in
,,"TICEL Biopark Ltd., Tamil Nadu",https://ticelbiopark.com
,,Tamil Nadu Postal Circle,https://www.tamilnadupost.nic.in
,,Tamil Nadu Telecom Circle,https://tamilnadu.bsnl.co.in
,,"Tamil Nadu e-Governance Agency, Tamil Nadu",https://tnega.tn.gov.in
,,"Tamilnadu Postal Circle, Tamil Nadu",https://tamilnadupost.cept.gov.in
,,Tarang Sanchar Portal,https://tarangsanchar.gov.in
,,Technology Development for Indian Languages (TDIL),https://tdil-dc.in
,,"Technopark, Thiruvananthapuram, Kerala",https://www.technopark.org
,,Tejas Portal,https://tejasvi.gov.in
,,"Telangana State Centre, National Informatics Centre (NIC)",https://ts.nic.in
,,Telecom Disputes Settlement and Appellate Tribunal (TDSAT),https://tdsat.gov.in
,,"Telecom Equipment and Services Export Promotion Council (TEPC), New Delhi",https://www.telecomepc.in
,,Telecom Regulatory Authority of India (TRAI),https://www.trai.gov.in
,,"Telecommunication Engineering Centre, New Delhi",https://www.tec.gov.in
,,"The Daily Telegrams, Andaman & Nicobar Islands",https://dt.andaman.gov.in
,,Trusted Telecom Portal,https://trustedtelecom.gov.in
,,Unified Mobile Application for New-age Governance (UMANG),https://web.umang.gov.in
,,Universal Service Obligation Fund (USOF),https://usof.gov.in
,,Uttar Pradesh (West) Telecom Circle,https://upw.bsnl.co.in
,,"Uttar Pradesh State Centre, National Informatics Centre (NIC)",https://up.nic.in
,,"Uttarakhand State Centre, National Informatics Centre (NIC)",https://uk.nic.in
,,Video Conferencing Services of NIC,https://vidcon.nic.in
,,Vikaspedia-India Development Gateway (InDG),https://vikaspedia.in
,,"Webcast Services of National Informatics Centre, DIT, Govt. of India",https://webcast.gov.in
,,West Bengal Postal Circle,https://westbengalpost.gov.in
,,"West Bengal State Centre, National Informatics Centre (NIC), West Bengal",https://wb.nic.in
,,West Bengal Telecom Circle,https://wb.bsnl.co.in
,,"e - District, Assam",https://edistrict.assam.gov.in
,,e-Granthalaya - A Digital Agenda for Library Automation and Networking,https://egranthalaya.nic.in
,,"e-Pramaan - Framework for e-Authentication by CDAC, MeitY",https://epramaan.gov.in
,,"eDistrict 2.0, West Bengal",https://edistrict.wb.gov.in
,,eGovernance Standards Portal,https://egovstandards.gov.in
,,ePARINAM,https://eparinam.gov.in
,,ePOST-send messages to any address in India by India Post,https://epost-indiapost.gov.in
,,ePost Office-India Post on Your Desktop,https://www.epostoffice.gov.in
,,"eProcurement System, Delhi",https://govtprocurement.delhi.gov.in
,,"eServices Portal, Arunachal Pradesh",https://eservice.arunachal.gov.in
,,eTaal-Electronic Transaction Aggregation and Analysis Layer,https://etaal.gov.in
Defence,https://igod.gov.in/sector/GhNsIHQBsvhI6u6Q3tju/organizations,,
,,"Advanced Weapons And Equipment India Limited (AWEIL), Kanpur",https://www.aweil.in
,,Aeronautical Development Agency,https://www.ada.gov.in
,,"Armed Forces Medical College (AFMC), Pune",https://afmc.nic.in
,,"Armed Forces Tribunal, Kolkata Bench, Kolkata",https://aftkolkata.nic.in
,,"Armoured Vehicles Nigam Limited (AVNL), Chennai",https://avnl.co.in
,,"Army Public School Trivandrum, Kerala",https://www.armyschooltrivandrum.in
,,Bharat Dynamics Limited (BDL),https://bdl-india.in
,,"Bharat Earth Movers Limited (BEML), Bangalore",https://www.bemlindia.in
,,"Bharat Electronics Limited (BEL), Bangalore",https://bel-india.in
,,Bharat Ke Veer,https://bharatkeveer.gov.in
,,"Border Protection and Development Department, Assam",https://bpdd.assam.gov.in
,,"Border Roads Organisation (BRO), New Delhi",https://bro.gov.in
,,"Bureau of Naviks (BUVIK), Indian Coast Guard",https://buvik.gov.in
,,"Cantonment Board, Allahabad",https://allahabad.cantt.gov.in
,,"Cantonment Board, Ahmedabad",https://ahmedabad.cantt.gov.in
,,"Cantonment Board, Ahmednagar",https://ahmednagar.cantt.gov.in
,,"Cantonment Board, Almora",https://almora.cantt.gov.in
,,"Cantonment Board, Ambala",https://ambala.cantt.gov.in
,,"Cantonment Board, Ajmer",https://ajmer.cantt.gov.in
,,"Cantonment Board, Agra",https://agra.cantt.gov.in
,,"Cantonment Board, Badamibagh",https://badamibagh.cantt.gov.in
,,"Cantonment Board, Aurangabad",https://aurangabad.cantt.gov.in
,,"Cantonment Board, Bakloh",https://bakloh.cantt.gov.in
,,"Cantonment Board, Babina",https://babina.cantt.gov.in
,,"Cantonment Board, Clementtown",https://clementtown.cantt.gov.in
,,"Cantonment Board, Barrackpore",https://barrackpore.cantt.gov.in
,,"Cantonment Board, Cannanore",https://cannanore.cantt.gov.in
,,"Cantonment Board, Dalhousie",https://dalhousie.cantt.gov.in
,,"Cantonment Board, Chakrata",https://chakrata.cantt.gov.in
,,"Cantonment Board, Danapur",https://danapur.cantt.gov.in
,,"Cantonment Board, Belgaum",https://belgaum.cantt.gov.in
,,"Cantonment Board, Bareilly",https://bareilly.cantt.gov.in
,,"Cantonment Board, Dagshai",https://dagshai.cantt.gov.in
,,"Cantonment Board, Fatehgarh",https://fatehgarh.cantt.gov.in
,,"Cantonment Board, Ayodhya",https://faizabad.cantt.gov.in
,,"Cantonment Board, Ferozepur",https://ferozepur.cantt.gov.in
,,"Cantonment Board, Dehradun",https://dehradun.cantt.gov.in
,,"Cantonment Board, Dehuroad",https://dehuroad.cantt.gov.in
,,"Cantonment Board, Deolali",https://deolali.cantt.gov.in
,,"Cantonment Board, Delhi",https://delhi.cantt.gov.in
,,"Cantonment Board, Jabalpur",https://jabalpur.cantt.gov.in
,,"Cantonment Board, Jalandhar",https://jalandhar.cantt.gov.in
,,"Cantonment Board, Jalapahar",https://jalapahar.cantt.gov.in
,,"Cantonment Board, Jutogh",https://jutogh.cantt.gov.in
,,"Cantonment Board, Jammu",https://jammu.cantt.gov.in
,,"Cantonment Board, Kanpur",https://kanpur.cantt.gov.in
,,"Cantonment Board, Kamptee",https://kamptee.cantt.gov.in
,,"Cantonment Board, Kasauli",https://kasauli.cantt.gov.in
,,"Cantonment Board, Lansdowne,",https://lansdowne.cantt.gov.in
,,"Cantonment Board, Lucknow",https://lucknow.cantt.gov.in
,,"Cantonment Board, Lebong",https://lebong.cantt.gov.in
,,"Cantonment Board, Meerut",https://meerut.cantt.gov.in
,,"Cantonment Board, Mhow",https://mhow.cantt.gov.in
,,"Cantonment Board, Nainital",https://nainital.cantt.gov.in
,,"Cantonment Board, Morar",https://morar.cantt.gov.in
,,"Cantonment Board, Nasirabad",https://nasirabad.cantt.gov.in
,,"Cantonment Board, Pachmarhi",https://pachmarhi.cantt.gov.in
,,"Cantonment Board, Ranikhet",https://ranikhet.cantt.gov.in
,,"Cantonment Board, Roorkee",https://roorkee.cantt.gov.in
,,"Cantonment Board, Ramgarh",https://ramgarh.cantt.gov.in
,,"Cantonment Board, Pune",https://pune.cantt.gov.in
,,"Cantonment Board, Shillong",https://shillong.cantt.gov.in
,,"Cantonment Board, Shahjahanpur",https://shahjahanpur.cantt.gov.in
,,"Cantonment Board, Secunderabad",https://secunderabad.cantt.gov.in
,,"Cantonment Board, Saugor",https://saugor.cantt.gov.in
,,"Cantonment Board, Subathu",https://subathu.cantt.gov.in
,,"Cantonment Board, Wellington",https://wellington.cantt.gov.in
,,"Cantonment Board, Varanasi",https://varanasi.cantt.gov.in
,,"Cantonment Board, Mathura",https://mathura.cantt.gov.in
,,"Cantonment Board, Aurangabad, Maharashtra",https://www.cbaurangabad.in
,,"Cantonment Board, Delhi",https://www.cbdelhi.in
,,"Cantonment Board, Deolali, Maharashtra",https://www.cbdeolali.org.in
,,"Cantonment Board, Kamptee, Maharashtra",https://cbkamptee.org
,,"Cantonment Board, St.Thomas Mount cum Pallavaram, Chennai",https://stm.cantt.gov.in
,,Cateen Stores Department,https://www.csdindia.gov.in
,,"Central Academy For Police Training, Madhya Pradesh",https://capt.gov.in
,,"Central Board Of Indirect Taxes and Customs (CGST and CE), Delhi",https://gstdelhizone.gov.in/west/contact-west.php
,,College of Defence Management,https://cdm.ap.nic.in
,,College of Defence Management,https://cdm.gov.in
,,"Controller General of Defence Accounts, New Delhi",https://cgda.nic.in
,,"Controller of Defence Accounts, Secunderabad",https://cdasecbad.ap.nic.in
,,"Controller of Defence Accounts (CDA), Patna",https://cdapatna.bihar.gov.in
,,"Controller of Defence Accounts, Chennai",https://cdachennai.nic.in
,,"Defence Exports Promotion, New Delhi",https://www.defenceexim.gov.in
,,"Defence Investor Cell, New Delhi",https://defenceinvestorcell.gov.in
,,"Defence Offsets Management Wing (DOMW), New Delhi",https://domw.gov.in
,,"Defence Services Staff College, Wellington",https://www.dssc.gov.in
,,Defence eProcurement Portal,https://defproc.gov.in
,,Department of Military Affairs (DMA),https://mod.gov.in/department-military-affairs
,,"Department of Sainik Welfare, Kerala",https://sainikwelfare.kerala.gov.in
,,"Director General of Defence Estates (DGDE), Delhi",https://www.dgde.gov.in
,,"Directorate General Resettlement (DGR), New Delhi",https://dgrindia.gov.in
,,"Directorate General of Aeronautical Quality Assurance (DGAQA), New Delhi",https://dgaeroqa.gov.in
,,"Directorate General of Quality Assurance (DGQA), Bangalore",https://www.dgqadefence.gov.in
,,"Directorate of Ordnance (Coordination and Services), Kolkata",https://ddpdoo.gov.in
,,Directorate of Public Relations,https://dprmod.gov.in
,,"Directorate of Standardisation, New Delhi",https://ddpdos.gov.in
,,"Ex-Servicemen Contributory Health Scheme (ECHS), New Delhi",https://echs.gov.in
,,Gallery of gallants - A Virtual Museum,https://gallantrymuseum.gov.in/home/homepage
,,"Gliders India Limited (GIL), Kanpur",https://www.glidersindia.in
,,"Guest House Booking Management System, Defence Accounts Department (DAD)",https://cgda.nic.in/adm/other_links/transitFacility.html
,,"Gun and Shell Factory, Cossipore",https://gsf.aweil.in
,,Headquarters Recruiting Zone Madhya Pradesh and Chhattisgarh,https://armyrecruitmentmp.nic.in
,,"Himalayan Mountaineering Institute (HMI), Darjeeling",https://hmidarjeeling.com
,,"Hindustan Aeronautics Limited, Bangalore",https://www.hal-india.co.in
,,"Hindustan Shipyard Limited, Visakhapatnam",https://www.hslvizag.in
,,"India Optel Limited (IOL), Dehradun",https://www.indiaoptel.in
,,"Indian Airforce, New Delhi",https://indianairforce.nic.in
,,Indian Army,https://indianarmy.nic.in
,,Indian Army Veterans Grievance Handling Portal,https://indianarmyveterans.gov.in
,,Indian Coast Guard,https://indiancoastguard.gov.in
,,Indian Naval Academy,https://ina.gov.in
,,Indian Naval Ship Valsura,https://www.indiannavy.nic.in/insvalsura
,,Indian Navy,https://indiannavy.nic.in
,,Indian Navy - Careers and Opportunities,https://www.joinindiannavy.gov.in
,,Innovations for Defence Excellence,https://idex.gov.in
,,"Kendriya Sainik Board Secretariat, New Delhi",https://online.ksb.gov.in
,,"Kendriya Sainik Board Secretariat, New Delhi",https://ksb.gov.in
,,"Maharshi Dayanand Saraswati University, Ajmer, Rajasthan",https://www.mdsuajmer.ac.in
,,"Make in India Defence Production, New Delhi",https://makeinindiadefence.gov.in
,,"Manohar Parrikar Institute for Defence Studies and Analyses (MP-IDSA), New Delhi",https://idsa.in
,,Military Engineering Service (MES),https://mes.gov.in
,,"Mishra Dhatu Nigam Limited (MIDHANI), Hyderabad",https://midhani-india.in
,,"Munitions India Limited (MIL), Pune",https://munitionsindia.in
,,NCC Alumni Association,https://nccauto.gov.in
,,"National Academy of Defence Financial Management (NADFM), Pune, Maharashtra",https://nadfm.nic.in
,,"National Academy of Defence Production (NADP), Nagpur",https://ddpdoo.gov.in/units/NADP
,,"National Defence Academy (NDA), Pune",https://ndacivrect.gov.in
,,National Defence Academy (NDA),https://nda.nic.in
,,"National Defence College (NDC), New Delhi",https://ndc.nic.in
,,"National Institute of Hydrography, Goa",https://indiannavy.nic.in/nih/home
,,"National Institute of Mountaineering and Adventure Sports, Dirang",https://nimasdirang.com
,,"Nehru Institute of Mountaineering (NIM), Uttarkashi",https://www.nimindia.net
,,"Police Department, UT of Dadra and Nagar Haveli and Daman and Diu",https://ddd.gov.in/police
,,Police Service Medal,https://policeservicemedals.gov.in
,,"Principal Controller of Accounts (Factories), Kolkata",https://pcafys.gov.in
,,"Principal Controller of Defence Accounts (Central Command), Lucknow",https://pcdacc.gov.in
,,"Principal Controller of Defence Accounts (Research and Development), Hyderabad",https://cdarndhyd.gov.in
,,"Principal Controller of Defence Accounts (Officers), Pune",https://pcdaopune.gov.in
,,"Principal Controller of Defence Accounts (Army), Pune",https://www.pcdasc.gov.in
,,Principal Controller of Defence Accounts (Navy),https://pcdanavy.gov.in
,,"Principal Controller of Defence Accounts (Southern Command), Pune",https://www.navodaya.gov.in/nvs/nvs-school/Beed/hi/about_us/About-JNV
,,"Principal Controller of Defence Accounts, Western Command, Changigarh",https://pcdawc.gov.in
,,"Rashtriya Indian Military College, Dehradun",https://rimc.gov.in
,,"Rashtriya Military School, Bangalore",https://www.rashtriyamilitaryschools.edu.in
,,"Recruitment And Assessment Centre (RAC), New Delhi",https://rac.gov.in
,,Retired Officers Digital Records Archive - Veteran Officers and Family Pensioners of Indian Army,https://rodra.gov.in
,,"Rifle Factory Ishapore, West Bengal",https://ddpdoo.gov.in/units/RFI
,,"Sainik School Society, New Delhi",https://sainikschoolsociety.in
,,Sashastra Seema Bal (SSB),https://www.ssb.gov.in
,,"Services Sports Control Board (SSCB), New Delhi",https://sscbindia.in
,,System for Advance Manufacturing Assessment and Rating,https://samar.gov.in
,,"Troop Comforts Limited (TCL), Kanpur",https://www.troopcomfortslimited.co.in
,,"Yantra India Limited (YIL), Nagpur",https://www.yantraindia.co.in
,,eProcurement Portal of Goa Shipyard Limited (GSL),https://eprocuregsl.nic.in
,,eProcurement Portal of Mishra Dhatu Nigam Limited (MIDHANI),https://eprocuremidhani.nic.in
Education_Training,https://igod.gov.in/sector/BRNsIHQBsvhI6u6Q3tju/organizations,,
,,"A & U Tibbia College & Hospital, Delhi",https://autch.delhi.gov.in
,,"A. C. Joshi Library, Panjab University, Chandigarh",https://www.library.puchd.ac.in
,,Academic Bank of Credits,https://www.abc.gov.in
,,"Acharya N. G. Ranga Agricultural University, Andhra Pradesh",https://angrau.ac.in
,,"Acharya Nagarjuna University, Andhra Pradesh",https://www.nagarjunauniversity.ac.in
,,"Acharya Narendra Dev College, Delhi",https://andcollege.du.ac.in
,,"Acharya Narendra Deva University of Agriculture & Technology, Ayodhya, Uttar Pradesh",https://www.nduat.org
,,Additional Skill Acquisition Programme (ASAP) Kerala,https://asapkerala.gov.in
,,"Administrative Training Institute (ATI), Mizoram",https://ati.mizoram.gov.in
,,"Administrative Training Institute, Meghalaya",https://mati.gov.in
,,"Administrative Training Institute, Nagaland",https://atingl.nic.in
,,"Admission Committee for Professional Medical Educational Courses, Gujarat",https://www.medadmgujarat.org
,,"Advanced Technical Training Centre (ATTC), Sikkim",https://www.attc.skmpoly.edu.in
,,"Alagappa University, Tamil Nadu",https://www.alagappauniversity.ac.in
,,Aligarh Muslim University (AMU),https://www.amu.ac.in
,,All India Council of Technical Education (AICTE),https://www.aicte-india.org
,,"All India Institute of Medical Sciences (AIIMS), New Delhi",https://www.aiims.edu
,,"All India Institute of Medical Sciences (AIIMS), Bhopal",https://www.aiimsbhopal.edu.in
,,"All India Institute of Medical Sciences (AIIMS), Bhubaneswar",https://aiimsbhubaneswar.nic.in
,,"All India Institute of Medical Sciences (AIIMS), Jodhpur",https://www.aiimsjodhpur.edu.in
,,"All India Institute of Medical Sciences (AIIMS), Patna",https://aiimspatna.edu.in
,,"All India Institute of Medical Sciences (AIIMS), Raipur",https://www.aiimsraipur.edu.in
,,"All India Institute of Medical Sciences (AIIMS), Rishikesh",https://aiimsrishikesh.edu.in
,,"All India Institutes of Medical Sciences (AIIMS), Bibinagar, Hyderabad",https://aiimsbibinagar.edu.in
,,All India Survey on Higher Education,https://aishe.gov.in
,,"Ambedkar Institute of Advanced Communication Technologies & Research, Delhi",https://ait.delhi.gov.in
,,"Anand Agricultural University, Gujarat",https://www.aau.in
,,"Andhra Pradesh Nurses ,Midwives ,Auxiliary Nurse-Midwives & Health Visitors Council",https://nmcouncil.ap.nic.in
,,Andhra University,https://www.andhrauniversity.edu.in
,,"Anna University Regional Campus (AURCM), Madurai, Tamil Nadu",https://www.autmdu.in
,,"Anna University Regional Campus - Tirunelveli, Tamil Nadu",https://www.auttvl.ac.in
,,"Annamalai University, Tamil Nadu",https://annamalaiuniversity.ac.in
,,Arunachal Pradesh Medical Council (India),https://arunapmc.nic.in
,,"Arunachal University of Studies (AUS), Arunachal Pradesh",https://www.arunachaluniversity.ac.in
,,Assam Administrative Staff College (AASC),https://aasc.assam.gov.in
,,Assam Agricultural University,https://www.aau.ac.in
,,Assam Engineering College (AEC),https://www.aec.ac.in
,,"Assam Institute of Management, Guwahati",https://www.aimguwahati.edu.in
,,Atal Ranking of Institutions on Innovation Achievements (ARIIA),https://ariia.gov.in
,,"Atomic Energy Central School-1, Mumbai, Maharashtra",https://aecsmum1.ac.in
,,"Auroville Foundation, Auroville",https://aurovillefoundation.org.in
,,"Baba Ghulam Shah Badshah University, Rajouri, Jammu and Kashmir",https://www.bgsbu.ac.in
,,Babasaheb Bhimrao Ambedkar Bihar University,https://www.brabu.net
,,Babasaheb Bhimrao Ambedkar University,https://www.bbau.ac.in
,,"Bachelor of Education Program, Delhi",https://bed.delhi.gov.in
,,"Banaras Hindu University, Varanasi",https://www.bhu.ac.in
,,"Bankura University, West Bengal",https://www.bankurauniv.ac.in
,,"Basic Education Department, Uttar Pradesh",https://rte25.upsdc.gov.in
,,"Berhampur University, Odisha",https://www.buodisha.edu.in
,,"Bhaderwah Campus, University of Jammu, Jammu and Kashmir",https://www.bhaderwahcampus.in
,,"Bhadrak Autonomous College, Odisha",https://bhadrakcollege.nic.in
,,"Bhagat Phool Singh Mahila Vishwavidyalaya, Haryana",https://bpsmv.digitaluniversity.ac
,,Bhakra Beas Management Board (BBMB),https://bbmb.gov.in
,,"Bhakta Kavi Narsinh Maheta University, Gujarat",https://www.bknmu.edu.in
,,Bharat Skills,https://bharatskills.gov.in
,,"Bharathiar Palkalaikoodam, Puducherry",https://bpk.py.gov.in
,,"Bharathiar University, Coimbatore, Tamil Nadu",https://b-u.ac.in
,,"Bharathidasan Government College for Women, Puducherry",https://bgcw.py.gov.in
,,"Bharathidasan Institute of Management (BIM), Tiruchirappalli, Tamil Nadu",https://www.bim.edu
,,"Bharathidasan University, Tiruchirappalli, Tamil Nadu",https://www.bdu.ac.in
,,"Bidhan Chandra Krishi Viswavidyalaya, Nadia, West Bengal",https://www.bckv.edu.in
,,"Bihar Agricultural University, Sabour",https://www.bausabour.ac.in
,,Bihar Board of Open Schooling & Examination,https://bboseonline.bih.nic.in/WP/BBOSE/Default.aspx
,,Bihar Education Project Council (BEPC),https://www.bepcssa.in/en
,,Bihar School Examination Board (BSEB),https://biharboardonline.bihar.gov.in
,,"Biju Patnaik University of Technology (BPUT), Odisha",https://www.bput.ac.in
,,"Bir Bikram Memorial College, Agartala, Tripura",https://bbmc.nic.in
,,"Birchandra State Central Library, Agartala, Tripura",https://bcscl.tripura.gov.in
,,"Birsa Agricultural University, Ranchi, Jharkhand",https://www.bauranchi.org
,,"Board of Apprenticeship Training, Northern Region",https://boatnr.org
,,"Board of Apprenticeship Training, Mumbai",https://boatwr.education.gov.in
,,"Board of Practical Training (BOPT), Easter Region",https://bopter.gov.in
,,"CCS Haryana Agricultural University, Hisar, Haryana",https://admissions.hau.ac.in
,,"COEP Technological University, Pune, Maharashtra",https://www.coep.org.in
,,"Center of BioMedical Research, Lucknow, Uttar Pradesh",https://cbmr.res.in
,,Central Board of Secondary Education (CBSE),https://cbse.gov.in
,,"Central Hindi Directorate, New Delhi",https://chd.education.gov.in
,,Central Institute of Buddhist Studies,https://cibs.ac.in/directors-desk
,,Central Institute of Educational Technology (CIET),https://ciet.ncert.gov.in
,,Central Institute of Fisheries Nautical and Engineering Training,https://cifnet.gov.in
,,Central Institute of Himalayan culture Studies (CIHCS),https://cihcs.edu.in
,,Central Institute of Indian Languages (CIIL),https://www.ciil.org
,,Central Institute of Medicinal and Aromatic Plants (CIMAP),https://www.cimap.res.in
,,Central Institute of Psychiatry (CIP),https://cipranchi.nic.in
,,"Central Muga Eri Research and Training Institute (CMER and TI), Lahdoigarh",https://cmerti.res.in
,,Central Plantation Crops Research Institute (CPCRI),https://cpcri.icar.gov.in
,,Central Sanskrit University,https://sanskrit.nic.in
,,"Central Seat Allocation Board (CSAB), Joint Entrance Examination (Main)",https://csab.nic.in
,,Central Secretariat Library (CSL),https://csl.nic.in
,,"Central Sericultural Research and Training Institute (CSRTI), Berhampore",https://www.csrtiber.res.in
,,"Central Sericultural Research and Training Institute (CSRTI), Mysore",https://www.csrtimys.res.in
,,"Central Silk Technological Research Institute (CSTRI), Bangalore",https://cstri.res.in
,,"Central Tasar Research and Training Institute, Ranchi",https://ctrti.res.in
,,Central Tribal University of Andhra Pradesh,https://www.ctuap.ac.in
,,Central University Portal,https://cup.ugc.ac.in
,,Central University of Bihar (CUB),https://www.cusb.ac.in
,,"Central University of Gujarat, Gandhinagar, Gujarat",https://www.cug.ac.in
,,Central University of Haryana,https://www.cuh.ac.in
,,Central University of Himachal Pradesh,https://www.cuhimachal.ac.in
,,"Central University of Jammu, Jammu and Kashmir",https://www.cujammu.ac.in
,,"Central University of Jharkhand, Jharkhand",https://www.cuj.ac.in
,,Central University of Karnataka,https://www.cuk.ac.in
,,Central University of Kashmir,https://www.cukashmir.ac.in
,,"Central University of Kerala, Kasaragod, Kerala",https://www.cukerala.ac.in
,,"Central University of Odisha, Koraput",https://cuo.ac.in
,,Central University of Punjab (CUP),https://cup.edu.in
,,Central University of Rajasthan,https://www.curaj.ac.in
,,Central University of Tamil Nadu,https://cutn.ac.in
,,"Centralized Admission Committee (CENTAC), Puducherry",https://www.centacpuducherry.in
,,Centralized Counseling for M.Tech and M.plan Admissions,https://ccmt.admissions.nic.in
,,"Centre for Computers and Communication Technology (CCCT), Sikkim",https://www.ccct.skmpoly.edu.in
,,Centre for Cultural Resources and Training (CCRT),https://ccrtindia.gov.in
,,"Centre for Distance and Online Education, Panjab University, Chandigarh",https://cdoe.puchd.ac.in
,,"Centre for Economic and Social Studies, Andhra Pradesh",https://cess.ac.in
,,"Centre for Water Resources Development and Management (CWRDM), Kerala",https://cwrdm.kerala.gov.in
,,Centre for Womens Development Studies (CWDS),https://www.cwds.ac.in
,,"Ch. Brahm Prakash Government Engineering College, Delhi",https://cbpgec.delhi.gov.in
,,"Ch. Brahm Prakash Industrial Training Institute, Jaffarpur, Delhi",https://itijaffarpur.delhi.gov.in
,,Chandigarh College of Engineering and Technology (Degree Wing),https://ccet.ac.in
,,Chandigarh College of Engineering and Technology (Diploma Wing),https://www.ccetdiploma.edu.in
,,Chandigarh Engineering and Architecture Counselling,https://chdenggadmissions.nic.in
,,"Chandra Shekhar Azad - University of Agriculture & Technology, Kanpur, Uttar Pradesh",https://www.csauk.ac.in
,,"Charotar University of Science and Technology (CHARUSAT), Gujarat",https://www.charusat.ac.in
,,"Chaudhary Charan Singh University, Meerut, Uttar Pradesh",https://www.ccsuniversity.ac.in
,,"Chhatrapati Shahu Ji Maharaj University, Kanpur, Uttar Pradesh",https://csjmu.ac.in
,,Chhattisgarh Medical Counselling,https://cgdme.admissions.nic.in
,,Chhattisgarh Professional Examination Board,https://vyapam.cgstate.gov.in
,,Chhattisgarh Swami Vivekananda Technical University (CSVTU),https://csvtu.ac.in
,,"Childrens University, Gandhinagar, Gujarat",https://www.cugujarat.ac.in
,,"Co-operative Academy of Professional Education (CAPE), Kerala",https://www.capekerala.org
,,"Cochin University of Science and Technology, Kerala",https://www.cusat.ac.in
,,"Cochin University of Science and Technology, Kerala",https://results.cusat.ac.in
,,Collection of CBSE Books in Electronic Format,https://cbse.gov.in/ecbse/welcome.html
,,"College of Art, Delhi",https://colart.delhi.gov.in
,,"College of Engineering Chengannur, Kerala",https://www.ceconline.edu
,,"College of Engineering Thalassery, Kerala",https://www.cethalassery.ac.in
,,"College of Engineering Trikaripur, Kerala",https://www.cetkr.ac.in
,,"College of Engineering Trivandrum, Kerala",https://www.cet.ac.in
,,"College of Engineering Vadakara, Kerala",https://www.cev.ac.in
,,"College of Fisheries, Lembucherra",https://cofcau.nic.in
,,"Commissioner and Director of School Education, Telangana",https://schooledu.telangana.gov.in
,,"Commissioner for Entrance Examinations, Kerala",https://cee.kerala.gov.in
,,"Commissionerate of Collegiate Education, Telangana",https://ccets.cgg.gov.in
,,"Commissionerate of Schools, Gujarat",https://cos.gujarat.gov.in
,,"Commissionerate of Technical Education, Gujarat",https://dte.gujarat.gov.in
,,Common Management Admission Test (CMAT),https://cmat.nta.nic.in
,,"Common Scholarship Portal, Nagaland",https://scholarship.nagaland.gov.in
,,Competition Commission of India,https://www.cci.gov.in
,,"Computer Aided Design Centre, Jadavpur University, West Bengal",https://cadcentreju.org
,,"Computer Centre, University of Kerala, Kerala",https://www.kucc.keralauniversity.ac.in
,,Consortium for Educational Communication (CEC),https://cec.nic.in
,,Copyright Office,https://copyright.gov.in
,,Council of Architecture,https://www.coa.gov.in
,,"Council of Higher Secondary Education, Manipur",https://cohsem.nic.in
,,"Council of Higher Secondary Education, Manipur (COHSEM), Manipur",https://cohsemmanipur.nic.in
,,"DIET, Bhola Nath Nagar, Shahdara, Delhi",https://dbnn.delhi.gov.in
,,"DIET, Darya Ganj, New Delhi",https://ddg.delhi.gov.in
,,"DIET, Ghumanhera, New Delhi",https://dgmh.delhi.gov.in
,,"DIET, Karkardooma, Delhi",https://dkkd.delhi.gov.in
,,"DIET, Keshav Puram, New Delhi",https://dkp.delhi.gov.in
,,"DIET, Moti Bagh, New Delhi",https://dmb.delhi.gov.in
,,"DIET, Pitampura, Delhi",https://dpp.delhi.gov.in
,,"DIET, R K Puram, New Delhi",https://drkp.delhi.gov.in
,,"DIET, Rajinder Nagar, New Delhi",https://drn.delhi.gov.in
,,DIKSHA - National Digital Infrastructure for Teachers,https://diksha.gov.in
,,"Deendayal Institute of Survey and Revenue Administration, Gujarat",https://deendayalinstitute.gujarat.gov.in
,,"Delhi Sanskrit Academy, Delhi",https://sanskritacademy.delhi.gov.in
,,Delhi Skill & Enterprenuership University,https://dseu.ac.in
,,Delhi University Computer Centre (DUCC),https://ducc.du.ac.in
,,Delhi University Library System (DULS),https://crl.du.ac.in
,,"Department of Computer Science and Engineering, Indian Institute of Technology, Kanpur",https://www.cse.iitk.ac.in
,,"Department of Computer Science and Engineering, Puducherry Technological University, Puducherry",https://cse.pec.edu
,,"Department of Earth Sciences, IIT Bombay",https://www.geos.iitb.ac.in
,,"Department of Economics, Panjab University, Chandigarh",https://economics.puchd.ac.in
,,"Department of Electronics and Communication Engineering, Karnataka",https://ece.nitk.ac.in
,,"Department of Gandhian and Peace Studies, Panjab University, Chandigarh",https://gandhianstudies.puchd.ac.in
,,"Department of Geology, Panjab University, Chandigarh",https://geology.puchd.ac.in
,,"Department of Humanities and Social Sciences, IIT Bombay",https://www.hss.iitb.ac.in
,,"Department of Information and Public Relations, Andhra Pradesh",https://ipr.ap.nic.in
,,"Department of Libraries & Research, Jammu & Kashmir",https://jkpubliclibraries.nic.in
,,"Department of Management, North Eastern Hill University, Tura Campus, Meghalaya",https://nehumba.nic.in
,,"Department of Open Distance Education, Punjab",https://odl.ptu.ac.in
,,"Department of School Education, Punjab",https://ssapunjab.org
,,"Department of Sociology, Delhi School of Economics",https://sociology.du.ac.in
,,Department of Technical Education,https://dtek.karnataka.gov.in
,,"Department of Theoretical Physics, Mumbai",https://theory.tifr.res.in
,,"Dera Natung Government College, Itanagar, Arunachal Pradesh",https://dngc.ac.in
,,"Design Inspection and Quality Control Department, Jammu, Jammu and Kashmir",https://cediqcjk.nic.in
,,"Development and Facilitation Office, Karnal",https://www.msmedikarnal.gov.in
,,"Devi Ahilya Vishwavidyalaya, Indore, Madhya Pradesh",https://www.dauniv.ac.in
,,"Dhalai District Polytechnic, Ambassa, Tripura",https://ddpambassa.ac.in
,,Digital Survey for National Curriculum,https://ncfsurvey.ncert.gov.in
,,"Directorate of Collegiate Education, Kerala",https://www.dcescholarship.kerala.gov.in
,,"Directorate of Collegiate Education, Kerala",https://collegiateedu.kerala.gov.in
,,"Directorate of Distance Education & Online Education (DD & OE), University of Jammu, Jammu and Kashmir",https://www.distanceeducationju.in
,,"Directorate of Distance Education, Magadh University, BodhGaya, Bihar",https://www.mudde.org
,,"Directorate of Economics and Statistics, Department of Agriculture and Farmers Welfare, Karnataka",https://eands.da.gov.in
,,"Directorate of Elementary Education, Tripura",https://elementaryeducation.tripura.gov.in
,,"Directorate of Elementary Education,Assam",https://dee.assam.gov.in
,,"Directorate of Employment and Training (DET), Gujarat",https://talimrojgar.gujarat.gov.in
,,"Directorate of Government Examinations, Tamil Nadu",https://www.dge.tn.gov.in
,,"Directorate of Government Examinations, Telangana",https://bse.telangana.gov.in
,,"Directorate of Higher Education, Delhi",https://higheredn.delhi.gov.in
,,"Directorate of Higher Education, Goa",https://dhe.goa.gov.in
,,"Directorate of Higher and Technical Education, Arunachal Pradesh",https://apdhte.nic.in
,,"Directorate of Historical and Antiquarian studies, Assam",https://dhas.assam.gov.in
,,"Directorate of Medical Education and Training, Uttar Pradesh",https://dgme.up.gov.in
,,"Directorate of Medical Education, Andhra Pradesh",https://dme.ap.nic.in
,,"Directorate of Medical Education, Telangana",https://dme.telangana.gov.in
,,"Directorate of Open and Distance Learning (DODL) - University of Kalyani, West Bengal",https://dodl.klyuniv.ac.in
,,"Directorate of SCERT, Manipur",https://scertmanipur.nic.in
,,"Directorate of School Education Jammu, Jammu and Kashmir",https://schedujammu.nic.in
,,"Directorate of School Education Kashmir, Jammu and Kashmir",https://www.dsek.nic.in
,,"Directorate of School Education, Ladakh",https://schoolerp.ladakh.gov.in
,,"Directorate of School Education, Puducherry",https://schooledn.py.gov.in
,,"Directorate of Secondary Education, Assam",https://madhyamik.assam.gov.in
,,"Directorate of Secondary Education, Tripura",https://schooleducation.tripura.gov.in
,,"Directorate of State Archives, West Bengal",https://wbsadte.gov.in
,,"Directorate of State Council of Educational Research and Training, Mizoram",https://scert.mizoram.gov.in
,,"Directorate of TE & SCERT, Odisha",https://scertodisha.nic.in
,,"Directorate of Technical Education & Training, Odisha",https://dtetodisha.gov.in
,,"Directorate of Technical Education Srinagar Garhwal, Uttarakhand",https://www.ukdte.in
,,"Directorate of Technical Education, Assam",https://dte.assam.gov.in
,,"Directorate of Technical Education, Chandigarh",https://chdtechnicaleducation.gov.in
,,"Directorate of Technical Education, Chhattisgarh",https://cgdteraipur.cgstate.gov.in
,,"Directorate of Technical Education, Goa",https://dte.goa.gov.in
,,"Directorate of Technical Education, Kerala",https://www.dtekerala.gov.in
,,"Directorate of Technical Education, Madhya Pradesh",https://www.mptechedu.org
,,"Directorate of Technical Education, Maharashtra",https://dte.maharashtra.gov.in
,,"Directorate of Training and Technical Education, Delhi",https://tte.delhi.gov.in
,,"Directorate of Vocational Education and Training, Maharashtra",https://www.dvet.gov.in
,,"Directorate of Vocational Higher Secondary Education, Kerala",https://www.vhseportal.kerala.gov.in
,,Distance Education Bureau (DEB) - A Bureau of University Grants Commission (UGC),https://www.ugc.ac.in/deb
,,"District Health and Family Welfare Samiti, Howrah, West Bengal",https://www.healthyhowrah.org
,,"District Institute of Education and Training (DIET) - Thrissur, Kerala",https://www.dietthrissur.org
,,"District Institute of Education and Training (DIET), Gangtok, West Bengal",https://www.dietgangtok.nic.in
,,"District Institute of Education and Training (DIET), Kavaratti, Lakshadweep",https://diet.utl.gov.in
,,"District Institute of Education and Training (DIET), Puducherry",https://schooledn.py.gov.in/diet/introductiondiet.html
,,"District Institute of Education and Training, Baghmara, Meghalaya",https://dietbaghmara.gov.in
,,"District Institute of Education and Training, Cherrapunjee, Meghalaya",https://dietsohra.gov.in
,,"District Institute of Education and Training, Nongpoh, Meghalaya",https://dietnongpoh.gov.in
,,"District Institute of Education and Training, Nongstoin, Meghalaya",https://dietnongstoin.gov.in
,,"District Institute of Education and Training, Santrampur, Gujarat",https://www.dietsantrampur.org/index1.html
,,"DoMS, Managment Studies, Indian Institute of Technology Madras",https://mtechadm.iitm.ac.in
,,"Doon University, Dehradun",https://doonuniversity.ac.in
,,"Dr B R Ambedkar National Institute of Technology, Jalandhar",https://www.nitj.ac.in
,,"Dr B.R. Ambedkar State Institute of Medical Sciences, Punjab",https://aimsmohali.punjab.gov.in
,,"Dr Babasaheb Bhimrao Ambedkar Government Polytechnic, UT of Dadra and Nagar Haveli-Silvassa",https://drbbagpks.org
,,"Dr YS Parmar University of Horticulture & Forestry, Nauni-Solan, Himachal Pradesh",https://www.yspuniversity.ac.in
,,"Dr. A.P.J. Abdul Kalam Technical University, Lucknow, Uttar Pradesh",https://aktu.ac.in
,,"Dr. B. R. Sur Homeopathic Medical College, Hospital and Research Centre, Delhi",https://shmch.delhi.gov.in
,,"Dr. B.R. Ambedkar Institute of Technology, Andaman & Nicobar Admistration",https://dbrait.andaman.gov.in
,,"Dr. B.R. Ambedkar Open University, Telangana",https://braou.ac.in
,,"Dr. Babasaheb Ambedkar Open University, Ahmedabad, Gujarat",https://www.baou.edu.in
,,"Dr. Babasaheb Ambedkar Technological University, Maharashtra",https://dbatu.ac.in
,,"Dr. H.J. Bhabha ITI Khichripur, Mayur Vihar, Delhi",https://hjbhabhaiti.delhi.gov.in
,,"Dr. Harisingh Gour University, Sagar, Madhya Pradesh",https://dhsgsu.edu.in
,,"Dr. Sarvepalli Radhakrishnan Government Arts College, Yanam, Puducherry",https://www.srkgacyanam.edu.in/information?page=5c5d1b1c0d497
,,"Dr. Y.S.R Horticultural University, Andhra Pradesh",https://drysrhu.ap.gov.in
,,"Dravidian University, Kuppam, Andhra Pradesh",https://www.dravidianuniversity.ac.in
,,"Education Department, Arunachal Pradesh",https://education.arunachal.gov.in
,,"Education Portal 2.0, Madhya Pradesh",https://shikshaportal.mp.gov.in
,,"Education Portal, Govt of Rajasthan",https://education.rajasthan.gov.in
,,Education in India,https://educationindia.gov.in
,,Educational Consultants India Limited (EDCIL),https://www.edcilindia.co.in
,,Electronic Human Resource Management System 2.0,https://e-hrms.gov.in
,,"Employees State Insurance Corporation, Esi Pgimsr And Model Hospital Cum O.d.c, Andhari (e), Mumbai, Maharashtra",https://pgimsrmumbai.esic.gov.in
,,"Engineering College Ajmer, Rajasthan",https://www.ecajmer.ac.in
,,"Engineering College Bikaner, Rajasthan",https://www.ecb.ac.in
,,"English Language Teaching Institute, Assam",https://eltiassam.assam.gov.in
,,"English and Foreign Languages University, Hyderabad",https://efluniversity.ac.in
,,"Equal Opportunity Cell, University of Delhi",https://eoc.du.ac.in
,,"Examination Results, Manipur",https://manresults.nic.in
,,"Extension Education Institute (NE Region), Assam",https://eei-ner.org
,,"Fakir Mohan Autonomous College, Odisha",https://fmcollege.nic.in
,,"Fakir Mohan University, Odisha",https://fmuniversity.nic.in
,,"Food Craft Institute, Ajmer",https://fciajmer.com
,,"Food Craft institute, Kerala",https://www.fcikerala.org
,,Footwear Design and Development Institute (FDDI),https://fddiindia.com
,,"G. B. Pant Memorial Govt. College, Himachal Pradesh",https://gbpmgcrampur.edu.in
,,"G.B. Pant Government Engineering College, Delhi",https://gbpec.delhi.gov.in
,,"G.S.V.M. Medical College, Kanpur, Uttar Pradesh",https://www.gsvmmedicalcollege.com
,,"Ganpat University, Gujarat",https://www.ganpatuniversity.ac.in
,,Gateway to Exam Results in India,https://results.gov.in
,,"Gauhati Medical College and Hospital, Assam",https://gmchassam.gov.in
,,"Gautam Buddha University, Uttar Pradesh",https://www.gbu.ac.in
,,"General Education Department, Kerala",https://education.kerala.gov.in
,,"Goa College of Architecture, Goa",https://gcarch.goa.gov.in
,,"Goa College of Pharmacy, Goa",https://gcp.goa.gov.in
,,"Goa Dental College & Hospital, Goa",https://gdch.goa.gov.in
,,"Goa University, Goa",https://www.unigoa.ac.in
,,"Gomati District Polytechnic, Fulkumari, Udaipur, Tripura",https://gdp.nic.in
,,"Goverment Engineering College Idukki, Kerala",https://gecidukki.ac.in
,,"Goverment Polytechnic College, Ambikapur, Chhattisgarh",https://www.polyambikapur.in
,,"Goverment Polytechnic for Women, Chandigarh",https://gpwchd.edu.in
,,"Government Aizawl North College, Mizoram",https://ganc.mizoram.gov.in
,,"Government Autonomous College, Rourkela, Odisha",https://www.gacrkl.ac.in
,,"Government Ayurveda College, Thiruvananthapuram, Kerala",https://www.govtayurvedacollegetvm.nic.in
,,"Government College Dharamshala, Himachal Pradesh",https://gcdharamshala.in
,,"Government College Kotri, Chhattisgarh",https://govtcollegekotri.in
,,"Government College Shillai, Himachal Pradesh",https://gcshillai.highalteducation.in
,,"Government College Solan, Himachal Pradesh",https://www.gcsolan.ac.in
,,"Government College of Engineering & Ceramic Technology (GCE&CT), Kolkata, West Bengal",https://www.gcect.ac.in
,,"Government College of Engineering & Leather Technology, West Bengal",https://www.gcelt.gov.in
,,"Government College of Engineering (GCE), Salem, Tamil Nadu",https://gcesalem.edu.in
,,"Government College of Engineering, Chhatrapati Sambhajinagar, Maharashtra",https://geca.ac.in
,,"Government College of Technology, Coimbatore, Tamil Nadu",https://gct.ac.in
,,"Government College, Kattapana, Kerala",https://www.gckattappana.ac.in
,,"Government Degree College For Women, Anantnag, Jammu and Kashmir",https://wca.edu.in
,,"Government Degree College, Kamalpur, Dhalai, Tripura",https://gdcktripura.nic.in
,,"Government Dental College & hospital, Ahmedabad, Gujarat",https://www.gdchahmd.org
,,"Government Engineering College - Kozhikode, Kerala",https://www.geckkd.ac.in
,,"Government Engineering College Palakkad, Sreekrishnapuram, Kerala",https://gecskp.ac.in
,,"Government Engineering College, Modasa, Gandhinagar, Gujarat",https://www.gecmodasa.ac.in
,,"Government Engineering College, Thrissur, Kerala",https://gectcr.ac.in
,,"Government Engineering College, Wayanad, Kerala",https://www.gecwyd.ac.in
,,"Government Holkar (Model, Autonomous) Science College, Indore, Madhya Pradesh",https://www.collegeholkar.org
,,"Government Medical College Jammu, Jammu and Kashmir",https://gmcjammu.nic.in
,,"Government Medical College Kottayam, Kerala",https://kottayammedicalcollege.org
,,"Government Medical College Srinagar and it's Associated Hospitals, Jammu and Kashmir",https://www.gmcs.edu.in
,,"Government Medical College and Hospital, Chandigarh",https://gmch.gov.in
,,"Government Medical College, Bhavnagar, Gujarat",https://gmcbhavnagar.edu.in
,,"Government Medical College, Surat, Gujarat",https://gmcsurat.edu.in
,,"Government Ploytechnic, Karad, Maharashtra",https://www.gpk.ac.in
,,"Government Polytechnic College, Bathinda, Punjab",https://gpcbathinda.ac.in
,,"Government Polytechnic College, Ferozepur, Punjab",https://www.gpcfzr.in
,,"Government Polytechnic College, Kota, Rajasthan",https://gpck.rajasthan.gov.in
,,"Government Polytechnic for Distance Learning, Pune, Maharashtra",https://www.gpdlpune.ac.in
,,"Government Polytechnic for Women Jammu, Jammu and Kashmir",https://www.gpfwjammu.org
,,"Government Polytechnic for Women, Kandaghat, Himachal Pradesh",https://gpcwkandaghat.nic.in
,,"Government Polytechnic, Ahmednagar, Maharashtra",https://gpnagar.ac.in
,,"Government Polytechnic, Amravati, Maharashtra",https://www.gpamravati.ac.in
,,"Government Polytechnic, Amritsar, Punjab",https://www.gpamritsar.org
,,"Government Polytechnic, Bicholim, Goa",https://gpb.goa.gov.in
,,"Government Polytechnic, Dharashiv, Maharashtra",https://www.gposmanabad.org
,,"Government Polytechnic, Fatehpur, Uttar Pradesh",https://gpfatehpur.org
,,"Government Polytechnic, Kashipur, Udham Singh Nagar, Uttarakhand",https://gpkashipur.in
,,"Government Polytechnic, Kursi Road, Barabanki , Uttar Pradesh",https://gpkursibbk.com
,,"Government Polytechnic, Mumbai, Maharashtra",https://gpmumbai.ac.in
,,"Government Polytechnic, Muzaffarpur, Bihar",https://www.gpmuz.ac.in
,,"Government Polytechnic, Nagpur, Maharashtra",https://www.gpnagpur.ac.in
,,"Government Polytechnic, Nashik, Maharashtra",https://gpnashik.ac.in
,,"Government Polytechnic, Pune, Maharashtra",https://gppune.ac.in
,,"Government Polytechnic, Ratnagiri, Maharashtra",https://gpratnagiri.org
,,"Government Polytechnic, Thane, Maharashtra",https://gpthane.org.in
,,"Government Polytechnic, Yavatmal, Maharashtra",https://gpyavatmal.ac.in
,,"Government T.D. Medical College, Kerala",https://tdmcalappuzha.org
,,"Government Women College, Gandhi Nagar, Jammu, Jammu and Kashmir",https://gcwgandhinagar.com
,,Govind Ballabh Pant 'National Institute of Himalayan Environment' (NIHE),https://www.gbpihed.gov.in
,,"Govt. Dudhadhari Bajrang Girls Postgraduate College,Raipur, Chhattisgarh",https://www.dbgirls.org
,,"Govt. Hrangbana College, Mizoram",https://ghbc.edu.in
,,"Govt. Industrial Training Institute (ITI), Ambarnath, Maharashtra",https://itiambarnath.gov.in
,,"Govt. Women's College, Sambalpur, Odisha",https://gwcsbp.in
,,Graduate Pharmacy Aptitude Test (GPAT),https://gpat.nta.nic.in
,,"Gujarat Arts and Commerce College (Evening), Ahmedabad, Gujarat",https://gacc.org.in
,,"Gujarat Ayurved University, Jamnagar",https://www.ayurveduniversity.edu.in
,,"Gujarat Council of Educational Research and Training, Gandhinagar, Gujarat",https://gcert.gujarat.gov.in
,,"Gujarat Technological University, Gujarat",https://www.gtu.ac.in
,,Gujarat University of Transplantation Sciences,https://www.guts.ac.in
,,"Gujarat University, Gujarat",https://www.gujaratuniversity.ac.in
,,"Gujarat Vidyapith, Gujarat",https://www.gujaratvidyapith.ac.in
,,"Gulbarga University, Karnataka",https://gug.ac.in
,,"Gunotsav - Education Department, Gujarat",https://gunotsav.gujarat.gov.in
,,"Guru Ghasidas Vishwavidyalaya, Bilaspur, Chhattisgarh",https://ggu.ac.in
,,"Guru Nanak Dev University, Amritsar, Punjab",https://www.gndu.ac.in
,,"Gyan Sankalp, Rajasthan",https://gyansankalp.nic.in
,,"HP State Council of Educational Research and Training, Himachal Pradesh",https://himachalservices.nic.in/scert
,,"Harcourt Butler Technical University (HBTU), Kanpur, Uttar Pradesh",https://hbtu.ac.in
,,"Haryana State Technical Education Society, Panchkula (HSTES), Haryana",https://onlinetesthry.gov.in
,,"Hemchandracharya North Gujarat University (HNGU), Gujarat",https://www.ngu.ac.in
,,"Hemwati Nandan Bahuguna Garhwal University, Uttarakhand",https://hnbgu.ac.in
,,"Higher Education Department, Ladakh",https://ladakh.nic.in/higher-education
,,"Higher Education Department, Nagaland",https://highereducation.nagaland.gov.in
,,"Hill College - Tadubi, Senapati District, Manipur",https://hillcollegetadubi.nic.in
,,"Himachal Pradesh Board of School Education, Dharamshala, Himachal Pradesh",https://hpbose.org
,,"Himachal Pradesh Panchayati Raj Training Institute, Mashobra (Craigneno), Shimla, Himachal Pradesh",https://hpprtim.nic.in
,,"Himachal Pradesh Private Educational Institutions Regulatory Commission, Himachal Pradesh",https://hp.gov.in/hpperc
,,"Himachal Pradesh Takniki Shiksha Board, Dharamshala, Himachal Pradesh",https://www.hptechboard.com
,,"Himachal Pradesh Technical University, Himachal Pradesh",https://www.himtu.ac.in
,,"Himachal Pradesh University, Himachal Pradesh",https://www.hpuniv.ac.in
,,"Hindi Academy, Delhi",https://hindiacademy.delhi.gov.in
,,"I. K. Gujral Punjab Technical University, Jalandhar, Punjab",https://ptu.ac.in
,,ICAR-Central Institute For Research On Buffaloes (CIRB),https://cirb.icar.gov.in
,,"ICAR-Central Potato Research Institute, Shimla",https://cpri.icar.gov.in
,,"ICAR-Indian Institute of Soil Science, Bhopal",https://iiss.icar.gov.in
,,"ICMR-National Institute of Immunohaematology, Mumbai",https://www.niih.org.in
,,"ITI Malviya Nagar, Delhi",https://mniti.delhi.gov.in
,,"ITI Shahdara, Delhi",https://itishahdara.delhi.gov.in
,,"ITI, Arab Ki Sarai, Nizamuddin, Delhi",https://itinizamuddin.delhi.gov.in
,,"ITI, Jahangirpuri, Delhi",https://itijp.delhi.gov.in
,,"ITI, Jail Road Hari Nagar, Delhi",https://itijr.delhi.gov.in
,,"ITI, Lala Hans Raj Gupta Industrial Training Institute, Delhi",https://itilhrg.delhi.gov.in
,,"ITI, Mangolpuri, Delhi",https://mpiti.delhi.gov.in
,,"ITI, Siri Fort (W), New Delhi",https://jbiti.delhi.gov.in
,,"ITI, Tilak Nagar, New Delhi",https://tniti.delhi.gov.in
,,"ITI, for Women Vivek Vihar, Delhi",https://itivv.delhi.gov.in
,,Indian Council of Social Science Research (ICSSR),https://www.icssr.org
,,Indian Institute of Astrophysics (IIA),https://www.iiap.res.in
,,"Indian Institute of Carpet Technology (IICT), Srinagar, Jammu and Kashmir",https://iictsrinagarcarpet-gi.org
,,Indian Institute of Chemical Biology (IICB),https://www.iicb.res.in
,,Indian Institute of Chemical Technology (IICT),https://www.iict.res.in
,,"Indian Institute of Engineering Science and Technology (IIEST), Shibpur",https://www.iiests.ac.in
,,"Indian Institute of Futurology, Delhi",https://www.university.gen.in
,,"Indian Institute of Information Technology (IIIT), Allahabad",https://www.iiita.ac.in
,,"Indian Institute of Information Technology (IIIT), Una",https://iiitu.ac.in
,,"Indian Institute of Information Technology (IIIT), Tiruchirappalli",https://iiitt.ac.in
,,"Indian Institute of Information Technology (IIIT), Kottayam",https://iiitkottayam.ac.in
,,"Indian Institute of Information Technology (IIIT), Kalyani",https://iiitkalyani.ac.in
,,"Indian Institute of Information Technology (IIIT), Chittoor",https://iiits.ac.in
,,"Indian Institute of Information Technology (IIIT), Guwahati",https://iiitg.ac.in
,,"Indian Institute of Information Technology (IIIT), Manipur",https://iiitmanipur.ac.in
,,"Indian Institute of Information Technology (IIIT), Vadodara",https://iiitvadodara.ac.in
,,"Indian Institute of Information Technology (IIIT), Lucknow",https://iiitl.ac.in
,,"Indian Institute of Information Technology (IIIT), Kota",https://iiitkota.ac.in
,,"Indian Institute of Information Technology (IIIT), Bhagalpur",https://iiitbh.ac.in
,,"Indian Institute of Information Technology (IIIT), Dharwad",https://iiitdwd.ac.in
,,"Indian Institute of Information Technology (IIIT), Agartala",https://iiitagartala.ac.in
,,"Indian Institute of Information Technology (IIIT), Bhopal",https://iiitbhopal.ac.in
,,"Indian Institute of Information Technology (IIIT), Raichur",https://iiitr.ac.in
,,"Indian Institute of Information Technology (IIIT), Nagpur",https://iiitn.ac.in
,,"Indian Institute of Information Technology (IIIT), Ranchi",https://iiitranchi.ac.in
,,"Indian Institute of Information Technology (IIIT), Surat",https://iiitsurat.ac.in
,,"Indian Institute of Information Technology (IIIT), Pune",https://www.iiitp.ac.in
,,"Indian Institute of Information Technology (IIIT), Sonepat",https://www.iiitsonepat.ac.in
,,"Indian Institute of Information Technology and Management (IIITM), Gwalior",https://www.iiitm.ac.in
,,"Indian Institute of Information Technology, Design and Manufacturing (IIITDM), Jabalpur",https://www.iiitdmj.ac.in
,,"Indian Institute of Information Technology, Design and Manufacturing (IIITD and M), Kancheepuram",https://www.iiitdm.ac.in
,,"Indian Institute of Information Technology, Design and Manufacturing (IIITDM), Kurnool",https://iiitk.ac.in
,,"Indian Institute of Management (IIM), Tiruchirappalli",https://www.iimtrichy.ac.in
,,"Indian Institute of Management (IIM), Sirmaur",https://www.iimsirmaur.ac.in
,,"Indian Institute of Management (IIM), Bangalore",https://www.iimb.ac.in
,,"Indian Institute of Management (IIM), Calcutta",https://www.iimcal.ac.in
,,"Indian Institute of Management (IIM), Ahmedabad",https://www.iima.ac.in
,,"Indian Institute of Management (IIM), Indore",https://www.iimidr.ac.in
,,"Indian Institute of Management (IIM), Shillong",https://www.iimshillong.ac.in
,,"Indian Institute of Management (IIM), Raipur",https://iimraipur.ac.in
,,"Indian Institute of Management (IIM), Kozhikode",https://www.iimk.ac.in
,,"Indian Institute of Management (IIM), Rohtak",https://www.iimrohtak.ac.in
,,"Indian Institute of Management (IIM), Kashipur",https://iimkashipur.ac.in
,,"Indian Institute of Management (IIM), Udaipur",https://iimu.ac.in
,,"Indian Institute of Management (IIM), Ranchi",https://iimranchi.ac.in
,,"Indian Institute of Management (IIM), Amritsar",https://iimamritsar.ac.in
,,"Indian Institute of Management (IIM), Visakhapatnam",https://iimv.ac.in
,,"Indian Institute of Management (IIM), Sambalpur",https://iimsambalpur.ac.in
,,"Indian Institute of Management (IIM), Nagpur",https://iimnagpur.ac.in
,,"Indian Institute of Management (IIM), Bodh Gaya",https://iimbg.ac.in
,,"Indian Institute of Management (IIM), Jammu",https://www.iimj.ac.in
,,"Indian Institute of Management (IIM), Lucknow",https://www.iiml.ac.in
,,Indian Institute of Mass Communication (IIMC),https://iimc.gov.in
,,Indian Institute of Packaging,https://www.iip-in.com
,,"Indian Institute of Plantation Management, Bangalore",https://iipmb.edu.in
,,Indian Institute of Public Administration (IIPA),https://www.iipa.org.in
,,Indian Institute of Remote Sensing (IIRS),https://www.iirs.gov.in
,,"Indian Institute of Science (IISC), Bangalore",https://iisc.ac.in
,,"Indian Institute of Science Education and Research (IISER), Bhopal",https://iiserb.ac.in
,,"Indian Institute of Science Education and Research (IISER), Kolkata",https://www.iiserkol.ac.in
,,"Indian Institute of Science Education and Research (IISER), Mohali",https://www.iisermohali.ac.in
,,"Indian Institute of Science Education and Research (IISER), Thiruvananthapuram",https://www.iisertvm.ac.in
,,"Indian Institute of Science Education and Research (IISER), Berhampur",https://iiserbpr.ac.in
,,"Indian Institute of Science Education and Research (IISER), Tirupati",https://www.iisertirupati.ac.in
,,"Indian Institute of Space Science and Technology (IIST), Thiruvananthapuram",https://www.iist.ac.in
,,"Indian Institute of Teacher Education (IITE), Gujarat",https://www.iite.ac.in
,,"Indian Institute of Technology (IIT), Kharagpur",https://www.iitkgp.ac.in
,,"Indian Institute of Technology (IIT), Madras",https://www.iitm.ac.in
,,"Indian Institute of Technology (IIT), Bhubaneswar",https://www.iitbbs.ac.in
,,"Indian Institute of Technology (IIT), Bhilai",https://www.iitbhilai.ac.in
,,"Indian Institute of Technology (IIT), Bombay",https://www.iitb.ac.in
,,"Indian Institute of Technology (IIT), Dhanbad",https://www.iitism.ac.in
,,"Indian Institute of Technology (IIT), Kanpur",https://www.iitk.ac.in
,,"Indian Institute of Technology (IIT), Roorkee",https://www.iitr.ac.in
,,"Indian Institute of Technology (IIT), Guwahati",https://www.iitg.ac.in
,,"Indian Institute of Technology (IIT), Gandhinagar",https://iitgn.ac.in
,,"Indian Institute of Technology (IIT), Hyderabad",https://www.iith.ac.in
,,"Indian Institute of Technology (IIT), Delhi",https://home.iitd.ac.in
,,"Indian Institute of Technology (IIT), Rupnagar",https://www.iitrpr.ac.in
,,"Indian Institute of Technology (IIT), Mandi",https://www.iitmandi.ac.in
,,"Indian Institute of Technology (IIT), Jodhpur",https://www.iitj.ac.in
,,"Indian Institute of Technology (IIT), Indore",https://www.iiti.ac.in
,,"Indian Institute of Technology (IIT), Patna",https://www.iitp.ac.in
,,"Indian Institute of Technology (IIT), Tirupati",https://iittp.ac.in
,,"Indian Institute of Technology (IIT), Dharwad",https://iitdh.ac.in
,,"Indian Institute of Technology (IIT), Palakkad",https://iitpkd.ac.in
,,"Indian Institute of Technology (IIT), Jammu",https://iitjammu.ac.in
,,"Indian Institute of Technology (IIT), Goa",https://iitgoa.ac.in
,,"Indian Institute of Tourism and Travel Management (IITTM), Noida",https://www.iittmnoida.ac.in
,,"Indian Institute of Tourism and Travel management (IITTM), Nellore",https://iittmsouth.org
,,"Indian Insttitute of Technology (BHU), Varanassi",https://www.iitbhu.ac.in
,,Indian Maritime University,https://www.imu.edu.in
,,"Indian Railway Institute of Signal Engineering and Telecommunications, Secunderabad",https://iriset.indianrailways.gov.in
,,Indian Railways Institute of Civil Engineering (IRICEN),https://www.iricen.gov.in
,,"Indian Statistical Institute (ISI), Calcutta",https://www.isical.ac.in
,,"Indian Statistical Institute (ISI), Delhi",https://www.isid.ac.in
,,"Indian Statistical Institute (ISI), Bangalore",https://www.isibang.ac.in
,,"Indian Statistical Institute (ISI), Chennai",https://www.isichennai.res.in
,,"Indira Gandhi Institute of Technology, Sarang, Odisha",https://igitsarang.ac.in
,,"Indira Gandhi National Tribal University, Amarkantak, Madhya Pradesh",https://www.igntu.ac.in
,,"Indraprastha Institute of Information Technology (IIIT), Delhi",https://www.iiitd.ac.in
,,"Industrial Training Institute (ITI), Puri, Odisha",https://itipuri.nic.in
,,"Industrial Training Institute Nand Nagri, Delhi",https://nniti.delhi.gov.in
,,"Industrial Training Institute Pusa, Delhi",https://pusaiti.delhi.gov.in
,,Information and Library Network Centre (INFLIBNET),https://www.inflibnet.ac.in
,,Infrastructure Equipment Skill Council (IESC),https://iescindia.com
,,Innovation Cell,https://mic.gov.in
,,Institute for Studies in Industrial Development (ISID),https://isid.org.in
,,Institute of Company Secretaries of India (ICSI),https://www.icsi.edu
,,Institute of Digital Education and Employment Development,https://dsrvsindia.ac.in
,,"Institute of Engineering and Technology, Lucknow, Uttar Pradesh",https://www.ietlucknow.ac.in
,,"Institute of Hotel Management (IHM), Hajipur",https://www.ihmhajipur.net
,,"Institute of Hotel Management, Gurdaspur",https://ihm-gsp.ac.in
,,"Institute of Hotel Management, Lucknow",https://www.ihmlucknow.com
,,"Institute of Hotel Management (IHM), Gwalior",https://ihmgwalior.org
,,"Institute of Hotel Management Catering Technology and Applied Nutrition, Chennai",https://ihm-chennai.org
,,"Institute of Hotel Management Catering Technology and Applied Nutrition, Bathinda, Punjab",https://www.ihmbti.com
,,"Institute of Hotel Management and Catering Technology, Kovalam",https://www.ihmctkovalam.ac.in
,,"Institute of Hotel Management, Catering Technology and Applied Nutrition, Bhopal",https://www.ihmbhopal.ac.in
,,"Institute of Hotel Management, Catering Technology and Applied Nutrition, Kolkata",https://ihmkol.org
,,"Institute of Hotel Management, Catering Technology and Applied Nutrition, Jaipur",https://www.ihmjaipur.com
,,"Institute of Hotel Management, Catering Technology and Applied Nutrition, Dehradun",https://ihmddn.com
,,"Institute of Hotel Management, Catering Technology and Applied Nutrition, Kurukshetra",https://www.ihmkkr.com
,,"Institute of Hotel Management, Catering Technology and Applied Nutrition, Bhubaneswar",https://www.ihmbbs.org
,,"Institute of Hotel Management, Catering Technology and Applied Nutrition, Mumbai",https://www.ihmctan.edu
,,"Institute of Hotel Management, Catering Technology and Applied Nutrition, Shillong",https://ihmshillong.nic.in/contact-us.html
,,"Institute of Hotel Management, Catering Technology and Applied Nutrition, Goa",https://ihmgoa.gov.in
,,"Institute of Hotel Management, Catering and Nutrition, Pusa",https://ihmpusa.net
,,"Institute of Hotel Management, Catering and Nutrition, Kufri",https://ihmshimla.ac.in
,,"Institute of Hotel Managment, Bangalore",https://www.ihmbangalore.kar.nic.in
,,"Institute of Human Resources Development (IHRD), Kerala",https://www.ihrd.ac.in
,,"Institute of Land and Disaster Management, Kerala",https://ildm.kerala.gov.in
,,"Institute of Management in Government (IMG), Kerala",https://img.kerala.gov.in
,,Institute of Pesticides Formulation Technology (IPFT),https://ipft.gov.in
,,"Institute of Psychiatry & Human Behaviour (IPHB), Goa",https://iphb.goa.gov.in
,,"Institute of Rural Management Anand (IRMA), Gujarat",https://www.irma.ac.in
,,Institute of Secretariat Training and Management (ISTM),https://www.istm.gov.in
,,"Institute of Teaching and Research in Ayurveda (ITRA), Jamnagar",https://www.itra.ac.in
,,"Institutional Registration, National Digital Library of India",https://club.ndl.iitkgp.ac.in
,,"Integrated Shala Darpan, Rajasthan",https://rajshaladarpan.nic.in/SD3/Home/Public2/Default.aspx
,,Inter University Accelerator Centre (IUAC) New Delhi,https://www.iuac.res.in
,,International Institute for Population Sciences (IIPS),https://www.iipsdata.ac.in
,,"International Institute of Information Technology (IIT), Bhubaneswar",https://www.iiit-bh.ac.in
,,"International Institute of Information Technology Bangalore, Karnataka",https://www.iiitb.ac.in
,,"International Institute of Information Technology, Hyderabad, Telangana",https://www.iiit.ac.in
,,"Islamic University of Science & Technology, Jammu and Kashmir",https://www.islamicuniversity.edu.in
,,"Iswar Chandra Vidyasagar College, Tripura",https://icvcollege.edu.in
,,JEEViKA - Bihar Rural Livelihoods Project (BRLP),https://brlps.in
,,"Jagannath University, Rajasthan",https://www.jagannathuniversity.org
,,"Jai Prakash Vishwavidyala (University), Bihar",https://jpv.ac.in
,,"Jaipur National University, Rajasthan",https://www.jnujaipur.ac.in
,,Jamia Millia Islamia,https://www.jmi.ac.in
,,Jan Shikshan Sansthan (JSS),https://jss.gov.in
,,Jan-Dhan Se Jan Suraksha Portal,https://jansuraksha.gov.in
,,"Jawahar Institute of Mountaineering and Winter Sports, Pahalgam",https://www.jawaharinstitutepahalgam.com
,,"Jawahar Navodaya Vidyalaya (JNV), Malhar",https://jnvbilaspurcg.gov.in
,,"Jawahar Navodaya Vidyalaya, Kathua, Jammu and Kashmir",https://www.navodaya.gov.in/nvs/nvs-school/KATHUA/en/home
,,"Jawaharlal Nehru Government Engineering College, Himachal Pradesh",https://www.jngec.ac.in
,,"Jawaharlal Nehru Rajkeeya Mahavidyalaya, Andaman & Nicobar Islands",https://jnrm.and.nic.in
,,"Jawaharlal Nehru Technological University Hyderabad (JNTUH), Andhra Pradesh",https://www.jntuh.ac.in
,,Jawaharlal Nehru University (JNU),https://www.jnu.ac.in
,,"Jiwaji University, Gwalior, Madhya Pradesh",https://www.jiwaji.edu
,,Joint Entrance Examination (Advanced) (JEE Advanced),https://jeeadv.ac.in
,,Joint Entrance Examination (Main) (JEE),https://jeemain.nta.nic.in
,,"Joint Entrance Examination Council (Polytechnic), Uttar Pradesh",https://jeecup.nic.in
,,Joint Seat Allocation Authority,https://josaa.nic.in
,,"Jorhat Engineering College, Assam",https://jecassam.ac.in
,,"Jorhat Medical College, Assam",https://jorhatmedicalcollege.in
,,"KSCSTE - National Transportation Planning and Research Centre (NATPAC), Kerala",https://natpac.kerala.gov.in
,,"Kadi Sarva Vishwavidyalaya, Gujarat",https://ksv.ac.in
,,"Kakatiya University, Andhra Pradesh",https://www.kakatiya.ac.in
,,"Kalakshetra Foundation, Chennai",https://kalakshetra.in
,,"Kalyani Government Engineering College, Nadia, West Bengal",https://www.kgec.edu.in
,,"Kamla Nehru Institute of Technology (KNIT), Sultanpur, Uttar Pradesh",https://knit.ac.in
,,"Kannur University, Kerala",https://www.kannuruniversity.ac.in
,,"Karnataka Council for Technological Upgradation, Karnataka",https://kctu.karnataka.gov.in
,,"Karnataka Digital Public Library, Karnataka",https://www.karnatakadigitalpubliclibrary.org
,,"Karnataka State Akkamahadevi Women's University, Vijayapura, Karnataka",https://www.kswu.ac.in
,,"Karnataka State Open University, Karnataka",https://ksoumysuru.ac.in
,,"Karnataka Veterinery,  Animal and Fisheries Science University, Bidar, Karnataka",https://www.kvafsu.edu.in
,,"Kavayitri Bahinabai Chaudhari North Maharashtra University, Jalgaon, Maharashtra",https://nmu.ac.in
,,"Kendiya Vidyalaya, Baripada, Mayurbhanj, Odisha",https://baripada.kvs.ac.in
,,"Kendriya Hindi Sansthan, Agra",https://www.hindisansthan.in
,,"Kendriya Vidayalaya A.A.I, Rangpuri, New Delhi",https://rangpuriaai.kvs.ac.in
,,"Kendriya Vidayalaya Hassan, Karnataka",https://hassan.kvs.ac.in
,,"Kendriya Vidayalaya Shahdol, Madhya Pradesh",https://epathshala.nic.in
,,"Kendriya Vidayalaya, No.2, Jalandhar Cantonment, Punjab",https://no2jalandhar.kvs.ac.in
,,"Kendriya Vidyalay Railway Colony, M G Colony, Bangalore",https://mgrly.kvs.ac.in
,,"Kendriya Vidyalaya   Hamirpur, Himachal Pradesh",https://hamirpur.kvs.ac.in
,,"Kendriya Vidyalaya  14 G.T.C.  Subathu, Himachal Pradesh",https://subathu.kvs.ac.in
,,"Kendriya Vidyalaya  Azamgarh, Uttar Pradesh",https://azamgarh.kvs.ac.in
,,"Kendriya Vidyalaya  BSF Churachandpur, Manipur",https://bsfchurachandpur.kvs.ac.in
,,"Kendriya Vidyalaya  CRPF, Prayagraj",https://crpfallahabad.kvs.ac.in
,,"Kendriya Vidyalaya  Hakimpet, Secunderabad",https://hakimpet.kvs.ac.in
,,"Kendriya Vidyalaya  IVRI Izatnagar, Bareilly",https://ivribareilly.kvs.ac.in
,,"Kendriya Vidyalaya  Lekha Pani, Tinsukia",https://lekhapani.kvs.ac.in
,,"Kendriya Vidyalaya  Malappuram, Ernakulam",https://mallapuram.kvs.ac.in
,,"Kendriya Vidyalaya  Mancherial, Hyderabad",https://mancherial.kvs.ac.in
,,"Kendriya Vidyalaya  Mau, Uttar Pradesh",https://mau.kvs.ac.in
,,"Kendriya Vidyalaya  Miryalaguda, Telangana",https://miryalaguda.kvs.ac.in
,,"Kendriya Vidyalaya  N.H.P.C Sainj, Kullu",https://sainj.kvs.ac.in
,,"Kendriya Vidyalaya  Nahara, Sonipat",https://nahara.kvs.ac.in
,,"Kendriya Vidyalaya  Naleti, Kangra",https://naleti.kvs.ac.in
,,"Kendriya Vidyalaya  No. 1, Golconda",https://no1golconda.kvs.ac.in
,,"Kendriya Vidyalaya  No.1 Chandimandir, Gurgaon",https://no1chandimandir.kvs.ac.in
,,"Kendriya Vidyalaya  No.1 Srivijaya Nagar, Visakhapatnam",https://no1srivijayanagar.kvs.ac.in
,,Kendriya Vidyalaya  No.1 Tirupati,https://no1tirupati.kvs.ac.in
,,"Kendriya Vidyalaya  No.1, Sirsa, Gurgaon",https://afsno1sirsa.kvs.ac.in
,,"Kendriya Vidyalaya  Ongole, Hyderabad",https://ongole.kvs.ac.in
,,"Kendriya Vidyalaya  SVP National Police Academy, Hyderabad",https://npasvp.kvs.ac.in
,,"Kendriya Vidyalaya  Sector-2, Ram Krishan Puram, Delhi",https://rkpuramsec2.kvs.ac.in
,,"Kendriya Vidyalaya  Shaktinagar, Varanasi",https://ntpcshaktinagar.kvs.ac.in
,,"Kendriya Vidyalaya  Siddipet, Telangana",https://siddipet.kvs.ac.in
,,"Kendriya Vidyalaya (Embassy of India School), Tehran, Iran",https://kendriyavidyalayatehran.ir
,,"Kendriya Vidyalaya , Dhenkanal, Odisha",https://dhenkanaltown.kvs.ac.in
,,"Kendriya Vidyalaya , NAL campus, Bangalore",https://nal.kvs.ac.in
,,"Kendriya Vidyalaya ,Ooty, Tamil Nadu",https://hpfootacamund.kvs.ac.in
,,"Kendriya Vidyalaya 210 Cobra, CRPF",https://210cobracrpf.kvs.ac.in
,,"Kendriya Vidyalaya 39GTC (Gorkha Training Centre), Varanasi",https://gtcvaranasi.kvs.ac.in
,,"Kendriya Vidyalaya 3BRD, AFS, Chandigarh",https://chandigarh3brd.kvs.ac.in
,,Kendriya Vidyalaya A. R. C. Doomdooma,https://doomdoomaarc.kvs.ac.in
,,"Kendriya Vidyalaya AFS Amla, Madhya Pradesh",https://afsamla.kvs.ac.in
,,"Kendriya Vidyalaya AFS Awantipur, Pulwama",https://afsawantipura.kvs.ac.in
,,"Kendriya Vidyalaya AFS BKT, Lucknow",https://afsbakshikatalab.kvs.ac.in
,,"Kendriya Vidyalaya AFS Bagdogra, Kolkata",https://bagdogra.kvs.ac.in
,,"Kendriya Vidyalaya AFS Bamrauli, Varanasi",https://afsbamrauli.kvs.ac.in
,,"Kendriya Vidyalaya AFS Bareilly, Lucknow",https://afsbareilly.kvs.ac.in
,,"Kendriya Vidyalaya AFS Borjhar, Guwahati",https://borjhar.kvs.ac.in
,,"Kendriya Vidyalaya AFS Chabua, Dibrugarh",https://chabua.kvs.ac.in
,,"Kendriya Vidyalaya AFS Devlali, Mumbai",https://no2afsdevlali.kvs.ac.in
,,"Kendriya Vidyalaya AFS Digaru, Assam",https://afsdigaru.kvs.ac.in
,,"Kendriya Vidyalaya AFS Jorhat, Assam",https://no1afsjorhat.kvs.ac.in
,,"Kendriya Vidyalaya AFS Kasauli, Solan",https://afskasauli.kvs.ac.in
,,"Kendriya Vidyalaya AFS Manauri, Allahabad",https://manauri.kvs.ac.in
,,"Kendriya Vidyalaya AFS Memaura, Lucknow",https://afsmemaura.kvs.ac.in
,,"Kendriya Vidyalaya AFS Naliya, Kutch (Bhuj)",https://afsnaliya.kvs.ac.in
,,"Kendriya Vidyalaya AFS Ojhar, Nashik",https://afsojhar.kvs.ac.in
,,"Kendriya Vidyalaya AFS Purnea, Patna",https://purnia.kvs.ac.in
,,Kendriya Vidyalaya AFS Thane,https://afsthane.kvs.ac.in
,,"Kendriya Vidyalaya AFS Yelahanka, Bengaluru",https://afsyelahanka.kvs.ac.in
,,"Kendriya Vidyalaya AFS, Jaisalmer",https://afsjaisalmer.kvs.ac.in
,,"Kendriya Vidyalaya AMC, Lucknow",https://amclucknow.kvs.ac.in
,,"Kendriya Vidyalaya AOC, Jabalpur",https://aocjabalpur.kvs.ac.in
,,"Kendriya Vidyalaya ASC and Centre No.1, Bangalore",https://ascbangalore.kvs.ac.in
,,"Kendriya Vidyalaya Aalo, Arunachal Pradesh",https://along.kvs.ac.in
,,"Kendriya Vidyalaya Aambasa, Tripura",https://ambassa.kvs.ac.in
,,"Kendriya Vidyalaya Aayer, Varanasi",https://aayervaranasi.kvs.ac.in
,,"Kendriya Vidyalaya Abohar, Punjab",https://abohar.kvs.ac.in
,,"Kendriya Vidyalaya Adilabad, Hyderabad",https://adilabad.kvs.ac.in
,,"Kendriya Vidyalaya Adra, Purulia",https://adra.kvs.ac.in
,,Kendriya Vidyalaya Ahmednagar No.3 (VRDE),https://no3ahmednagar.kvs.ac.in
,,"Kendriya Vidyalaya Air Force Station, Bawana, Delhi",https://bawanaafs.kvs.ac.in
,,"Kendriya Vidyalaya Air Force Station, Bidar, Karnataka",https://afsbidar.kvs.ac.in
,,"Kendriya Vidyalaya Air Force Station, Darbhanga, Patna",https://no1darbhanga.kvs.ac.in
,,"Kendriya Vidyalaya Air Force Station, Kumbhirgram",https://afskumbhirgram.kvs.ac.in
,,"Kendriya Vidyalaya Air Force Station, Makarpura, Vadodara",https://no3baroda.kvs.ac.in
,,"Kendriya Vidyalaya Air Force Station, Samana",https://samanaafs.kvs.ac.in
,,"Kendriya Vidyalaya Air Force Station, Sulur",https://sulur.kvs.ac.in
,,"Kendriya Vidyalaya Aizawl, Mizoram",https://aizawal.kvs.ac.in
,,"Kendriya Vidyalaya Akampat, Tinsukia",https://akampat.kvs.ac.in
,,"Kendriya Vidyalaya Akhnoor, Jammu",https://no1akhnoor.kvs.ac.in
,,"Kendriya Vidyalaya Aliganj, Lucknow",https://aliganj.kvs.ac.in
,,"Kendriya Vidyalaya Aligarh, Agra",https://aligarh.kvs.ac.in
,,"Kendriya Vidyalaya Alipurduar, Kolkata",https://alipurduar.kvs.ac.in
,,"Kendriya Vidyalaya Amarkantak , Jabalpur",https://amarkantak.kvs.ac.in
,,"Kendriya Vidyalaya Ambajhari, Nagpur",https://ambajhari.kvs.ac.in
,,"Kendriya Vidyalaya Ambarnath, Thane",https://ofambarnath.kvs.ac.in
,,"Kendriya Vidyalaya Ambikapur, Raipur",https://ambikapur.kvs.ac.in
,,"Kendriya Vidyalaya Amerigog, Guwahati",https://amerigogcrpf.kvs.ac.in
,,"Kendriya Vidyalaya Amethi, Uttar Pradesh",https://amethi.kvs.ac.in
,,"Kendriya Vidyalaya Amhat, Sultanpur",https://amhat.kvs.ac.in
,,"Kendriya Vidyalaya Aminoo, Jammu",https://aminoo.kvs.ac.in
,,"Kendriya Vidyalaya Anantnag, Jammu",https://anantnag.kvs.ac.in
,,"Kendriya Vidyalaya Andal, Kolkata",https://andal.kvs.ac.in
,,"Kendriya Vidyalaya Ara, Bihar",https://arah.kvs.ac.in
,,"Kendriya Vidyalaya Aradhpur, Kolkata",https://bsfaradhpur.kvs.ac.in
,,"Kendriya Vidyalaya Araria, Bihar",https://araria.kvs.ac.in
,,"Kendriya Vidyalaya Army Area, Pune, Mumbai",https://armyareapune.kvs.ac.in
,,"Kendriya Vidyalaya Army Barrackpore, Kolkata",https://armybarrackpore.kvs.ac.in
,,"Kendriya Vidyalaya Army Camp Dhana, Sagar",https://dhana.kvs.ac.in
,,"Kendriya Vidyalaya Asansol, Kolkata",https://asansol.kvs.ac.in
,,"Kendriya Vidyalaya Assam University Dorgakona, Silchar",https://assamuniversity.kvs.ac.in
,,"Kendriya Vidyalaya Aurangabad, Bihar",https://aurangabad.kvs.ac.in
,,"Kendriya Vidyalaya B.M.Y., Bhilai, Chhattisgarh",https://bhilai.kvs.ac.in
,,"Kendriya Vidyalaya B.S.F, Khajuwala, Rajasthan",https://khajuwalabsf.kvs.ac.in
,,"Kendriya Vidyalaya BEG Pune, Mumbai",https://begpune.kvs.ac.in
,,"Kendriya Vidyalaya BEML Nagar, Karnataka",https://bemlnagarkolar.kvs.ac.in
,,"Kendriya Vidyalaya BHEL Jagdishpur, Amethi",https://jagdishpurbhel.kvs.ac.in
,,"Kendriya Vidyalaya BHU, BHU Campus, Varanasi",https://bhuvaranasi.kvs.ac.in
,,"Kendriya Vidyalaya BRBNMPL, Mysuru",https://brbnmplmysuru.kvs.ac.in
,,"Kendriya Vidyalaya BSF Anupgarh, Rajasthan",https://bsfanoopgarh.kvs.ac.in
,,"Kendriya Vidyalaya BSF Baikunthpur, West Bengal",https://bsfbaikunthpur.kvs.ac.in
,,"Kendriya Vidyalaya BSF Campus Rajouri, Jammu",https://bsfrajouri.kvs.ac.in
,,"Kendriya Vidyalaya BSF Campus, Panisagar, North Tripura",https://bsfpanisagar.kvs.ac.in
,,"Kendriya Vidyalaya BSF Chakur, Maharashtra",https://bsfchakur.kvs.ac.in
,,"Kendriya Vidyalaya BSF Dantiwada, Banaskantha",https://bsfdantiwada.kvs.ac.in
,,"Kendriya Vidyalaya BSF Hazaribagh, Jharkhand",https://bsfhazaribagh.kvs.ac.in
,,"Kendriya Vidyalaya BSF Humhama, Jammu",https://humhamabsf.kvs.ac.in
,,"Kendriya Vidyalaya BSF Jodhpur, Jaipur",https://jodhpurbsf.kvs.ac.in
,,"Kendriya Vidyalaya BSF Kishanganj, Bihar",https://bsfkishanganj.kvs.ac.in
,,"Kendriya Vidyalaya BSF Krinshnanagar, Kolkata",https://bsfkrishnanagar.kvs.ac.in
,,"Kendriya Vidyalaya BSF Raninagar, Jalpaiguri",https://bsfraninagar.kvs.ac.in
,,Kendriya Vidyalaya BSF Teliamura,https://bsfteliamura.kvs.ac.in
,,"Kendriya Vidyalaya BSF, Bandipur",https://bsfbandipur.kvs.ac.in
,,"Kendriya Vidyalaya BSF, Gandhinagar, West Bengal",https://bsfgandhinagar.kvs.ac.in
,,"Kendriya Vidyalaya BSF, Pokhran",https://bsfpokhran.kvs.ac.in
,,"Kendriya Vidyalaya Bacheli, Dantewada, Raipur",https://biopbacheli.kvs.ac.in
,,"Kendriya Vidyalaya Bagafa, Silchar",https://bsfbagafa.kvs.ac.in
,,"Kendriya Vidyalaya Bagalkot, Bangalore",https://bagalkot.kvs.ac.in
,,"Kendriya Vidyalaya Baikunthpur, Raipur",https://seclbaikuntpur.kvs.ac.in
,,"Kendriya Vidyalaya Bairagarh, Bhopal",https://bairagarh.kvs.ac.in
,,"Kendriya Vidyalaya Balaghat, Jabalpur",https://balaghat.kvs.ac.in
,,"Kendriya Vidyalaya Ballia, Varanasi",https://balliya.kvs.ac.in
,,"Kendriya Vidyalaya Ballygunge, Kolkata",https://baligunge.kvs.ac.in
,,"Kendriya Vidyalaya Balrampur, Lucknow",https://balrampur.kvs.ac.in
,,"Kendriya Vidyalaya Balurghat, Kolkata",https://balurghat.kvs.ac.in
,,"Kendriya Vidyalaya Bamangachi, Kolkata",https://bamangachi.kvs.ac.in
,,"Kendriya Vidyalaya Bambolim Camp, Goa",https://bambolim.kvs.ac.in
,,"Kendriya Vidyalaya Bandarsindri, Jaipur",https://bandarsindari.kvs.ac.in
,,"Kendriya Vidyalaya Bandel, Kolkata",https://bandel.kvs.ac.in
,,"Kendriya Vidyalaya Banka, Patna",https://banka.kvs.ac.in
,,"Kendriya Vidyalaya Banswara, Jaipur",https://banswara.kvs.ac.in
,,"Kendriya Vidyalaya Bantalab, Jammu",https://crpfbantalab.kvs.ac.in
,,"Kendriya Vidyalaya Barabanki, Lucknow",https://barabanki.kvs.ac.in
,,"Kendriya Vidyalaya Baramulla, Jammu and Kashmir",https://baramula.kvs.ac.in
,,"Kendriya Vidyalaya Bargarh, Odisha",https://bargarh.kvs.ac.in
,,"Kendriya Vidyalaya Barkakana, Jharkhand",https://barkakana.kvs.ac.in
,,"Kendriya Vidyalaya Barkuhi, Jabalpur",https://chandametta.kvs.ac.in
,,"Kendriya Vidyalaya Barpeta, Assam",https://barpeta.kvs.ac.in
,,"Kendriya Vidyalaya Barrackpore, Kolkata",https://afsbarrackpore.kvs.ac.in
,,"Kendriya Vidyalaya Basti, Varanasi",https://basti.kvs.ac.in
,,"Kendriya Vidyalaya Beawar, Rajasthan",https://beawar.kvs.ac.in
,,"Kendriya Vidyalaya Bela, Saran",https://saranbela.kvs.ac.in
,,"Kendriya Vidyalaya Bellary, Karnataka",https://bellary.kvs.ac.in
,,"Kendriya Vidyalaya Bengdubi, Kolkata",https://bengdubi.kvs.ac.in
,,"Kendriya Vidyalaya Berhampore, Kolkata",https://berhampore.kvs.ac.in
,,"Kendriya Vidyalaya Berhampur, Odisha",https://berhampur.kvs.ac.in
,,"Kendriya Vidyalaya Bettiah, Patna",https://betiah.kvs.ac.in
,,Kendriya Vidyalaya Bhadarwah,https://badarwah.kvs.ac.in
,,"Kendriya Vidyalaya Bhadohi, Varanasi",https://bhadohi.kvs.ac.in
,,"Kendriya Vidyalaya Bhanala, Himachal Pradesh",https://bhanala.kvs.ac.in
,,"Kendriya Vidyalaya Bhandara, Maharashtra",https://bhandaraof.kvs.ac.in
,,"Kendriya Vidyalaya Bhandup, Mumbai",https://bhandup.kvs.ac.in
,,"Kendriya Vidyalaya Bhavnagar Para, Gujarat",https://bhavnagarpara.kvs.ac.in
,,"Kendriya Vidyalaya Bhawanipatna, Kalahandi, Odisha",https://bhawanipatna.kvs.ac.in
,,"Kendriya Vidyalaya Bhilwara, Rajasthan",https://bhilwara.kvs.ac.in
,,"Kendriya Vidyalaya Bhongir, Telangana",https://bhongir.kvs.ac.in
,,"Kendriya Vidyalaya Bhurkunda, Jharkhand",https://bhurkunda.kvs.ac.in
,,"Kendriya Vidyalaya Bijapur, Karnataka",https://bijapur.kvs.ac.in
,,"Kendriya Vidyalaya Birbhum, Kolkata",https://birbhum.kvs.ac.in
,,"Kendriya Vidyalaya Bodhan Town, Telangana",https://bodhantown.kvs.ac.in
,,"Kendriya Vidyalaya Bokaro Thermal, Jharkhand",https://bokarothermal.kvs.ac.in
,,Kendriya Vidyalaya Bolaram,https://bolarum.kvs.ac.in
,,"Kendriya Vidyalaya Bolpur, Kolkata",https://bolpur.kvs.ac.in
,,"Kendriya Vidyalaya Bowenpally, Secunderabad",https://bowenpally.kvs.ac.in
,,"Kendriya Vidyalaya Bundi, Jaipur",https://bundi.kvs.ac.in
,,"Kendriya Vidyalaya Burdwan, West Bengal",https://burdwan.kvs.ac.in
,,"Kendriya Vidyalaya Buxar, Patna",https://buxar.kvs.ac.in
,,"Kendriya Vidyalaya CCI Bokajan, Assam",https://ccibokajan.kvs.ac.in
,,"Kendriya Vidyalaya CISF Bhilai, Raipur",https://cisfbhilai.kvs.ac.in
,,"Kendriya Vidyalaya CISF Deoli, Jaipur",https://deolicisf.kvs.ac.in
,,"Kendriya Vidyalaya CLRI, Chennai",https://chennaiclri.kvs.ac.in
,,"Kendriya Vidyalaya CME, Pune",https://cmepune.kvs.ac.in
,,"Kendriya Vidyalaya CMERI Durgapur, Kolkata",https://cmeridurgapur.kvs.ac.in
,,"Kendriya Vidyalaya COD, Jabalpur",https://codjabalpur.kvs.ac.in
,,"Kendriya Vidyalaya CRPF Barkas, Hyderabad",https://hyderabadcrpf.kvs.ac.in
,,"Kendriya Vidyalaya CRPF Durgapur, Kolkata",https://crpfdurgapur.kvs.ac.in
,,"Kendriya Vidyalaya CRPF Gandhinagar, Ahmedabad",https://crpfgandhinagar.kvs.ac.in
,,"Kendriya Vidyalaya CRPF Jhaphan, Muzaffarpur",https://crpfjhaphan.kvs.ac.in
,,"Kendriya Vidyalaya CRPF Mudkhed, Nanded",https://crpfmudkhed.kvs.ac.in
,,"Kendriya Vidyalaya CRPF Nagpur, Mumbai",https://crpfnagpur.kvs.ac.in
,,Kendriya Vidyalaya CRPF Rampur,https://crpframpur.kvs.ac.in
,,"Kendriya Vidyalaya CRPF Talegaon, Pune",https://crpfteligaon.kvs.ac.in
,,"Kendriya Vidyalaya Central University, Jammu",https://curahyasuchani.kvs.ac.in
,,"Kendriya Vidyalaya Chakpikarong, Tinsukiya",https://chakpikarong.kvs.ac.in
,,"Kendriya Vidyalaya Chakradharpur, Jharkhand",https://chakradharpur.kvs.ac.in
,,"Kendriya Vidyalaya Chamarajanagara, Bangaluru",https://chamrajnagar.kvs.ac.in
,,"Kendriya Vidyalaya Champhai, Mizoram",https://champhai.kvs.ac.in
,,"Kendriya Vidyalaya CRPF, Ranchi",https://crpfranchi.kvs.ac.in
,,"Kendriya Vidyalaya CRPF, Yelahanka",https://crpfyelahanka.kvs.ac.in
,,"Kendriya Vidyalaya CTPS Chandrapura, Bokaro, Jharkhand",https://chandrapura.kvs.ac.in
,,"Kendriya Vidyalaya Central Coal Field, Ranchi",https://cclranchi.kvs.ac.in
,,"Kendriya Vidyalaya Central University Tezpur, Sonitpur",https://no4tezpur.kvs.ac.in
,,"Kendriya Vidyalaya Chatra, Jharkhand",https://chatra.kvs.ac.in
,,"Kendriya Vidyalaya Chaurai, Jabalpur",https://chaurai.kvs.ac.in
,,"Kendriya Vidyalaya Chero, Salempur",https://cherosalempur.kvs.ac.in
,,"Kendriya Vidyalaya Chhatarpur, Jabalpur",https://chhattarpur.kvs.ac.in
,,"Kendriya Vidyalaya Chheoki Prayagraj, Varanasi Region",https://chheoki.kvs.ac.in
,,"Kendriya Vidyalaya Chikkamagaluru, Bangalore",https://kadrimidri.kvs.ac.in
,,"Kendriya Vidyalaya Chikodi, Karnataka",https://chikodi.kvs.ac.in
,,"Kendriya Vidyalaya Chirimiri, Raipur",https://seclchirimiri.kvs.ac.in
,,"Kendriya Vidyalaya Chitrakoot, Varanasi",https://chitrakoot.kvs.ac.in
,,"Kendriya Vidyalaya Chittaranjan, Kolkata",https://chittaranjanclw.kvs.ac.in
,,"Kendriya Vidyalaya Chittorgarh, Udaipur",https://chittorgarh.kvs.ac.in
,,"Kendriya Vidyalaya Chopan, Sonebhadra, Uttar Pradesh",https://chopan.kvs.ac.in
,,Kendriya Vidyalaya Churu,https://churu.kvs.ac.in
,,"Kendriya Vidyalaya Command Hospital, Alipore",https://alipore.kvs.ac.in
,,"Kendriya Vidyalaya Cooch Behar, West Bengal",https://coochbehar.kvs.ac.in
,,"Kendriya Vidyalaya Cossipore, Kolkata",https://cossipore.kvs.ac.in
,,"Kendriya Vidyalaya DIAT Girinagar, Pune",https://iatgirinagar.kvs.ac.in
,,Kendriya Vidyalaya DLW Varanasi,https://dlwvaranasi.kvs.ac.in
,,"Kendriya Vidyalaya DRDO, Kanchanbagh",https://drdokanchanbagh.kvs.ac.in
,,"Kendriya Vidyalaya Dahi Chauki, Unnao",https://unnao.kvs.ac.in
,,"Kendriya Vidyalaya Dahod, Ahmedabad",https://dahod.kvs.ac.in
,,"Kendriya Vidyalaya Damoh, Madhya Pradesh",https://damoh.kvs.ac.in
,,"Kendriya Vidyalaya Danapur Cantt, Patna",https://danapurcantt.kvs.ac.in
,,"Kendriya Vidyalaya Darjipura, Vadodara",https://afsdarjeepura.kvs.ac.in
,,"Kendriya Vidyalaya Davangere, Karnataka",https://davangere.kvs.ac.in
,,"Kendriya Vidyalaya Deeptinagar, NTPC Kahalgaon, Bihar",https://ntpckahalgaon.kvs.ac.in
,,"Kendriya Vidyalaya Deoria, Varanasi",https://deoria.kvs.ac.in
,,"Kendriya Vidyalaya Dhamana, Jammu",https://dhamana.kvs.ac.in
,,"Kendriya Vidyalaya Dhamtari, Raipur",https://dhamtari.kvs.ac.in
,,"Kendriya Vidyalaya Dhanpuri, Madhya Pradesh",https://secldhanpuri.kvs.ac.in
,,"Kendriya Vidyalaya Dharamshala Cantt , Gurgaon",https://dharamshalacantt.kvs.ac.in
,,"Kendriya Vidyalaya Dholchera, Assam",https://bsfdholchera.kvs.ac.in
,,"Kendriya Vidyalaya Dholpur, Rajasthan",https://dholpur.kvs.ac.in
,,"Kendriya Vidyalaya Dhrangadhra, Ahmedabad",https://dharangandhra.kvs.ac.in
,,"Kendriya Vidyalaya Dhule, Mumbai",https://dhule.kvs.ac.in
,,"Kendriya Vidyalaya Dipatoli, Ranchi",https://dipatoli.kvs.ac.in
,,"Kendriya Vidyalaya Diphu, Guwahati",https://diphu.kvs.ac.in
,,"Kendriya Vidyalaya Dirang, West Kameng",https://dirang.kvs.ac.in
,,"Kendriya Vidyalaya Duliajan, Tinsukia",https://duliajan.kvs.ac.in
,,"Kendriya Vidyalaya Dumka, Jharkhand",https://dumka.kvs.ac.in
,,"Kendriya Vidyalaya Dibrugarh, Tinsukia",https://dibrugarh.kvs.ac.in
,,"Kendriya Vidyalaya Dibsya Gangapur City, Jaipur",https://gangapurcity.kvs.ac.in
,,"Kendriya Vidyalaya Dimapur CRPF, Tinsukia",https://dimapur.kvs.ac.in
,,"Kendriya Vidyalaya Dindori, Jabalpur",https://dindori.kvs.ac.in
,,"Kendriya Vidyalaya Dinjan, Tinsukia",https://dinjan.kvs.ac.in
,,"Kendriya Vidyalaya Dungarpur, Jaipur",https://dungarpur.kvs.ac.in
,,"Kendriya Vidyalaya Durg, Raipur",https://durg.kvs.ac.in
,,"Kendriya Vidyalaya Dwarka, Gujarat",https://dwarkagujarat.kvs.ac.in
,,"Kendriya Vidyalaya EAC, Upper Shillong, Meghalaya",https://eacuppershillong.kvs.ac.in
,,"Kendriya Vidyalaya Eluru, Hyderabad",https://eluru.kvs.ac.in
,,"Kendriya Vidyalaya Ernakulam, Kerala",https://ernakulam.kvs.ac.in
,,"Kendriya Vidyalaya Faizabad, Lucknow",https://faizabadcantt.kvs.ac.in
,,"Kendriya Vidyalaya Fort William, Kolkata",https://fortwilliam.kvs.ac.in
,,"Kendriya Vidyalaya G.C C.R.P.F Pinjore, Panchkula",https://crpfpinjore.kvs.ac.in
,,"Kendriya Vidyalaya GAIL, Vijaipur",https://gailvijayapur.kvs.ac.in
,,"Kendriya Vidyalaya GC CRPF, Agartala",https://crpfagartala.kvs.ac.in
,,"Kendriya Vidyalaya Gachibowli, Hyderabad",https://gachibawli.kvs.ac.in
,,"Kendriya Vidyalaya Gail Jhabua, Bhopal",https://jhabuagail.kvs.ac.in
,,"Kendriya Vidyalaya Gandhidham Colony, Ahmedabad",https://gandhidham.kvs.ac.in
,,"Kendriya Vidyalaya Gandhinagar, Gujarat",https://no1gandhinagar.kvs.ac.in
,,"Kendriya Vidyalaya Ganeshkhind, Pune",https://ganeshkhind.kvs.ac.in
,,"Kendriya Vidyalaya Gangavathi, Bangalore",https://gangavathi.kvs.ac.in
,,"Kendriya Vidyalaya Gangrani, Kushinagar",https://gangrani.kvs.ac.in
,,"Kendriya Vidyalaya Gangtok, Sikkim",https://gangtok.kvs.ac.in
,,"Kendriya Vidyalaya Garden Reach, Kolkata",https://gardenreach.kvs.ac.in
,,"Kendriya Vidyalaya Garha , Jabalpur",https://garha.kvs.ac.in
,,"Kendriya Vidyalaya Garhara, Patna",https://garhara.kvs.ac.in
,,"Kendriya Vidyalaya Garhwa, Jharkhand",https://garhwa.kvs.ac.in
,,"Kendriya Vidyalaya Gauribidanur, Bangalore",https://gauribidanur.kvs.ac.in
,,"Kendriya Vidyalaya Ghatkesar, Hyderabad",https://ghatkesarnfc.kvs.ac.in
,,"Kendriya Vidyalaya Ghazipur, Uttar Pradesh",https://ghazipur.kvs.ac.in
,,"Kendriya Vidyalaya Giridih, Jharkhand",https://giridih.kvs.ac.in
,,"Kendriya Vidyalaya Goalpara, Assam",https://goalpara.kvs.ac.in
,,"Kendriya Vidyalaya Godda, Jharkhand",https://godda.kvs.ac.in
,,"Kendriya Vidyalaya Godhra, Gujarat",https://godhra.kvs.ac.in
,,"Kendriya Vidyalaya Golaghat, Guwahati",https://golaghat.kvs.ac.in
,,"Kendriya Vidyalaya Gomoh, Jharkhand",https://gomoh.kvs.ac.in
,,"Kendriya Vidyalaya Gomti Nagar, Lucknow",https://gomtinagar.kvs.ac.in
,,"Kendriya Vidyalaya Gonda, Varanasi",https://gonda.kvs.ac.in
,,"Kendriya Vidyalaya Gooty, Andhra Pradesh",https://gootyanantpur.kvs.ac.in
,,"Kendriya Vidyalaya Guntakal, Andhra Pradesh",https://guntakal.kvs.ac.in
,,"Kendriya Vidyalaya Guntur, Hyderabad",https://guntur.kvs.ac.in
,,"Kendriya Vidyalaya HEC No.1, Ranchi",https://hecranchi.kvs.ac.in
,,"Kendriya Vidyalaya HPC Panchgram, Silchar",https://hpcpanchgram.kvs.ac.in
,,"Kendriya Vidyalaya HPCL, Jagiroad",https://jagiroadhpcl.kvs.ac.in
,,"Kendriya Vidyalaya Haflong, Assam",https://haflongssb.kvs.ac.in
,,"Kendriya Vidyalaya Hajipur, Bihar",https://hajipur.kvs.ac.in
,,"Kendriya Vidyalaya Hanumangarh, Jaipur",https://hanumangarh.kvs.ac.in
,,"Kendriya Vidyalaya Happy Valley, Shillong",https://happyvalley.kvs.ac.in
,,"Kendriya Vidyalaya Hardoi, Lucknow",https://hardoi.kvs.ac.in
,,"Kendriya Vidyalaya Harnaut, Bihar",https://harnaut.kvs.ac.in
,,"Kendriya Vidyalaya Hasimara, West Bengal",https://hasimara.kvs.ac.in
,,"Kendriya Vidyalaya Hatta, Jabalpur",https://hattanagar.kvs.ac.in
,,"Kendriya Vidyalaya Haveri, Karnataka",https://haveri.kvs.ac.in
,,"Kendriya Vidyalaya Hebbal, Bangalore, Karnataka",https://hebbalbangalore.kvs.ac.in
,,"Kendriya Vidyalaya Himmat Nagar, Gujarat",https://himmatnagar.kvs.ac.in
,,"Kendriya Vidyalaya Hospet, Karnataka",https://hospet.kvs.ac.in
,,"Kendriya Vidyalaya IFFCO Phulpur, Varanasi",https://iffcophulpur.kvs.ac.in
,,"Kendriya Vidyalaya IFFCO, Bareilly",https://iffcobareilly.kvs.ac.in
,,"Kendriya Vidyalaya IIIT Jhalwa, Varanasi",https://iiitallahabad.kvs.ac.in
,,"Kendriya Vidyalaya IIM Joka, Kolkata",https://iimjoka.kvs.ac.in
,,"Kendriya Vidyalaya IIM, Lucknow",https://iimcampus.kvs.ac.in
,,"Kendriya Vidyalaya IIT Powai, Mumbai",https://iitpowai.kvs.ac.in
,,"Kendriya Vidyalaya IIT, Guwahati",https://iitguwahati.kvs.ac.in
,,"Kendriya Vidyalaya IIT, Jodhpur",https://iitjodhpur.kvs.ac.in
,,"Kendriya Vidyalaya IIT, Kanpur",https://iitkanpur.kvs.ac.in
,,"Kendriya Vidyalaya IIT, Kharagpur",https://iitkharagpur.kvs.ac.in
,,"Kendriya Vidyalaya IIT,Chennai",https://chennaiiit.kvs.ac.in
,,"Kendriya Vidyalaya INS Hamla, Mumbai",https://hamlains.kvs.ac.in
,,"Kendriya Vidyalaya INS Shivaji, Lonavla",https://lonavala.kvs.ac.in
,,"Kendriya Vidyalaya INS Valsura, Jamnagar, Gujarat",https://insvalsura.kvs.ac.in
,,"Kendriya Vidyalaya INS, Kalinga",https://inskalinga.kvs.ac.in
,,"Kendriya Vidyalaya IOC Haldia, Kolkata",https://haldiaioc.kvs.ac.in
,,"Kendriya Vidyalaya IOC, Guwahati",https://iocguwahati.kvs.ac.in
,,"Kendriya Vidyalaya ISA, Mount Abu, Jaipur",https://crpfmountabu.kvs.ac.in
,,"Kendriya Vidyalaya ISP Nehru Nagar Nasik, Mumbai",https://no2nasikisp.kvs.ac.in
,,"Kendriya Vidyalaya ITI Mankapur, Varanasi",https://itimankapur.kvs.ac.in
,,"Kendriya Vidyalaya Idukki, Kerala",https://painavu.kvs.ac.in
,,"Kendriya Vidyalaya Indrapura, Jaipur",https://inderpura.kvs.ac.in
,,"Kendriya Vidyalaya Itarana, Alwar",https://itarana.kvs.ac.in
,,"Kendriya Vidyalaya Jagdalpur, Chhattisgarh",https://jagdalpur.kvs.ac.in
,,"Kendriya Vidyalaya Jakhoohills, Shimla",https://shimla.kvs.ac.in
,,"Kendriya Vidyalaya Jalgaon, Maharashtra",https://nmujalgaon.kvs.ac.in
,,"Kendriya Vidyalaya Jalipa Cantt, Barmer",https://jalipacantt.kvs.ac.in
,,"Kendriya Vidyalaya Jalore, Jaipur",https://jalore.kvs.ac.in
,,"Kendriya Vidyalaya Jamai, Jabalpur",https://jamai.kvs.ac.in
,,"Kendriya Vidyalaya Jamalpur, Patna",https://jamalpur.kvs.ac.in
,,"Kendriya Vidyalaya Jamtara, Jharkhand",https://jamtara.kvs.ac.in
,,"Kendriya Vidyalaya Jamuna Colliery, Jabalpur",https://jamunacolliery.kvs.ac.in
,,"Kendriya Vidyalaya Janjgir, Raipur",https://janjgir.kvs.ac.in
,,"Kendriya Vidyalaya Jashpur, Raipur",https://jashpur.kvs.ac.in
,,"Kendriya Vidyalaya Jawaharnagar, Patna",https://jawaharnagar.kvs.ac.in
,,"Kendriya Vidyalaya Jayant Colliery, Jabalpur",https://jayantcolliery.kvs.ac.in
,,"Kendriya Vidyalaya Jehanabad, Bihar",https://ainwan.kvs.ac.in
,,"Kendriya Vidyalaya Jetpur, Gujarat",https://jetpur.kvs.ac.in
,,"Kendriya Vidyalaya Jhabua, Madhya Pradesh",https://roernakulam.kvs.gov.in
,,"Kendriya Vidyalaya Jhagrakhand, Raipur",https://secljhagrakhand.kvs.ac.in
,,"Kendriya Vidyalaya Jhajha, Patna",https://jhajha.kvs.ac.in
,,"Kendriya Vidyalaya Jhalawar, Rajasthan",https://jhalawar.kvs.ac.in
,,"Kendriya Vidyalaya Jharasangam, Telangana",https://jharasangam.kvs.ac.in
,,"Kendriya Vidyalaya Jharsuguda, Odisha",https://jharsuguda.kvs.ac.in
,,Kendriya Vidyalaya Jhunjhunu,https://jhunjhunu.kvs.ac.in
,,"Kendriya Vidyalaya Jindrah, Jammu",https://jindrah.kvs.ac.in
,,Kendriya Vidyalaya Jorhat No. III (RRL),https://no3jorhat.kvs.ac.in
,,"Kendriya Vidyalaya Jourian, Jammu",https://jourian.kvs.ac.in
,,"Kendriya Vidyalaya Junagadh, Gujarat",https://junagarh.kvs.ac.in
,,"Kendriya Vidyalaya Jutogh Cantt, Shimla",https://jutogh.kvs.ac.in
,,"Kendriya Vidyalaya Kadapa, Hyderabad",https://kadapa.kvs.ac.in
,,"Kendriya Vidyalaya Kailashahar, Tripura",https://kailashahar.kvs.ac.in
,,"Kendriya Vidyalaya Kakinada, Hyderabad",https://kakinada.kvs.ac.in
,,"Kendriya Vidyalaya Kalimpong, West Bengal",https://kalimpong.kvs.ac.in
,,"Kendriya Vidyalaya Kaluchak, Jammu",https://kaluchak.kvs.ac.in
,,"Kendriya Vidyalaya Kamptee, Mumbai",https://kamptee.kvs.ac.in
,,"Kendriya Vidyalaya Kandukur Town, Andhra Pradesh",https://kandukurtown.kvs.ac.in
,,"Kendriya Vidyalaya Kanker, Raipur",https://kanker.kvs.ac.in
,,"Kendriya Vidyalaya Kankinara, Kolkata",https://kankinara.kvs.ac.in
,,"Kendriya Vidyalaya Kanpur Cantt, Lucknow",https://kanpurcantt.kvs.ac.in
,,Kendriya Vidyalaya Karaikudi,https://karaikudicecri.kvs.ac.in
,,Kendriya Vidyalaya Karauli,https://karauli.kvs.ac.in
,,"Kendriya Vidyalaya Kargil, Ladakh",https://kargil.kvs.ac.in
,,"Kendriya Vidyalaya Karimganj, Silchar",https://karimganj.kvs.ac.in
,,"Kendriya Vidyalaya Karnal, Haryana",https://karnal.kvs.ac.in
,,"Kendriya Vidyalaya Karwar Naval Base, Uttar Kannada",https://karwar.kvs.ac.in
,,"Kendriya Vidyalaya Kashipur, Uttarakhand",https://kashipur.kvs.ac.in
,,"Kendriya Vidyalaya Kathua, Jammu & Kashmir",https://kathua.kvs.ac.in
,,"Kendriya Vidyalaya Katihar, Patna",https://katihar.kvs.ac.in
,,"Kendriya Vidyalaya Kawardha, Raipur",https://kawardha.kvs.ac.in
,,"Kendriya Vidyalaya Keonjhar, Bhubneshwar",https://keonjhar.kvs.ac.in
,,"Kendriya Vidyalaya Keylong, Himachal Pradesh",https://keylonglahaulspiti.kvs.ac.in
,,"Kendriya Vidyalaya Khagaria, Patna",https://khagaria.kvs.ac.in
,,"Kendriya Vidyalaya Khagaul, Patna",https://khagaul.kvs.ac.in
,,"Kendriya Vidyalaya Khairagarh, Raipur",https://khairagarh.kvs.ac.in
,,"Kendriya Vidyalaya Khammam, Telangana",https://khammam.kvs.ac.in
,,"Kendriya Vidyalaya Khanapara, Jawahar Nagar",https://khanapara.kvs.ac.in
,,"Kendriya Vidyalaya Khatkhati, Guwahati",https://khatkhaticrpf.kvs.ac.in
,,"Kendriya Vidyalaya Khetri Nagar, Jhunjhunu",https://khetrinagar.kvs.ac.in
,,"Kendriya Vidyalaya Khonsa, Tinsukia",https://khonsa.kvs.ac.in
,,"Kendriya Vidyalaya Khunti, Ranchi",https://khunti.kvs.ac.in
,,"Kendriya Vidyalaya Khurda Road, Odisha",https://khurdaroad.kvs.ac.in
,,"Kendriya Vidyalaya Kimin, Arunachal Pradesh",https://kimin.kvs.ac.in
,,"Kendriya Vidyalaya Kirandul, Chhattisgarh",https://kirandul.kvs.ac.in
,,"Kendriya Vidyalaya Kishtwar, Jammu & Kashmir",https://kishtwar.kvs.ac.in
,,"Kendriya Vidyalaya Kodagu, Madikeri",https://kodagu.kvs.ac.in
,,"Kendriya Vidyalaya Kohima, Nagaland",https://crpfkohima.kvs.ac.in
,,"Kendriya Vidyalaya Kokrajhar, Guwahati",https://kokrajhar.kvs.ac.in
,,"Kendriya Vidyalaya Koliwada, Maharashtra",https://koliwada.kvs.ac.in
,,"Kendriya Vidyalaya Kollam, Kerala",https://kollam.kvs.ac.in
,,"Kendriya Vidyalaya Koppal, Karnataka",https://koppal.kvs.ac.in
,,"Kendriya Vidyalaya Koraput, Bhubaneswar",https://koraput.kvs.ac.in
,,"Kendriya Vidyalaya Korba Kusumunda, Chhattisgarh",https://no2korba.kvs.ac.in
,,"Kendriya Vidyalaya Krishna Rajapuram, Karnataka",https://krishnarajapuram.kvs.ac.in
,,"Kendriya Vidyalaya Kurnool, Andhra Pradesh",https://kurnool.kvs.ac.in
,,"Kendriya Vidyalaya Kurud, Raipur",https://khurud.kvs.ac.in
,,"Kendriya Vidyalaya Laitkor Peak, Shillong",https://afsshillong.kvs.ac.in
,,"Kendriya Vidyalaya Lakhanpur, Kathua",https://lakhanpur.kvs.ac.in
,,"Kendriya Vidyalaya Lakhimpur, Kheri",https://lakhimpurkheri.kvs.ac.in
,,"Kendriya Vidyalaya Lakhisarai, Bihar",https://lakhisarai.kvs.ac.in
,,"Kendriya Vidyalaya Lakhnadon, Jabalpur",https://lakhnadon.kvs.ac.in
,,"Kendriya Vidyalaya Lalgarh Jattan, Jaipur",https://lalgarhjattan.kvs.ac.in
,,"Kendriya Vidyalaya Latehar, Ranchi",https://latehar.kvs.ac.in
,,"Kendriya Vidyalaya Leh, Ladakh",https://leh.kvs.ac.in
,,"Kendriya Vidyalaya Leimakhong, Mantripukhri",https://no3imphal.kvs.ac.in
,,"Kendriya Vidyalaya Lohardaga, Ranchi",https://lohardaga.kvs.ac.in
,,"Kendriya Vidyalaya Lokra, Guwahati",https://lokra.kvs.ac.in
,,"Kendriya Vidyalaya Longding, Arunachal Pradesh",https://longding.kvs.ac.in
,,Kendriya Vidyalaya Lucknow Cantt,https://lucknowcantt.kvs.ac.in
,,"Kendriya Vidyalaya Lumani,Nagaland",https://lumaminu.kvs.ac.in
,,"Kendriya Vidyalaya Lunglei, Mizoram",https://lunglei.kvs.ac.in
,,"Kendriya Vidyalaya MCF Lalganj, Lucknow",https://raebreillymcf.kvs.ac.in
,,"Kendriya Vidyalaya MEG, Bangalore",https://megcentre.kvs.ac.in
,,"Kendriya Vidyalaya Machilipatnam, Andhra Pradesh",https://machhlipatnam.kvs.ac.in
,,"Kendriya Vidyalaya Madhupur, Deoghar",https://madhupurdeoghar.kvs.ac.in
,,"Kendriya Vidyalaya Mahabubabad, Hyderabad",https://mahabubabad.kvs.ac.in
,,"Kendriya Vidyalaya Maharajganj, Siwan, Bihar",https://maharajganj.kvs.ac.in
,,"Kendriya Vidyalaya Mahasamund, Chhattisgarh",https://mahasumand.kvs.ac.in
,,"Kendriya Vidyalaya Mahe, Paral",https://mahe.kvs.ac.in
,,"Kendriya Vidyalaya Mahoba, Agra",https://mahoba.kvs.ac.in
,,"Kendriya Vidyalaya Maithon, Dhanbad",https://maithandam.kvs.ac.in
,,"Kendriya Vidyalaya Malanjkhand, Balaghat, MP",https://malanjkhand.kvs.ac.in
,,"Kendriya Vidyalaya Malda, Kolkata",https://nhpcmalda.kvs.ac.in
,,"Kendriya Vidyalaya Maligaon, Guwahati",https://maligaon.kvs.ac.in
,,"Kendriya Vidyalaya Malkangiri, Chhattisgarh",https://malkangiri.kvs.ac.in
,,"Kendriya Vidyalaya Malkapuram, Andhra Pradesh",https://malkapuram.kvs.ac.in
,,"Kendriya Vidyalaya Mandla, Jabalpur",https://mandla.kvs.ac.in
,,Kendriya Vidyalaya Mandsaur,https://mandsaur.kvs.ac.in
,,"Kendriya Vidyalaya Mandya, Keragodu Hobli, Karnataka",https://mandya.kvs.ac.in
,,"Kendriya Vidyalaya Manendragarh, Raipur",https://manendragarh.kvs.ac.in
,,"Kendriya Vidyalaya Mangaldoi, Assam",https://mangaldoi.kvs.ac.in
,,"Kendriya Vidyalaya Mankhurd, Mumbai",https://mankhurd.kvs.ac.in
,,"Kendriya Vidyalaya Manmad, Maharashtra",https://manmad.kvs.ac.in
,,"Kendriya Vidyalaya Mashrak, Sharan",https://mashrak.kvs.ac.in
,,"Kendriya Vidyalaya Masimpur, Silchar",https://masimpur.kvs.ac.in
,,"Kendriya Vidyalaya Matanhail, Gurgaon",https://matanhail.kvs.ac.in
,,"Kendriya Vidyalaya Mati, Akbarpur, Kanpur Dehat",https://matiakabarpur.kvs.ac.in
,,"Kendriya Vidyalaya Miao, Tinsukia",https://miao.kvs.ac.in
,,"Kendriya Vidyalaya Military Station, Hisar, Haryana",https://hissarcantt.kvs.ac.in
,,"Kendriya Vidyalaya Minambakkam ,Chennai",https://minambakkam.kvs.ac.in
,,"Kendriya Vidyalaya Miran Sahib, Jammu",https://miransahib.kvs.ac.in
,,"Kendriya Vidyalaya Mirzapur, Varanasi",https://mirzapur.kvs.ac.in
,,"Kendriya Vidyalaya Missamari, Assam",https://missamari.kvs.ac.in
,,"Kendriya Vidyalaya Mohanbari, Dibrugarh",https://mohanbari.kvs.ac.in
,,"Kendriya Vidyalaya Mughalsarai, Uttar Pradesh",https://mughalsarai.kvs.ac.in
,,"Kendriya Vidyalaya Munderi, Kalpetta, Kerala",https://kalpetta.kvs.ac.in
,,"Kendriya Vidyalaya Muzaffarpur, Bihar",https://muzzaffarpur.kvs.ac.in
,,"Kendriya Vidyalaya Mysore, Karnataka",https://mysore.kvs.ac.in
,,"Kendriya Vidyalaya N.H.P.C, URI",https://uri.kvs.ac.in
,,"Kendriya Vidyalaya NAD Karanja, Mumbai",https://nadkaranja.kvs.ac.in
,,"Kendriya Vidyalaya NAD Vishakhapatnam, Hyderabad",https://nadvishakhapatnam.kvs.ac.in
,,"Kendriya Vidyalaya NDA Khadakwasala, Pune",https://ndakhadakvasla.kvs.ac.in
,,"Kendriya Vidyalaya NEPA, Barapani",https://nepabarapani.kvs.ac.in
,,"Kendriya Vidyalaya NER, Bareilly",https://nerizzatnagar.kvs.ac.in
,,"Kendriya Vidyalaya NHPC Chamera-II, Karian, Chamba, Himachal Pradesh",https://no2chamera.kvs.ac.in
,,"Kendriya Vidyalaya NHPC Gerukamukh, Dhemaji",https://gerukamukh.kvs.ac.in
,,"Kendriya Vidyalaya NHPC Singtam, Kolkata",https://nhpcsingtam.kvs.ac.in
,,"Kendriya Vidyalaya NHPC, Loktak, Manipur",https://nhpcloktak.kvs.ac.in
,,"Kendriya Vidyalaya NHPC, Rambi",https://nhpcrambi.kvs.ac.in
,,"Kendriya Vidyalaya NIT, Agartala",https://nitagartala.kvs.ac.in
,,"Kendriya Vidyalaya NIT, Silchar",https://nitsilchar.kvs.ac.in
,,"Kendriya Vidyalaya NPGC Nabinagar, Aurangabad",https://nabinagar.kvs.ac.in
,,Kendriya Vidyalaya NTPC Badarpur,https://badarpurntpc.kvs.ac.in
,,"Kendriya Vidyalaya NTPC Farakka, Kolkata",https://ntpcfarakka.kvs.ac.in
,,"Kendriya Vidyalaya NTPC Korba, Chhattisgarh",https://no4korba.kvs.ac.in
,,"Kendriya Vidyalaya NTPC Ramagundam, Telangana",https://ramagundamntpc.kvs.ac.in
,,"Kendriya Vidyalaya NTPC, Dibiyapur",https://ntpcdibyapur.kvs.ac.in
,,"Kendriya Vidyalaya NTPC, Kayamkulam, Kerala",https://kayamkulamntpc.kvs.ac.in
,,"Kendriya Vidyalaya Nabha Cantt, Chandigarh",https://nabhacantt.kvs.ac.in
,,"Kendriya Vidyalaya Nadaun, Himachal Pradesh",https://nadaunhp.kvs.ac.in
,,"Kendriya Vidyalaya Nagaon, Assam",https://nagaon.kvs.ac.in
,,Kendriya Vidyalaya Nagaur,https://nagaur.kvs.ac.in
,,"Kendriya Vidyalaya Naini, Prayagraj",https://naini.kvs.ac.in
,,"Kendriya Vidyalaya Nalanda, Bihar",https://nalandaof.kvs.ac.in
,,"Kendriya Vidyalaya Nalgonda, Hyderabad",https://nalgonda.kvs.ac.in
,,"Kendriya Vidyalaya Namkum, Ranchi",https://namkum.kvs.ac.in
,,"Kendriya Vidyalaya Namrup, Assam",https://namrupbvfcl.kvs.ac.in
,,"Kendriya Vidyalaya Nanded, Mumbai",https://scrnanded.kvs.ac.in
,,"Kendriya Vidyalaya Narangi, Guwahati",https://narangi.kvs.ac.in
,,"Kendriya Vidyalaya Narayanpur, Chhattisgarh",https://narayanpur.kvs.ac.in
,,"Kendriya Vidyalaya Narsing Pur, Jabalpur",https://narsingpur.kvs.ac.in
,,Kendriya Vidyalaya Nasik Road Camp,https://no1nashikcamp.kvs.ac.in
,,"Kendriya Vidyalaya Nasirabad, Jaipur",https://nasirabad.kvs.ac.in
,,Kendriya Vidyalaya Naya Raipur,https://nayaraipur.kvs.ac.in
,,"Kendriya Vidyalaya Nehu, Shillong",https://nehushillong.kvs.ac.in
,,"Kendriya Vidyalaya Nellore, Hyderabad",https://kothuru.kvs.ac.in
,,"Kendriya Vidyalaya Nerist, Nirjuli",https://nerist.kvs.ac.in
,,"Kendriya Vidyalaya New Cantt, Allahabad",https://newcanttald.kvs.ac.in
,,"Kendriya Vidyalaya New Majri, Mumbai",https://newmajari.kvs.ac.in
,,"Kendriya Vidyalaya Nizamabad, Hyderabad",https://nizamabad.kvs.ac.in
,,"Kendriya Vidyalaya No 1 AFS Jalahalli, West Bangalore, Karnataka",https://no1jalahalli.kvs.ac.in
,,"Kendriya Vidyalaya No 1, Kalpakkam, Tamil Nadu",https://no1kalpakkam.kvs.ac.in
,,"Kendriya Vidyalaya No 1, Madurai, Tamil Nadu",https://no1madurai.kvs.ac.in
,,"Kendriya Vidyalaya No 1,AFS,Tambaram,Chennai, Tamil Nadu",https://no1tambaram.kvs.ac.in
,,"Kendriya Vidyalaya No 2 Balasore,Odisha",https://no2balasore.kvs.ac.in
,,"Kendriya Vidyalaya No 2 C.P.E. Itarsi, Madhya Pradesh",https://no2itarasi.kvs.ac.in
,,"Kendriya Vidyalaya No 2, Delhi Cantonment, New Delhi",https://no2delhicantt.kvs.ac.in
,,"Kendriya Vidyalaya No 2, Kalpakkam, Tamil Nadu",https://no2kalpakkam.kvs.ac.in
,,"Kendriya Vidyalaya No 2, Kozhikode, Calicut",https://no2calicut.kvs.ac.in
,,"Kendriya Vidyalaya No 2,AFS,Tambaram,Chennai, Tamil Nadu",https://no2tambaram.kvs.ac.in
,,"Kendriya Vidyalaya No-3 Morarcantt, Gwalior, Madhya Pradesh",https://no3gwalior.kvs.ac.in
,,"Kendriya Vidyalaya No. 1 Dhanbad, Jharkhand",https://no1dhanbad.kvs.ac.in
,,"Kendriya Vidyalaya No. 1 Sagar, Madhya Pradesh",https://no1sagarcantt.kvs.ac.in
,,"Kendriya Vidyalaya No. 1, Arakkonam, Tamil Nadu",https://no1arakkonam.kvs.ac.in
,,"Kendriya Vidyalaya No. 1, Bokaro, Jharkhand",https://no1bokaro.kvs.ac.in
,,"Kendriya Vidyalaya No. 1, Sambalpur, Odisha",https://no1sambalpur.kvs.ac.in
,,"Kendriya Vidyalaya No. 2 AFS, Srinagar",https://no2srinagar.kvs.ac.in
,,"Kendriya Vidyalaya No. 2 Amarpur, Kanpur",https://no2kanpur.kvs.ac.in
,,"Kendriya Vidyalaya No. 2, Bhopal, Madhya Pradesh",https://no2bhopal.kvs.ac.in
,,"Kendriya Vidyalaya No. 2, Golconda, Hyderabad",https://no2golconda.kvs.ac.in
,,"Kendriya Vidyalaya No. 2, INF Lines, Jamnagar, Gujarat",https://no2jamnagar.kvs.ac.in
,,"Kendriya Vidyalaya No. 2, Rewa, Madhya Pradesh",https://no2rewa.kvs.ac.in
,,"Kendriya Vidyalaya No. 3 AFS Bhisiana, Bathinda, Punjab",https://no3bhatinda.kvs.ac.in
,,"Kendriya Vidyalaya No. 3 Ambala Cantt , Haryana",https://no3ambalacantt.kvs.ac.in
,,Kendriya Vidyalaya No. 3 Delhi Cantt,https://no3delhicantt.kvs.ac.in
,,"Kendriya Vidyalaya No. 3 Patiala Cantonment, Punjab",https://no3patiala.kvs.ac.in
,,"Kendriya Vidyalaya No. 3, Korba, Kusmunda",https://no3korba.kvs.ac.in
,,"Kendriya Vidyalaya No. 4, Delhi Cantt",https://no4delhicantt.kvs.ac.in
,,"Kendriya Vidyalaya No.-3, W.A.C. Lines, Agra, Uttar Pradesh",https://no3agracantt.kvs.ac.in
,,"Kendriya Vidyalaya No.1 AFA, Dundigal",https://no1dundigal.kvs.ac.in
,,"Kendriya Vidyalaya No.1 AFS Chakeri, Kanpur",https://no1kanpur.kvs.ac.in
,,"Kendriya Vidyalaya No.1 AFS, Gorakhpur",https://no1gorakhpur.kvs.ac.in
,,"Kendriya Vidyalaya No.1 AFS, Kalaikunda",https://no1kalaikunda.kvs.ac.in
,,"Kendriya Vidyalaya No.1 Adampur, Chandigarh",https://no1adampur.kvs.ac.in
,,"Kendriya Vidyalaya No.1 Ahmednagar, Maharashtra",https://no1ahmednagar.kvs.ac.in
,,"Kendriya Vidyalaya No.1 Armapur, Kanpur",https://no1armapur.kvs.ac.in
,,"Kendriya Vidyalaya No.1 Barauni, Patna",https://no1barauni.kvs.ac.in
,,"Kendriya Vidyalaya No.1 Bhusawal, Mumbai",https://no1bhusawal.kvs.ac.in
,,"Kendriya Vidyalaya No.1 Binnaguri, Kolkata",https://no1binnaguricantt.kvs.ac.in
,,"Kendriya Vidyalaya No.1 Colaba, Mumbai",https://no1colaba.kvs.ac.in
,,"Kendriya Vidyalaya No.1 Dehu Road, Pune",https://no1dehuroad.kvs.ac.in
,,"Kendriya Vidyalaya No.1 Delhi Cantonment, New Delhi",https://no1delhicantt.kvs.ac.in
,,"Kendriya Vidyalaya No.1 Faridabad, Haryana",https://no1faridabad.kvs.ac.in
,,"Kendriya Vidyalaya No.1 G.C.F, Jabalpur",https://no1jabalpurgcf.kvs.ac.in
,,"Kendriya Vidyalaya No.1 Gandhi Nagar, Jammu",https://no1jammu.kvs.ac.in
,,"Kendriya Vidyalaya No.1 Gaya, Bihar",https://no1gaya.kvs.ac.in
,,"Kendriya Vidyalaya No.1 Harni Road, Vadodara, Ahmedabad",https://no1baroda.kvs.ac.in
,,"Kendriya Vidyalaya No.1 Ishapore, Kolkata",https://no1ishapore.kvs.ac.in
,,"Kendriya Vidyalaya No.1 JRC, Bareilly",https://jrcbareilly.kvs.ac.in
,,"Kendriya Vidyalaya No.1 Kankarbagh, Patna, Bihar",https://no1patna.kvs.ac.in
,,"Kendriya Vidyalaya No.1 Kunjaban, Agartala, Tripura",https://no1agartala.kvs.ac.in
,,"Kendriya Vidyalaya No.1 Lamphelpat, Imphal, Manipur",https://no1imphal.kvs.ac.in
,,"Kendriya Vidyalaya No.1 Palakkad, Kerala",https://no1palakkad.kvs.ac.in
,,"Kendriya Vidyalaya No.1 Salt Lake, Kolkata",https://no1saltlake.kvs.ac.in
,,"Kendriya Vidyalaya No.1 Shahibaug, Ahmedabad, Gujarat",https://mrcahmedabad.kvs.ac.in
,,Kendriya Vidyalaya No.1 Shahjahanpur Cantt,https://no1shahjahanpur.kvs.ac.in
,,"Kendriya Vidyalaya No.1 Srinagar, Jammu",https://no1srinagar.kvs.ac.in
,,"Kendriya Vidyalaya No.1 Tezpur, Assam",https://no1tezpur.kvs.ac.in
,,"Kendriya Vidyalaya No.1 Udhampur, Jammu and Kashmir",https://no1udhampur.kvs.ac.in
,,Kendriya Vidyalaya No.1 Vijayawada,https://no1vijayawada.kvs.ac.in
,,"Kendriya Vidyalaya No.1, A.F.S, Jamnagar, Gujarat",https://no1jamnagar.kvs.ac.in
,,"Kendriya Vidyalaya No.1, AFS Suratgarh",https://no1suratgarhafs.kvs.ac.in
,,"Kendriya Vidyalaya No.1, AFS, Pune",https://no1afspune.kvs.ac.in
,,"Kendriya Vidyalaya No.1, Air Force Station, Bhuj",https://no1afsbhuj.kvs.ac.in
,,"Kendriya Vidyalaya No.1, Air Force Station, Jodhpur",https://no1jodhpurafs.kvs.ac.in
,,"Kendriya Vidyalaya No.1, Air Force Station, Sambra",https://sambraafs.kvs.ac.in
,,"Kendriya Vidyalaya No.1, Amritsar Cantonment, Amritsar, Punjab",https://no1amritsarcantt.kvs.ac.in
,,"Kendriya Vidyalaya No.1, Army Jodhpur, Jaipur",https://no1jodhpur.kvs.ac.in
,,"Kendriya Vidyalaya No.1, Bajaj Nagar, Jaipur",https://no1jaipur.kvs.ac.in
,,"Kendriya Vidyalaya No.1, Bhopal, Madhya Pradesh",https://no1bhopal.kvs.ac.in
,,"Kendriya Vidyalaya No.1, Bhubaneswar",https://no1bhubaneswar.kvs.ac.in
,,"Kendriya Vidyalaya No.1, Bikaner, Jaipur",https://no1sagarroad.kvs.ac.in
,,"Kendriya Vidyalaya No.1, Chhindwara",https://chhindwara.kvs.ac.in
,,"Kendriya Vidyalaya No.1, Gwalior, Madhya Pradesh",https://no1gwalior.kvs.ac.in
,,"Kendriya Vidyalaya No.1, Hubballi, Dharwad",https://no1hubli.kvs.ac.in
,,"Kendriya Vidyalaya No.1, Ichhanath, Surat",https://no1surat.kvs.ac.in
,,"Kendriya Vidyalaya No.1, Itanagar, Arunachal Pradesh",https://no1itanagar.kvs.ac.in
,,"Kendriya Vidyalaya No.1, Kanchrapara",https://no1kanchrapara.kvs.ac.in
,,"Kendriya Vidyalaya No.1, Kota, Rajasthan",https://no1kota.kvs.ac.in
,,"Kendriya Vidyalaya No.1, Kozhikode, Calicut",https://no1calicut.kvs.ac.in
,,"Kendriya Vidyalaya No.1, Mangalore, Karnataka",https://no1mangalore.kvs.ac.in
,,"Kendriya Vidyalaya No.1, Nausenabaugh, Visakhapatnam",https://no1nausenabagh.kvs.ac.in
,,"Kendriya Vidyalaya No.1, Patiala Cantt. Chandigarh",https://no1patiala.kvs.ac.in
,,"Kendriya Vidyalaya No.1, Port Blair",https://no1portblair.kvs.ac.in
,,"Kendriya Vidyalaya No.1, Raipur",https://no1raipur.kvs.ac.in
,,"Kendriya Vidyalaya No.1, Rewa, Jabalpur",https://no1rewa.kvs.ac.in
,,"Kendriya Vidyalaya No.1, STC, Jabalpur",https://no1stcjabalpur.kvs.ac.in
,,"Kendriya Vidyalaya No.1, Satna",https://no1satna.kvs.ac.in
,,"Kendriya Vidyalaya No.1, Udaipur, Rajasthan",https://no1udaipur.kvs.ac.in
,,"Kendriya Vidyalaya No.1, Uppal, Hyderabad",https://no1uppal.kvs.ac.in
,,"Kendriya Vidyalaya No.1, Vasco-Da-Gama, Goa",https://no1vascodagama.kvs.ac.in
,,"Kendriya Vidyalaya No.2  CRS, Tirupati",https://no2tirupati.kvs.ac.in
,,"Kendriya Vidyalaya No.2 - Faridabad, Haryana",https://no2faridabad.kvs.ac.in
,,"Kendriya Vidyalaya No.2 AFS , Tezpur",https://no2afstezpur.kvs.ac.in
,,"Kendriya Vidyalaya No.2 AFS Chakeri, Kanpur",https://no2chakeri.kvs.ac.in
,,"Kendriya Vidyalaya No.2 AFS Jodhpur, Jaipur",https://no2jodhpurafs.kvs.ac.in
,,"Kendriya Vidyalaya No.2 AFS Pune, Mumbai",https://no2puneafs.kvs.ac.in
,,"Kendriya Vidyalaya No.2 Akhnoor, Jammu",https://no2akhnoor.kvs.ac.in
,,"Kendriya Vidyalaya No.2 Army, Jodhpur",https://no2jodhpur.kvs.ac.in
,,"Kendriya Vidyalaya No.2 Bhuj (Army), Gujarat",https://no2bhujcantt.kvs.ac.in
,,"Kendriya Vidyalaya No.2 Binnaguri, Jalpaiguri",https://no2binnaguri.kvs.ac.in
,,"Kendriya Vidyalaya No.2 Colaba, Mumbai",https://no2colaba.kvs.ac.in
,,"Kendriya Vidyalaya No.2 Dhanbad, Jharkhand",https://no2dhanbad.kvs.ac.in
,,"Kendriya Vidyalaya No.2 EME Baroda, Gujarat",https://no2baroda.kvs.ac.in
,,"Kendriya Vidyalaya No.2 IOC, Barauni, Bihar",https://no2iocbarauni.kvs.ac.in
,,"Kendriya Vidyalaya No.2 Imphal, Tinsukia",https://no2imphal.kvs.ac.in
,,"Kendriya Vidyalaya No.2 Ishapore, Kolkata",https://no2ishapore.kvs.ac.in
,,"Kendriya Vidyalaya No.2 Kalaikunda, Kolkata",https://no2kalaikunda.kvs.ac.in
,,"Kendriya Vidyalaya No.2 Kanchrapara, Kolkata",https://no2kanchrapara.kvs.ac.in
,,"Kendriya Vidyalaya No.2 Kharagpur, Kolkata",https://no2kharagpur.kvs.ac.in
,,"Kendriya Vidyalaya No.2 Kribhco Township, Surat, Gujarat",https://no2hajirasurat.kvs.ac.in
,,"Kendriya Vidyalaya No.2 MIRC, Ahmednagar",https://no2mircahmednagar.kvs.ac.in
,,"Kendriya Vidyalaya No.2 Mangaluru, Karnataka",https://no2mangalore.kvs.ac.in
,,"Kendriya Vidyalaya No.2 Nausenabagh, Visakhapatnam",https://no2nausenabagh.kvs.ac.in
,,"Kendriya Vidyalaya No.2 OCF Shahjahanpur, Lucknow",https://no2shahjahanpur.kvs.ac.in
,,"Kendriya Vidyalaya No.2 Salt Lake, Kolkata",https://no2saltlake.kvs.ac.in
,,"Kendriya Vidyalaya No.2 Sri Vijaya Nagar, Visakhapatnam",https://no2srivijayanagar.kvs.ac.in
,,"Kendriya Vidyalaya No.2, AFS Surat Garha, Jaipur",https://no2suratgarhafs.kvs.ac.in
,,"Kendriya Vidyalaya No.2, AFS, Halwara, Punjab",https://no2halwara.kvs.ac.in
,,"Kendriya Vidyalaya No.2, Air Force Academy, Dundigal",https://no2dundigal.kvs.ac.in
,,"Kendriya Vidyalaya No.2, Ajmer",https://no2ajmercrpf.kvs.ac.in
,,"Kendriya Vidyalaya No.2, Angul, Odisha",https://no2angul.kvs.ac.in
,,"Kendriya Vidyalaya No.2, B.E.G and Centre, Roorkee, Uttarakhand",https://no2roorkee.kvs.ac.in
,,"Kendriya Vidyalaya No.2, Bailey Road, Patna",https://no2patna.kvs.ac.in
,,"Kendriya Vidyalaya No.2, Bijasan Tekari, Indore, Madhya Pradesh",https://no2indore.kvs.ac.in
,,"Kendriya Vidyalaya No.2, Bikaner",https://no2bikaner.kvs.ac.in
,,"Kendriya Vidyalaya No.2, Chhindwara, Jabalpur",https://no2chhindwara.kvs.ac.in
,,"Kendriya Vidyalaya No.2, Darbhanga",https://no2darbhanga.kvs.ac.in
,,"Kendriya Vidyalaya No.2, Eklinggarh Cantt, Udaipur",https://no2udaipur.kvs.ac.in
,,"Kendriya Vidyalaya No.2, FCI, Gorakhpur",https://no2gorakhpur.kvs.ac.in
,,"Kendriya Vidyalaya No.2, GCF, Jabalpur",https://no2jabalpurgcf.kvs.ac.in
,,"Kendriya Vidyalaya No.2, Gaya, Bihar",https://no2gaya.kvs.ac.in
,,"Kendriya Vidyalaya No.2, Hubballi, Dharwad",https://no2hubli.kvs.ac.in
,,"Kendriya Vidyalaya No.2, Itanagar",https://no2itanagar.kvs.ac.in
,,"Kendriya Vidyalaya No.2, Jaipur",https://no2jaipurcantt.kvs.ac.in
,,"Kendriya Vidyalaya No.2, Jammu",https://no2jammucantt.kvs.ac.in
,,"Kendriya Vidyalaya No.2, Kalapet, Puducherry",https://no2pondicherry.kvs.ac.in
,,"Kendriya Vidyalaya No.2, Kota, Rajasthan",https://no2kota.kvs.ac.in
,,"Kendriya Vidyalaya No.2, NKJ, Katni",https://no2katni.kvs.ac.in
,,"Kendriya Vidyalaya No.2, Ordnance Factory, Dehu Road, Pune",https://no2dehuroad.kvs.ac.in
,,"Kendriya Vidyalaya No.2, Raipur",https://no2raipur.kvs.ac.in
,,"Kendriya Vidyalaya No.2, Sagar",https://no2sagar.kvs.ac.in
,,"Kendriya Vidyalaya No.2, Satna, Jabalpur",https://no2satna.kvs.ac.in
,,"Kendriya Vidyalaya No.2, Udhampur",https://no2udhampur.kvs.ac.in
,,"Kendriya Vidyalaya No.2, Uppal, Hyderabad",https://no2uppal.kvs.ac.in
,,"Kendriya Vidyalaya No.2, Vasco Da Gamma",https://no2vascodagama.kvs.ac.in
,,"Kendriya Vidyalaya No.2, Vijayawada",https://no2vijayawada.kvs.ac.in
,,"Kendriya Vidyalaya No.3 Air Force Station, Kanpur, Uttar Pradesh",https://no3chakeri.kvs.ac.in
,,"Kendriya Vidyalaya No.3 Amritsar, Punjab",https://no3amritsar.kvs.ac.in
,,"Kendriya Vidyalaya No.3 BSF, Srinagar",https://no3srinagarbsf.kvs.ac.in
,,"Kendriya Vidyalaya No.3 Baad, Mathura",https://mathurabaad.kvs.ac.in
,,"Kendriya Vidyalaya No.3 Bokaro, Jharkhand",https://no3bokaro.kvs.ac.in
,,"Kendriya Vidyalaya No.3 Colaba, Mumbai",https://no3colaba.kvs.ac.in
,,"Kendriya Vidyalaya No.3 Gandhinagar Cantt, Ahmedabad",https://no3gandhinagarcantt.kvs.ac.in
,,"Kendriya Vidyalaya No.3 Machhe, Belagavi",https://no3belgaumcantt.kvs.ac.in
,,"Kendriya Vidyalaya No.3 ONGC, Surat",https://ongcno3surat.kvs.ac.in
,,"Kendriya Vidyalaya No.3 Pathankot (Mamoon Cantt), Punjab",https://no3pathankot.kvs.ac.in
,,"Kendriya Vidyalaya No.3, AF-2, Jamnagar, Gujarat",https://no3afjamnagar.kvs.ac.in
,,"Kendriya Vidyalaya No.3, Faridabad",https://no3faridabad.kvs.ac.in
,,"Kendriya Vidyalaya No.3, Jaipur",https://no3jaipur.kvs.ac.in
,,"Kendriya Vidyalaya No.3, Nal, Bikaner",https://no3bikanerafs.kvs.ac.in
,,"Kendriya Vidyalaya No.3, Pune",https://no3pune.kvs.ac.in
,,"Kendriya Vidyalaya No.3, Sagar, Jalbalpur",https://no3sagar.kvs.ac.in
,,"Kendriya Vidyalaya No.4 Ambala Cantonment, Haryana",https://no4ambalacantt.kvs.ac.in
,,"Kendriya Vidyalaya No.4 Maharajpur, Gwalior, Madhya Pradesh",https://no4gwaliorafs.kvs.ac.in
,,"Kendriya Vidyalaya No.4 ONGC - Vadodara, Gujarat",https://no4baroda.kvs.ac.in
,,"Kendriya Vidyalaya No.4, Bhubaneswar, Odisha",https://no4bhubaneswar.kvs.ac.in
,,"Kendriya Vidyalaya No.4, HSGV, Sagar",https://sagarno4hsgv.kvs.ac.in
,,"Kendriya Vidyalaya No.4, Jaipur",https://no4jaipur.kvs.ac.in
,,"Kendriya Vidyalaya No.4, Mamoon Cantt., Pathankot",https://no4pathankot.kvs.ac.in
,,"Kendriya Vidyalaya No.4, Varanasi",https://no4varanasi.kvs.ac.in
,,"Kendriya Vidyalaya No.5 Bathinda Cantt, Punjab",https://no5bhatinda.kvs.ac.in
,,"Kendriya Vidyalaya No.5, Gwalior, Madhya Pradesh",https://no5gwalior.kvs.ac.in
,,"Kendriya Vidyalaya No.5, Jaipur, Rajasthan",https://no5jaipur.kvs.ac.in
,,"Kendriya Vidyalaya No.6, Sector -3, Pratap Nagar, Jaipur",https://no6pratapnagar.kvs.ac.in
,,"Kendriya Vidyalaya No.II CISF Arakkonam, Tamilnadu",https://no2arakkonam.kvs.ac.in
,,"Kendriya Vidyalaya No1 Devlali - Nashik, Maharashtra",https://no1devlali.kvs.ac.in
,,"Kendriya Vidyalaya North Lakhimpur, Assam",https://lakhimpur.kvs.ac.in
,,"Kendriya Vidyalaya Nowrozabad, Madhya Pradesh",https://seclnowrozabad.kvs.ac.in
,,"Kendriya Vidyalaya O.F. Khamaria, Jabalpur",https://khamariaof.kvs.ac.in
,,"Kendriya Vidyalaya OCF, Avadi, Chennai, Tamil Nadu",https://avadiocf.kvs.ac.in
,,"Kendriya Vidyalaya OEF Kanpur, Lucknow",https://oefkanpur.kvs.ac.in
,,"Kendriya Vidyalaya OLF, Raipur, Dehradun",https://dehradunolf.kvs.ac.in
,,"Kendriya Vidyalaya ONGC Cambay, Anand",https://ongccambey.kvs.ac.in
,,"Kendriya Vidyalaya ONGC Colony, Sivsagar, Assam",https://no1sibsagar.kvs.ac.in
,,"Kendriya Vidyalaya ONGC Mehsana, Gujarat",https://ongcmehsana.kvs.ac.in
,,"Kendriya Vidyalaya ONGC No. 2 Jorhat, Assam",https://no2jorhatongc.kvs.ac.in
,,"Kendriya Vidyalaya ONGC Panvel, Maharashtra",https://ongcpanvel.kvs.ac.in
,,"Kendriya Vidyalaya ONGC, Agartala",https://ongcagartala.kvs.ac.in
,,"Kendriya Vidyalaya ONGC, Ankleshwar, Gujarat",https://ongcankleshwar.kvs.ac.in
,,"Kendriya Vidyalaya ONGC, Chandkheda, Gujarat",https://ongcchandkheda.kvs.ac.in
,,"Kendriya Vidyalaya ONGC, Nazira, Shivsagar",https://no2sibsagar.kvs.ac.in
,,"Kendriya Vidyalaya ONGC, Rajahmundry",https://rajahmundaryongc.kvs.ac.in
,,"Kendriya Vidyalaya Officers Colony, Lumding, Assam",https://lumding.kvs.ac.in
,,"Kendriya Vidyalaya Okha, Gujarat",https://okha.kvs.ac.in
,,"Kendriya Vidyalaya Old Cantt, Allahabad",https://oldcanttald.kvs.ac.in
,,"Kendriya Vidyalaya Ordnance Factory Dum Dum, Kolkata",https://ofdumdum.kvs.ac.in
,,"Kendriya Vidyalaya Ordnance Factory Medak, Eddumailaram",https://medakof.kvs.ac.in
,,"Kendriya Vidyalaya Ordnance Factory, Chanda, Bhadravati",https://chandaof.kvs.ac.in
,,"Kendriya Vidyalaya Ordnance Factory, Chandrapur, Maharashtra",https://wclchandrapur.kvs.ac.in
,,"Kendriya Vidyalaya Ordnance Factory, Katni",https://no1ofkatni.kvs.ac.in
,,"Kendriya Vidyalaya Ordnance Factory, Varangaon",https://ofvarangaon.kvs.ac.in
,,"Kendriya Vidyalaya Ottapalam, Kerala",https://pallapuram.kvs.ac.in
,,"Kendriya Vidyalaya Pahalgam, Jammu",https://pahalgaon.kvs.ac.in
,,"Kendriya Vidyalaya Pali, Jaipur",https://pali.kvs.ac.in
,,"Kendriya Vidyalaya Pallipuram, Thiruvananthapuram, Kerala",https://crpfpallipuram.kvs.ac.in
,,"Kendriya Vidyalaya Panagarh, Kolkata",https://panagarh.kvs.ac.in
,,"Kendriya Vidyalaya Panbari, Dhubri, Guwahati",https://bsfpanbari.kvs.ac.in
,,"Kendriya Vidyalaya Pandhurna, Jabalpur",https://pandhurna.kvs.ac.in
,,"Kendriya Vidyalaya Parbhani, Mumbai",https://parbhani.kvs.ac.in
,,"Kendriya Vidyalaya Pasighat, Arunachal Pradesh",https://passigaht.kvs.ac.in
,,"Kendriya Vidyalaya Patan, Ahemdabad",https://patan.kvs.ac.in
,,"Kendriya Vidyalaya Patratu, Ramgarh, Jharkhand",https://ramgarhcantt.kvs.ac.in
,,"Kendriya Vidyalaya Patratu, Ranchi",https://patratu.kvs.ac.in
,,"Kendriya Vidyalaya Pattom, Thiruvananthapuram, Kerala",https://trivandrumpattom.kvs.ac.in
,,"Kendriya Vidyalaya Phulera, Rajasthan",https://phulera.kvs.ac.in
,,"Kendriya Vidyalaya Pilibhit, Lucknow",https://pilibhit.kvs.ac.in
,,"Kendriya Vidyalaya Ponda, Mumbai",https://ponda.kvs.ac.in
,,"Kendriya Vidyalaya Porbandar, Gujarat",https://porbander.kvs.ac.in
,,"Kendriya Vidyalaya Port Trust, Kochi, Kerala",https://no3cochin.kvs.ac.in
,,"Kendriya Vidyalaya Pulgaon Camp, Wardha",https://pulgaoncamp.kvs.ac.in
,,"Kendriya Vidyalaya Pusa Samastipur, Patna",https://pusa.kvs.ac.in
,,"Kendriya Vidyalaya RDSO, Lucknow",https://rdsolucknow.kvs.ac.in
,,"Kendriya Vidyalaya RHE Pune, Mumbai",https://rhepune.kvs.ac.in
,,"Kendriya Vidyalaya RRC Fatehgarh, Lucknow",https://fatehgarh.kvs.ac.in
,,"Kendriya Vidyalaya Raebareli, Lucknow",https://raebareli.kvs.ac.in
,,"Kendriya Vidyalaya Raichur, Karnataka",https://raichur.kvs.ac.in
,,"Kendriya Vidyalaya Raiganj BSF, Uttar Dinajpur",https://govindpurbsf.kvs.ac.in
,,"Kendriya Vidyalaya Raiganj Salboni, Kolkata",https://rbnmsalboni.kvs.ac.in
,,"Kendriya Vidyalaya Raigarh, Chhattisgarh",https://raigarh.kvs.ac.in
,,"Kendriya Vidyalaya Rail Wheel Factory Yelahanka, Bengaluru",https://wapyelahanka.kvs.ac.in
,,"Kendriya Vidyalaya Railway Colony, Kharagpur",https://rckharagpur.kvs.ac.in
,,"Kendriya Vidyalaya Rajampalli, Hyderabad",https://rajampalli.kvs.ac.in
,,"Kendriya Vidyalaya Rajampet, Hyderabad",https://rajampet.kvs.ac.in
,,"Kendriya Vidyalaya Rajkot, Ahemedabad",https://rajkot.kvs.ac.in
,,"Kendriya Vidyalaya Rajnandgaon, Raipur",https://rajnandgaon.kvs.ac.in
,,"Kendriya Vidyalaya Rakshavihar, Kanpur",https://kanpurrakshavihar.kvs.ac.in
,,"Kendriya Vidyalaya Ranaghat, Kolkata",https://ranaghat.kvs.ac.in
,,"Kendriya Vidyalaya Rangapahar, Dimapur",https://rangapahar.kvs.ac.in
,,"Kendriya Vidyalaya Rangiya, Kamrup",https://rangiya.kvs.ac.in
,,Kendriya Vidyalaya Ratlam,https://ratlam.kvs.ac.in
,,"Kendriya Vidyalaya Reckongpeo, Kinnaur",https://recongpeo.kvs.ac.in
,,"Kendriya Vidyalaya Rewari, Haryana",https://rewari.kvs.ac.in
,,"Kendriya Vidyalaya Rihandnagar, Varanasi",https://rihandnagar.kvs.ac.in
,,"Kendriya Vidyalaya Rohtak, Haryana",https://rohtak.kvs.ac.in
,,"Kendriya Vidyalaya Roing, Tinsukia",https://roing.kvs.ac.in
,,"Kendriya Vidyalaya SAP Camp, Peroorkada",https://trivandrumsap.kvs.ac.in
,,"Kendriya Vidyalaya SGPGI, Lucknow",https://sgpgilucknow.kvs.ac.in
,,Kendriya Vidyalaya SPG Complex Sec-8 Dwarka(Gurgaon Region),https://dwarkaspg.kvs.ac.in
,,"Kendriya Vidyalaya STPS, Suratgarh",https://stpssuratgarh.kvs.ac.in
,,"Kendriya Vidyalaya Sabarmati, Ahmedabad, Gujarat",https://sabarmati.kvs.ac.in
,,"Kendriya Vidyalaya Sahibganj, Jharkhand",https://shahibganj.kvs.ac.in
,,"Kendriya Vidyalaya Salua, Midnapur",https://afssalua.kvs.ac.in
,,"Kendriya Vidyalaya Samba, Jammu & Kashmir",https://samba.kvs.ac.in
,,"Kendriya Vidyalaya Sandhole, Himachal Pradesh",https://sandhol.kvs.ac.in
,,Kendriya Vidyalaya Sangathan (KVS),https://kvsangathan.nic.in
,,"Kendriya Vidyalaya Sangathan (KVS), Bangalore Region",https://robangalore.kvs.gov.in
,,"Kendriya Vidyalaya Sangathan (KVS), Regional Office, Jaipur",https://rojaipur.kvs.gov.in
,,"Kendriya Vidyalaya Sangathan (KVS), Regional Office, Kolkata",https://rokolkata.kvs.gov.in
,,"Kendriya Vidyalaya Sangathan (KVS), Regional Office, Silchar",https://rosilchar.kvs.gov.in
,,"Kendriya Vidyalaya Sangathan Bhopal Region, Madhya Pradesh",https://robhopal.kvs.gov.in
,,"Kendriya Vidyalaya Sangathan Regional Office, Ranchi",https://roranchi.kvs.gov.in
,,"Kendriya Vidyalaya Sangathan Zonal Institute of Education and Training (ZIET), Madhya Pradesh",https://zietgwalior.kvs.gov.in
,,"Kendriya Vidyalaya Sangathan Zonal Institute of Education and Training (ZIET), Mysore",https://zietmysore.kvs.gov.in
,,"Kendriya Vidyalaya Sangathan, Chennai Region, Tamil Nadu",https://rochennai.kvs.gov.in
,,"Kendriya Vidyalaya Sangathan, Gurgaon Region",https://rogurgaon.kvs.gov.in
,,"Kendriya Vidyalaya Sangathan, Regional Office, Agra",https://roagra.kvs.gov.in
,,"Kendriya Vidyalaya Sangathan, Regional Office, Ahmedabad",https://roahmedabad.kvs.gov.in
,,"Kendriya Vidyalaya Sangathan, Regional Office, Bhubaneswar",https://robhubaneswar.kvs.gov.in
,,"Kendriya Vidyalaya Sangathan, Regional Office, Chandigarh",https://rochandigarh.kvs.gov.in
,,"Kendriya Vidyalaya Sangathan, Regional Office, Dehradun",https://rodehradun.kvs.gov.in
,,"Kendriya Vidyalaya Sangathan, Regional Office, Delhi",https://rodelhi.kvs.gov.in
,,"Kendriya Vidyalaya Sangathan, Regional Office, Guwahati",https://roguwahati.kvs.gov.in
,,"Kendriya Vidyalaya Sangathan, Regional Office, Hyderabad",https://rohyderabad.kvs.gov.in
,,"Kendriya Vidyalaya Sangathan, Regional Office, Jabalpur",https://rojabalpur.kvs.gov.in
,,"Kendriya Vidyalaya Sangathan, Regional Office, Jammu",https://rojammu.kvs.gov.in
,,"Kendriya Vidyalaya Sangathan, Regional Office, Lucknow",https://rolucknow.kvs.gov.in
,,"Kendriya Vidyalaya Sangathan, Regional Office, Mumbai, Maharashtra",https://romumbai.kvs.gov.in
,,"Kendriya Vidyalaya Sangathan, Regional Office, Patna",https://ropatna.kvs.gov.in
,,"Kendriya Vidyalaya Sangathan, Regional Office, Raipur",https://roraipur.kvs.gov.in
,,"Kendriya Vidyalaya Sangathan, Regional Office, Tinsukia",https://rotinsukia.kvs.gov.in
,,"Kendriya Vidyalaya Sangathan, Regional Office, Varanasi",https://rovaranasi.kvs.gov.in
,,"Kendriya Vidyalaya Sangathan, Zonal Institute of Education & Training, Mumbai",https://zietmumbai.kvs.gov.in
,,"Kendriya Vidyalaya Santokhgarh, Gurgaon",https://santokhgarhsaloh.kvs.ac.in
,,"Kendriya Vidyalaya Santragachi, Kolkata",https://santragachi.kvs.ac.in
,,"Kendriya Vidyalaya Saraipali, Raipur",https://saraipalli.kvs.ac.in
,,"Kendriya Vidyalaya Sarni, Madhya Pradesh",https://wclsarni.kvs.ac.in
,,"Kendriya Vidyalaya Sasaram, Patna",https://sasaram.kvs.ac.in
,,Kendriya Vidyalaya Sattenapalli,https://sattenapalli.kvs.ac.in
,,"Kendriya Vidyalaya Sawai Madhopur, Jaipur",https://sawaimadhopur.kvs.ac.in
,,"Kendriya Vidyalaya Sector - 25, Rohini, Delhi",https://rohinisec25.kvs.ac.in
,,"Kendriya Vidyalaya Sector-5, Dwarka, New delhi",https://dwarkasec5.kvs.ac.in
,,"Kendriya Vidyalaya Sehore, Madhya Pradesh",https://sehore.kvs.ac.in
,,"Kendriya Vidyalaya Seoni, Madhya Pradesh",https://seoni.kvs.ac.in
,,"Kendriya Vidyalaya Shahdol, Jabalpur",https://shahadol.kvs.ac.in
,,"Kendriya Vidyalaya Shaikhupur, Budaun",https://budaun.kvs.ac.in
,,"Kendriya Vidyalaya Sheohar, Bihar",https://sheohar.kvs.ac.in
,,"Kendriya Vidyalaya Shivamogga, Karnataka",https://shivamogga.kvs.ac.in
,,"Kendriya Vidyalaya Shivgarh, Raebareli",https://shivgarhraebareli.kvs.ac.in
,,"Kendriya Vidyalaya Siddharthnagar, Varanasi",https://sidharthnagar.kvs.ac.in
,,"Kendriya Vidyalaya Sidhi, Jabalpur",https://sidhi.kvs.ac.in
,,"Kendriya Vidyalaya Sikar, Rajasthan",https://sikar.kvs.ac.in
,,"Kendriya Vidyalaya Silchar, Assam",https://silchar.kvs.ac.in
,,"Kendriya Vidyalaya Simdega, Jharkhand",https://simdega.kvs.ac.in
,,"Kendriya Vidyalaya Singrauli, Jabalpur",https://singrauli.kvs.ac.in
,,"Kendriya Vidyalaya Sircilla, Telangana",https://sircilla.kvs.ac.in
,,"Kendriya Vidyalaya Sitapur, Lucknow",https://sitapur.kvs.ac.in
,,"Kendriya Vidyalaya Siwan, Bihar",https://siwan.kvs.ac.in
,,"Kendriya Vidyalaya Solapur, Mumbai",https://sholapur.kvs.ac.in
,,"Kendriya Vidyalaya Sonai Road ONGC, Srikona, Silchar",https://ongcsilchar.kvs.ac.in
,,"Kendriya Vidyalaya Sonpur, Bihar",https://sonpur.kvs.ac.in
,,"Kendriya Vidyalaya Southern Command, Pune",https://scpune.kvs.ac.in
,,Kendriya Vidyalaya SriGanganagar Cantt,https://shriganganagar.kvs.ac.in
,,"Kendriya Vidyalaya Srikakulam, Hyderabad",https://srikakulam.kvs.ac.in
,,"Kendriya Vidyalaya Steel Plant, Visakhapatnam",https://steelplant.kvs.ac.in
,,"Kendriya Vidyalaya Sukma, Raipur",https://sukma.kvs.ac.in
,,"Kendriya Vidyalaya Sukna, West Bengal",https://sukna.kvs.ac.in
,,"Kendriya Vidyalaya Sundargarh, Odisha",https://sundargarh.kvs.ac.in
,,"Kendriya Vidyalaya Sunderbani, Rajouri",https://bsfsunderbani.kvs.ac.in
,,"Kendriya Vidyalaya Suratgarh Cantt, Jaipur",https://suratgarhcantt.kvs.ac.in
,,"Kendriya Vidyalaya TFRI, Jabalpur",https://tfrijabalpur.kvs.ac.in
,,"Kendriya Vidyalaya Tamenglong, Tinsukia",https://tamenglong.kvs.ac.in
,,"Kendriya Vidyalaya Tamulpur, Assam",https://tamulpur.kvs.ac.in
,,"Kendriya Vidyalaya Tanhril, Mizoram",https://aizawlmu.kvs.ac.in
,,"Kendriya Vidyalaya Tarakeswar, Kolkata",https://tarkeswar.kvs.ac.in
,,"Kendriya Vidyalaya Tatanagar, Jharkhand",https://tatanagar.kvs.ac.in
,,"Kendriya Vidyalaya Tawang, Arunachal Pradesh",https://tawang.kvs.ac.in
,,"Kendriya Vidyalaya Tenali, Andhra Pradesh",https://tenali.kvs.ac.in
,,"Kendriya Vidyalaya Tenga Valley, West Kameng",https://tengavalley.kvs.ac.in
,,"Kendriya Vidyalaya Tezu, Tinsukia",https://tezu.kvs.ac.in
,,"Kendriya Vidyalaya Tikamgarh, Madhya Pradesh",https://tikamgarh.kvs.ac.in
,,Kendriya Vidyalaya Tinsukia,https://tinsukia.kvs.ac.in
,,"Kendriya Vidyalaya Tinvari, Jodhpur",https://tinvari.kvs.ac.in
,,"Kendriya Vidyalaya Tirumalagiri, Hyderabad",https://trimulghery.kvs.ac.in
,,"Kendriya Vidyalaya Tokarkhada, Silvassa",https://silvassa.kvs.ac.in
,,"Kendriya Vidyalaya Tuli, Nagaland",https://tuli.kvs.ac.in
,,"Kendriya Vidyalaya Tumakuru, Karnataka",https://tumkur.kvs.ac.in
,,"Kendriya Vidyalaya Tura, Meghalaya",https://tura.kvs.ac.in
,,"Kendriya Vidyalaya Tuting, Tinsukia",https://tuting.kvs.ac.in
,,"Kendriya Vidyalaya Udalguri, Assam",https://udalguri.kvs.ac.in
,,"Kendriya Vidyalaya Udupi, Karnataka",https://udupi.kvs.ac.in
,,"Kendriya Vidyalaya Ujjain, Madhya Pradesh",https://ujjain.kvs.ac.in
,,"Kendriya Vidyalaya Ukhrul, Manipur",https://ukhrul.kvs.ac.in
,,"Kendriya Vidyalaya Umaria, Madhya Pradesh",https://umaria.kvs.ac.in
,,"Kendriya Vidyalaya Umroi Cantt, Silchar",https://umroicantt.kvs.ac.in
,,"Kendriya Vidyalaya Uttarlai, Barmer",https://uttarlai.kvs.ac.in
,,"Kendriya Vidyalaya Vallabh Vidyanagar, Anand",https://vvnagar.kvs.ac.in
,,"Kendriya Vidyalaya Vayusena Nagar, Nagpur",https://vsnnagpur.kvs.ac.in
,,"Kendriya Vidyalaya Vehicle Factory, VF Estate Jabalpur",https://vfjabalpur.kvs.ac.in
,,"Kendriya Vidyalaya Venkatagiri, Hyderabad",https://venkatagiri.kvs.ac.in
,,"Kendriya Vidyalaya Vijayapura, Karnataka",https://vijayapura.kvs.ac.in
,,"Kendriya Vidyalaya Viramgam, Gujarat",https://viramgaon.kvs.ac.in
,,"Kendriya Vidyalaya Vizianagaram, Andhra Pradesh",https://vizianagaram.kvs.ac.in
,,"Kendriya Vidyalaya Wadsar, Gujarat",https://afswadsar.kvs.ac.in
,,"Kendriya Vidyalaya Waltair, Hyderabad",https://waltair.kvs.ac.in
,,"Kendriya Vidyalaya Warangal, Hyderabad",https://warangal.kvs.ac.in
,,"Kendriya Vidyalaya Wardha, Maharashtra",https://wardha.kvs.ac.in
,,"Kendriya Vidyalaya Washim, Mumbai",https://washim.kvs.ac.in
,,"Kendriya Vidyalaya Yawatmal, Mumbai",https://yawatmal.kvs.ac.in
,,"Kendriya Vidyalaya Yenugonda, Mahabubnagar",https://mahabubnagar.kvs.ac.in
,,"Kendriya Vidyalaya Zakhama, Nagaland",https://zakhma.kvs.ac.in
,,"Kendriya Vidyalaya Ziro, Tinsukia",https://ziro.kvs.ac.in
,,"Kendriya Vidyalaya sector-22, Rohini At D-16, sector-3, Rohini, Delhi",https://rohinisec22.kvs.ac.in
,,"Kendriya Vidyalaya, AFS Suryalanka",https://suryalankaafs.kvs.ac.in
,,"Kendriya Vidyalaya, AFS, Avadi, Tamil Nadu",https://avadiafs.kvs.ac.in
,,"Kendriya Vidyalaya, AFS, Bihta, Bihar",https://afsbihata.kvs.ac.in
,,"Kendriya Vidyalaya, Adoor, Pathanamthitta, Kerala",https://adoor.kvs.ac.in
,,"Kendriya Vidyalaya, Air Force Station, Sinagharsi, Jharkhand",https://afssingharshi.kvs.ac.in
,,"Kendriya Vidyalaya, Ajni, Nagpur",https://ajni.kvs.ac.in
,,"Kendriya Vidyalaya, Akkulam, Thiruvananthapuram, Kerala",https://trivandrumafs.kvs.ac.in
,,"Kendriya Vidyalaya, Andrews Ganj, New Delhi",https://andrewsganj.kvs.ac.in
,,"Kendriya Vidyalaya, Angul, Odisha",https://angul.kvs.ac.in
,,"Kendriya Vidyalaya, Anna Nagar, Chennai, Tamil Nadu",https://annanagarchennai.kvs.ac.in
,,"Kendriya Vidyalaya, Aruvankadu, The Nilgiris, Tamil Nadu",https://aruvankadu.kvs.ac.in
,,"Kendriya Vidyalaya, Avikanagar, Rajasthan",https://swriavikanagar.kvs.ac.in
,,"Kendriya Vidyalaya, Balasore, Odisha",https://balasore.kvs.ac.in
,,"Kendriya Vidyalaya, Baran, Rajasthan",https://baran.kvs.ac.in
,,"Kendriya Vidyalaya, Begumpet, Hyderabad",https://begumpetafs.kvs.ac.in
,,"Kendriya Vidyalaya, Bhakli, Rewari, Haryana",https://bhakli.kvs.ac.in
,,"Kendriya Vidyalaya, Bharatpur, Rajasthan",https://bharatpur.kvs.ac.in
,,"Kendriya Vidyalaya, Bhind, Madhya Pradesh",https://bhind.kvs.ac.in
,,"Kendriya Vidyalaya, Bilaspur, Chhattisgarh",https://bilaspur.kvs.ac.in
,,"Kendriya Vidyalaya, Bondamunda, Odisha",https://bondamunda.kvs.ac.in
,,"Kendriya Vidyalaya, C.R.P.F. Mokamaghat, Bihar",https://crpfmokamghat.kvs.ac.in
,,"Kendriya Vidyalaya, CRPF, Avadi, Chennai, Tamil Nadu",https://avadicrpf.kvs.ac.in
,,"Kendriya Vidyalaya, Chapra, Bihar",https://chapra.kvs.ac.in
,,"Kendriya Vidyalaya, Coimbatore, Tamil nadu",https://coimbatore.kvs.ac.in
,,"Kendriya Vidyalaya, DRDO - Project School Sponsored By DRDO, Bengaluru",https://drdobangalore.kvs.ac.in
,,"Kendriya Vidyalaya, Dantewada, Chhattisgarh",https://dantewada.kvs.ac.in
,,"Kendriya Vidyalaya, Dhar, Madhya Pradesh",https://dhar.kvs.ac.in
,,"Kendriya Vidyalaya, Dharmapuri, Tamil Nadu",https://dharmapuri.kvs.ac.in
,,"Kendriya Vidyalaya, Dharwad, Karnataka",https://dharwad.kvs.ac.in
,,"Kendriya Vidyalaya, Dodajodhpur",https://dodajodhpur.kvs.ac.in
,,"Kendriya Vidyalaya, Dongargarh, Chhattisgarh",https://dungargarh.kvs.ac.in
,,"Kendriya Vidyalaya, Donimalai, Karnataka",https://ndmcdonimalai.kvs.ac.in
,,"Kendriya Vidyalaya, Fudam, Diu",https://diu.kvs.ac.in
,,"Kendriya Vidyalaya, Gandhigram, Tamil Nadu",https://gandhigram.kvs.ac.in
,,"Kendriya Vidyalaya, Gill Nagar, Chennai, Tamil Nadu",https://chennaigillnagar.kvs.ac.in
,,"Kendriya Vidyalaya, HVF, Avadi, Chennai, Tamil Nadu",https://avadihvf.kvs.ac.in
,,"Kendriya Vidyalaya, Hinoo, Ranchi, Jharkhand",https://hinoo.kvs.ac.in
,,"Kendriya Vidyalaya, Hiranagar, Jammu and Kashmir",https://hiranagar.kvs.ac.in
,,"Kendriya Vidyalaya, Hoshangabad, Madhya Pradesh",https://hoshangabad.kvs.ac.in
,,"Kendriya Vidyalaya, IISC, Karnataka",https://iiscbangalore.kvs.ac.in
,,"Kendriya Vidyalaya, INS Dronacharya, Cochin",https://no4cochin.kvs.ac.in
,,"Kendriya Vidyalaya, INS Mandovi Goa",https://insmandovi.kvs.ac.in
,,"Kendriya Vidyalaya, ITBP, Idayapatti, Madurai",https://idayapatti.kvs.ac.in
,,"Kendriya Vidyalaya, Island Grounds, Chennai, Tamil Nadu",https://islandgrounds.kvs.ac.in
,,"Kendriya Vidyalaya, JNU Campus, New Delhi",https://newmehrauliroadjnu.kvs.ac.in
,,"Kendriya Vidyalaya, Jhajjar, Haryana",https://jhajjar.kvs.ac.in
,,"Kendriya Vidyalaya, Jharodakalan, Delhi",https://jharodakalan.kvs.ac.in
,,"Kendriya Vidyalaya, Karna, Palwal, Haryana",https://palwal.kvs.ac.in
,,"Kendriya Vidyalaya, Kathmandu, Nepal",https://www.kvkathmandu.net
,,"Kendriya Vidyalaya, Konam, Nagercoil, Tamilnadu",https://nagarcoil.kvs.ac.in
,,"Kendriya Vidyalaya, Malleswaram, Karnataka",https://malleshwaram.kvs.ac.in
,,"Kendriya Vidyalaya, Mandapam, Tamilnadu",https://mandapamcamp.kvs.ac.in
,,"Kendriya Vidyalaya, Meghahatuburu, West Singhbhum, Jharkhand",https://meghahatuburu.kvs.ac.in
,,"Kendriya Vidyalaya, Motihari, Bihar",https://motihari.kvs.ac.in
,,"Kendriya Vidyalaya, NTPC, Anta, Rajasthan",https://agppanta.kvs.ac.in
,,"Kendriya Vidyalaya, New Bongaigaon, Assam",https://newbongaigaon.kvs.ac.in
,,"Kendriya Vidyalaya, No.1 A.F.S, Hindan, Ghaziabad, Uttar Pradesh",https://no1hindon.kvs.ac.in
,,"Kendriya Vidyalaya, No.1, Triuchirapalli, Tamilnadu",https://no1tirichy.kvs.ac.in
,,"Kendriya Vidyalaya, No.2 AFS Jalahalli East, Karnataka",https://no2jalahalli.kvs.ac.in
,,"Kendriya Vidyalaya, No.2 Ambala, Haryana",https://no2ambalacantt.kvs.ac.in
,,"Kendriya Vidyalaya, Nubra",https://nubra.kvs.ac.in
,,"Kendriya Vidyalaya, ONGC, Dehradun",https://ongcdehradun.kvs.ac.in
,,"Kendriya Vidyalaya, Pangode, Thiruvananthapuram, Kerala",https://trivandrumpangode.kvs.ac.in
,,"Kendriya Vidyalaya, Panna, Madhya Pradesh",https://panna.kvs.ac.in
,,"Kendriya Vidyalaya, Payyanur, Kannur",https://payyanur.kvs.ac.in
,,"Kendriya Vidyalaya, Pragati Vihar, New Delhi",https://pragativihar.kvs.ac.in
,,"Kendriya Vidyalaya, Puranattukara, Thrissur",https://tiruchur.kvs.ac.in
,,"Kendriya Vidyalaya, Puri, Odisha",https://puri.kvs.ac.in
,,"Kendriya Vidyalaya, Rajgarh, Madhya Pradesh",https://rajgarh.kvs.ac.in
,,"Kendriya Vidyalaya, Rameswaram, Tamil Nadu",https://rameswaram.kvs.ac.in
,,"Kendriya Vidyalaya, Rau, Samastipur, Bihar",https://samastipur.kvs.ac.in
,,"Kendriya Vidyalaya, Rourkela, Bhubaneswar",https://rourkela.kvs.ac.in
,,"Kendriya Vidyalaya, Sec - 3, Rohini, Delhi",https://rohinisec3.kvs.ac.in
,,"Kendriya Vidyalaya, Sector - 14, Gurgaon",https://afsno1gurgaon.kvs.ac.in
,,"Kendriya Vidyalaya, Sevoke Road, West Bengal",https://sevokeroad.kvs.ac.in
,,"Kendriya Vidyalaya, Shivpuri, Madhya Pradesh",https://itbpshivpuri.kvs.ac.in
,,"Kendriya Vidyalaya, Sivaganga, Tamilnadu",https://sivaganga.kvs.ac.in
,,"Kendriya Vidyalaya, Surda, Jharkhand",https://surda.kvs.ac.in
,,"Kendriya Vidyalaya, Thanjavur, Tamil Nadu",https://thanjavurafs.kvs.ac.in
,,"Kendriya Vidyalaya, Thawe, Gopalganj, Bihar",https://gopalganj.kvs.ac.in
,,"Kendriya Vidyalaya, Tiruparankundram, Madurai, Tamil Nadu",https://no2madurai.kvs.ac.in
,,"Kendriya Vidyalaya, Vasant Kunj, New Delhi",https://vasantkunj.kvs.ac.in
,,"Kendriya Vidyalaya, Vastrapur, Ahmedabad, Gujurat",https://sacahmedabad.kvs.ac.in
,,"Kendriya Vidyalaya, Virudhunagar, Tamilnadu",https://virudunagar.kvs.ac.in
,,"Kendriya Vidyalaya,Gumla, Jharkhand",https://gumla.kvs.ac.in
,,"Kendriya Vidyalaya,Nagrota, Jammu and Kashmir",https://nagrota.kvs.ac.in
,,"Kendriya Vidyalaya,Vijayanarayanam,Tirunelveli,Tamil Nadu",https://vijayanarayanam.kvs.ac.in
,,"Kendriya Vidyalaya,Wellington,The Nilgiris",https://wellington.kvs.ac.in
,,"Kendriya VidyalayaNo.2, Belgaum, Karnataka",https://no2belagavicantt.kvs.ac.in
,,"Kendriya Vidyalayas Jyotipuram, Jammu and Kashmir",https://jyotipuram.kvs.ac.in
,,"Kendriya Vidyalya, No-2 NHPC, Champawat, Uttrakhand",https://ssbchampawat.kvs.ac.in
,,"Kenndriya Viyalaya Saharsa, Bihar",https://saharsa.kvs.ac.in
,,"Kenriya Vidyalaya No-1,Air force station Halwara, Punjab",https://no1halwara.kvs.ac.in
,,"Kerala Agricultural University, Kerala",https://kau.in
,,"Kerala Examination Results, Kerala",https://keralaresults.nic.in
,,"Kerala Infrastructure and Technology for Education (KITE), Kerala",https://kite.kerala.gov.in
,,"Kerala Infrastructure and Techonology for Education (KITE), Kerala",https://victers.kite.kerala.gov.in
,,"Kerala Institute of Tourism and Travel Studies (KITTS), Kerala",https://www.kittsedu.org
,,"Kerala Language Institute, Kerala",https://www.keralabhashainstitute.org
,,"Kerala Pareeksha Bhavan, Office of The Commissioner of Government Examinations, Kerala",https://pareekshabhavan.kerala.gov.in
,,"Kerala Sahitya Akademi, Kerala",https://www.keralasahityaakademi.org
,,"Kerala State Institute of Children Literature, Kerala",https://ksicl.org
,,"Kerala State Science and Technology Museum & Priyadarshani Planetarium, Kerala",https://kstmuseum.com
,,"Kerala institute for Research Training & Development studies of Scheduled Castes and Scheduled Tribes, Kerala",https://kirtads.kerala.gov.in
,,"King George's Medical University, Lucknow, Uttar Pradesh",https://www.kgmu.org
,,"Knowledge Consortium of Gujarat (KCG), Gujarat",https://kcg.gujarat.gov.in
,,"Krishi Vigyan Kendra (KVK), Rajouri",https://kvkrajouri.nic.in
,,"Krishi Vigyan Kendra (KVK), West Kameng, Arunachal Pradesh",https://kvkwestkameng.gov.in
,,"Krishi Vigyan Kendra, Upper Subansiri, Arunachal Pradesh",https://kvkuppersubansiri.nic.in
,,"Kumaun University, Uttarakhand",https://www.kunainital.ac.in
,,"Kurukshetra University, Haryana",https://www.kuk.ac.in
,,"L. D. College of Engineering, Gujarat",https://ldce.ac.in
,,"Lakshmibai National College of Physical Education (LNCPE), Thiruvananthapuram",https://lncpe.ac.in
,,"Lal Bahadur Shastri Government Degree College, Saraswati Nagar, Himachal Pradesh",https://www.lbsgcsnagar.edu.in
,,"Lalit Narayan Mithila University, Darbhanga, Bihar",https://lnmu.ac.in
,,"M. P. Institute of Social Science Research (MPISSR), Bhopal",https://mpissr.org
,,"Madhya Pradesh State Open School Education Board, Madhya Pradesh",https://mpsos.nic.in
,,Madras Institute of Development Studies (MIDS),https://www.mids.ac.in
,,"Madurai Kamaraj University, Tamil Nadu",https://mkuniversity.ac.in
,,"Maharaja Bir Bikram College (MBB), Agartala, Tripura",https://www.mbbcollege.in
,,"Maharaja Krishnakumarsinhji Bhavnagar University, Gujarat",https://www.mkbhavuni.edu.in
,,"Maharaja Sriram Chandra Bhanja Deo University, Odisha",https://www.nou.nic.in
,,"Maharana Pratap University of Agriculture and Technology, Udaipur, Rajasthan",https://www.mpuat.ac.in
,,"Maharashtra State Council for Occupational Therapy & Physiotherapy, Maharashtra",https://mahaotandptcouncil.in
,,"Maharashtra State Eligibility Test (MH-SET) for Assistant Professor, Pune University, Maharashtra",https://setexam.unipune.ac.in
,,"Maharashtra University of Health Sciences, Nashik, Maharashtra",https://www.muhs.ac.in
,,"Maharshi Dayanand University, Rohtak, Haryana",https://mdu.ac.in
,,"Maharshi Sandeepani Rashtriya Vedavidya Pratishthan (MSRVVP), Ujjain",https://msrvvp.ac.in
,,Mahatma Gandhi Antarrashtriya Hindi Vishwavidyalaya,https://hindivishwa.org
,,"Mahatma Gandhi Central University (MGCUB), Motihari",https://mgcub.ac.in
,,"Mahatma Gandhi Government College, Mayabunder, Andaman & Nicobar Islands",https://mggcm.and.nic.in
,,"Mahatma Gandhi Institute for Combating Climate Change, Delhi",https://mgiccc.delhi.gov.in
,,Mahatma Gandhi Institute for Rural Industrialization (MGIRI),https://mgiri.org
,,"Mahatma Gandhi Postgraduate Institute of Dental Sciences (MGPGIDS), Puducherry",https://mgpgi.py.gov.in
,,"Mahatma Gandhi State Institute of Public Administration (MGSIPAP), Punjab",https://mgsipa.punjab.gov.in
,,"Mahatma Gandhi University, Kerala",https://www.mgu.ac.in
,,"Mahatma Jyotiba Phule Rohilkhand University (MJPRU), Bareilly, Uttar Pradesh",https://mjpru.ac.in
,,"Maithili-Bhojpuri Academy, Delhi",https://mbacademy.delhi.gov.in
,,"Malaviya National Institute of Technology (MNIT), Jaipur",https://www.mnit.ac.in
,,"Malnad College of Engineering, Hassan, Karnataka",https://www.mcehassan.ac.in
,,"Mangalore University, Konaje, Karnataka",https://www.mangaloreuniversity.ac.in
,,"Manonmaniam Sundaranar University, Tamil Nadu",https://www.msuniv.ac.in
,,"Martin Luther Christian University, (MICU), Shillong, Meghalaya",https://www.mlcuniv.in
,,"Mathematics Department, Panjab University, Chandigarh",https://maths.puchd.ac.in
,,"Maulana Abul Kalam Azad University of Technology, West Bengal",https://makautwb.ac.in
,,Maulana Azad Education Foundation,https://maef.nic.in
,,"Maulana Azad Institute of Dental Science, Delhi",https://maids.delhi.gov.in
,,"Maulana Azad Medical College, Delhi",https://mamc.delhi.gov.in
,,"Maulana Azad Memorial College, Jammu and Kashmir",https://www.mamcollegejammu.in
,,"Maulana Azad National Institute of Technology, Bhopal",https://www.manit.ac.in
,,Medha Soft -  Education Department Bihar,https://medhasoft.bih.nic.in
,,"Medical College, Baroda, Gujarat",https://www.medicalcollegebaroda.edu.in
,,"Meera Bai Institute of Technology (MBIT), Delhi",https://mbit.delhi.gov.in
,,"Mid Day Meal Scheme, Directorate of School Education & Literacy, Meghalaya",https://mdmsmeghalaya.gov.in
,,"Mid Day Meal Scheme, Lakshadweep",https://mdmlakshadweep.utl.gov.in
,,"Mizoram University, Mizoram",https://mzu.edu.in
,,"Mohanlal Sukhadia University, Rajasthan",https://mlsu.ac.in
,,"Mother Teresa Women's University, Kodaikanal, Tamil Nadu",https://www.motherteresawomenuniv.ac.in
,,"Muzaffarpur Institute of Technology, Bihar",https://www.mitmuzaffarpur.org
,,"NALSAR University of Law, Andhra Pradesh",https://nalsar.ac.in
,,"Nabakrushna Choudhury Centre for Development Studies (ICSSR), Odisha",https://ncds.nic.in
,,"Nagaland University, Nagaland",https://nagalanduniversity.ac.in
,,Nalanda University,https://www.nalandauniv.edu.in
,,"National  Institute of Food Technology Entrepreneurship and Management (NIFTEM), Kundli",https://niftem.ac.in
,,"National Academy of Direct Taxes, Nagpur",https://nadt.gov.in
,,National Academy of Sciences,https://www.nasonline.org
,,National Achievement Survey (NAS),https://nas.gov.in
,,National Agricultural Higher Education Project,https://nahep.icar.gov.in
,,National Apprenticeship Training Scheme (NATS),https://portal.mhrdnats.gov.in
,,National Apprenticeship Training Scheme,https://nats.education.gov.in
,,National Awards to Teachers,https://nationalawardstoteachers.education.gov.in
,,National Bal Bhavan,https://nationalbalbhavan.nic.in
,,National Board of Examinations,https://www.natboard.edu.in
,,National Center for Catalysis Research (NCCR),https://nccr-iitm.com
,,National Commission for Minority Educational Institutions (NCMEI),https://ncmei.gov.in
,,National Council for Hotel Management,https://nchmjee.nta.nic.in
,,National Council for Promotion of Sindhi Language (NCPSL),https://www.ncpsl.gov.in
,,National Council for Promotion of Urdu Language (NCPUL),https://www.urducouncil.nic.in
,,National Council for Teacher Education,https://www.ercncte.org
,,National Council for Teacher Education (NCTE),https://ncte.gov.in
,,National Council for Vocational Education and Training (NCVET),https://ncvet.gov.in
,,National Council of Educational Research and Training (NCERT),https://ncert.nic.in
,,National Digital Library of India,https://ndl.iitkgp.ac.in
,,National Eligibility Cum Entrance Test (UG),https://neet.nta.nic.in
,,"National Institute for the Visually Handicapped (NIVH), Dehradun",https://nivh.gov.in
,,National Institute of Agricultural Extension Management (MANAGE),https://www.manage.gov.in
,,National Institute of Educational Planning and Administration,https://niepa.ac.in
,,"National Institute of Electronics & Information Technology, Haridwar",https://www.nielit.gov.in/haridwar
,,National Institute of Electronics and Information Technology,https://www.nielit.gov.in
,,"National Institute of Electronics and Information Technology (NIELIT), Chandigarh",https://www.nielit.gov.in/chandigarh
,,"National Institute of Electronics and Information Technology, Kohima",https://www.nielit.gov.in/kohima
,,"National Institute of Electronics and Information Technology (NIELIT), Bhubaneswar",https://www.nielit.gov.in/bhubaneswar
,,"National Institute of Electronics and Information Technology (NIELIT), Gorakhpur",https://www.nielit.gov.in/gorakhpur
,,"National Institute of Electronics and Information Technology (NIELIT), Kurukshetra",https://www.nielit.gov.in/kurukshetra
,,"National Institute of Electronics and Information Technology (NIELIT), Majuli",https://www.nielit.gov.in/majuli
,,"National Institute of Electronics and Information Technology (NIELIT), Patna",https://www.nielit.gov.in/patna
,,"National Institute of Electronics and Information Technology (NIELIT), Pali",https://www.nielit.gov.in/pali
,,National Institute of Epidemiology (NIE),https://www.nie.gov.in
,,"National Institute of Fashion Technology (NIFT), New Delhi",https://www.nift.ac.in
,,"National Institute of Fashion Technology (NIFT), Bhubaneswar",https://www.nift.ac.in/bhubaneswar
,,"National Institute of Fashion Technology (NIFT), Gandhinagar",https://www.nift.ac.in/gandhinagar
,,"National Institute of Fashion Technology (NIFT), Shillong",https://www.nift.ac.in/shillong
,,"National Institute of Fashion Technology (NIFT), Jodhpur",https://www.nift.ac.in/jodhpur
,,"National Institute of Fashion Technology (NIFT), Kannur",https://www.nift.ac.in/kannur
,,"National Institute of Fashion Technology (NIFT), New Delhi",https://www.nift.ac.in/delhi
,,"National Institute of Fashion Technology (NIFT), Patna",https://www.nift.ac.in/patna
,,"National Institute of Fashion Technology (NIFT), Bengaluru",https://www.nift.ac.in/bengaluru
,,"National Institute of Fashion Technology (NIFT), Hyderabad",https://www.nift.ac.in/hyderabad
,,"National Institute of Fashion Technology (NIFT), Raebareli",https://www.nift.ac.in/raebareli
,,"National Institute of Fashion Technology (NIFT), Kangra",https://www.nift.ac.in/kangra
,,"National Institute of Fashion Technology (NIFT), Kolkata",https://www.nift.ac.in/kolkata
,,"National Institute of Fashion Technology (NIFT), Chennai",https://www.nift.ac.in/chennai
,,"National Institute of Fashion Technology (NIFT), Bhopal",https://www.nift.ac.in/bhopal
,,"National Institute of Fashion Technology (NIFT), Mumbai",https://www.nift.ac.in/mumbai
,,"National Institute of Homoeopathy, Kolkata",https://nih.nic.in
,,"National Institute of Hydrology (NIH), Roorkee",https://nihroorkee.gov.in
,,"National Institute of Naturopathy, Pune",https://ninpune.ayush.gov.in
,,National Institute of Open Schooling (NIOS),https://www.nios.ac.in
,,"National Institute of Pharmaceutical Education and Research (NIPER), Ahmedabad",https://niperahm.ac.in
,,"National Institute of Pharmaceutical Education and Research (NIPER), Kolkata",https://www.niperkolkata.edu.in
,,"National Institute of Pharmaceutical Education and Research (NIPER), Guwahati",https://niperguwahati.ac.in
,,"National Institute of Pharmaceutical Education and Research (NIPER), Hajipur",https://www.niperhajipur.ac.in
,,"National Institute of Pharmaceutical Education and Research (NIPER), Rae Bareli",https://niperraebareli.edu.in
,,"National Institute of Pharmaceutical Education and Research (NIPER), Mohali",https://niper.gov.in
,,"National Institute of Public Finance and Policy (NIPFP), New Delhi",https://www.nipfp.org.in
,,National Institute of Rock Mechanics (NIRM),https://nirm.in
,,"National Institute of Technical Teachers Training and Research (NITTTR), Bhopal",https://nitttrbpl.ac.in
,,"National Institute of Technical Teachers Training and Research (NITTTR), Chennai",https://nitttrc.ac.in
,,"National Institute of Technology (NIT), Delhi",https://www.nitdelhi.ac.in
,,"National Institute of Technology (NIT), Agartala",https://www.nita.ac.in
,,"National Institute of Technology (NIT), Arunachal Pradesh",https://nitap.in
,,"National Institute of Technology (NIT), Puducherry",https://www.nitpy.ac.in
,,"National Institute of Technology (NIT), Uttarakhand",https://nituk.ac.in
,,"National Institute of Technology (NIT), Mizoram",https://www.nitmz.ac.in
,,"National Institute of Technology (NIT), Sikkim",https://www.nitsikkim.ac.in
,,"National Institute of Technology (NIT), Nagaland",https://nitnagaland.ac.in
,,"National Institute of Technology (NIT), Meghalaya",https://nitmeghalaya.in
,,"National Institute of Technology (NIT), Manipur",https://www.nitmanipur.ac.in
,,"National Institute of Technology (NIT), Goa",https://www.nitgoa.ac.in
,,"National Institute of Technology (NIT), Jamshedpur",https://www.nitjsr.ac.in
,,"National Institute of Technology (NIT), Sikkim",https://www.nitsikkim.ac.in
,,"National Institute of Technology (NIT), Surathkal",https://www.nitk.ac.in
,,"National Institute of Technology (NIT), Durgapur",https://nitdgp.ac.in
,,"National Institute of Technology (NIT), Rourkela",https://www.nitrkl.ac.in
,,"National Institute of Technology (NIT), Durgapur",https://nitdgp.ac.in
,,"National Institute of Technology (NIC), Patna",https://www.nitp.ac.in
,,"National Institute of Technology (NIT), Tiruchirappalli",https://www.nitt.edu
,,"National Institute of Technology (NIT), Srinagar",https://nitsri.ac.in
,,"National Institute of Technology (NIT), Warangal",https://www.nitw.ac.in
,,"National Institute of Technology, Silchar, Assam",https://nits.ac.in
,,"National Law School of India University, Bengaluru,, Karnataka",https://www.nls.ac.in
,,National MSME Trainee Database,https://ati.msme.gov.in
,,National Mission on Education through Information and Communication Technology (NMEICT),https://www.nmeict.ac.in
,,National Overseas Scholarship Scheme (NOS),https://nosmsje.gov.in
,,"National Sanskrit University, Tirupati",https://nsktu.ac.in
,,National Scholarships Portal,https://scholarships.gov.in
,,"National Skill Trainers Institute for Women, Mumbai",https://nstiwmumbai.dgt.gov.in
,,National Testing Agency (NTA),https://nta.ac.in
,,"National Tuberculosis Institute (NTI), Bangalore",https://ntiindia.kar.nic.in
,,Nav Bharat Saksharta Karyakramme (ULLAS),https://nilp.education.gov.in
,,Navodaya Vidyalaya Samiti,https://navodaya.gov.in
,,"Navsari Agricultural University, Gujarat",https://nau.in
,,"Navy Children School, Kochi, Kerala",https://www.ncskochi.ac.in
,,"Navy Children School, Rajali, Arakkonam, Vellore, Tamil Nadu",https://www.ncsarakkonam.edu.in
,,"Netaji Subhas Administrative Training Institute (ATI), West Bengal",https://www.atiwb.gov.in
,,"Netaji Subhash Mahavidyalaya, Udaipur, Tripura",https://nsmahavidyalaya.nic.in
,,"Nims University, Jaipur, Rajasthan",https://www.nimsuniversity.org
,,"Nizam's Institute of Medical Sciences, Hyderabad, Telangana",https://nims.edu.in
,,"North East Regional Institute of Education (NERIE), Shillong",https://nerie.nic.in
,,"North Eastern Hill University (NEHU), Shillong",https://www.nehu.ac.in
,,"North Eastern Regional Institute of Science and Technology (NERIST), Nirjuli",https://nerist.ac.in
,,North Eastern Regional Institute of Water and Land Management (NERIWALM),https://neriwalm.gov.in
,,"Odisha Joint Entrance Examination (OJEE), Odisha",https://ojee.admissions.nic.in
,,"Odisha School Education Programme Authority, Odisha",https://osepa.odisha.gov.in
,,"Odisha School Teachers Transfer Portal, Odisha",https://www.odishateachers.gov.in
,,"Odisha School of Mining Engineering, Keonjhar, Odisha",https://osme.co.in
,,"Odisha Skill Development Authority, Odisha",https://www.skillodisha.gov.in
,,"Odisha University of Technology and Research, Odisha",https://www.cet.edu.in
,,Omeo Kumar Das Institute of Social Change and Development (OKDISCD),https://www.okd.in
,,"Online Registration-Rehabilitation Council of India, New Delhi",https://rciregistration.nic.in
,,"Online Seat Allotment, Department of Education, Lakshadweep",https://ecounselling.utl.gov.in
,,"P.U. Swami Sarvanand Giri Regional Centre, Panjab University, Chandigarh",https://purch.puchd.ac.in
,,PM e-VIDYA,https://pmevidya.education.gov.in
,,PRERANA-School of Experiential Learning,https://prerana.education.gov.in
,,"Pandit Sundarlal Sharma (Open) University (PSSOU) Chhattisgarh, Bilaspur",https://www.pssou.ac.in
,,Pandit Sunderlal Sharma Central Institute of Vocational Education,https://psscive.ac.in
,,"Panjab University, Chandigarh",https://puchd.ac.in
,,"Patna University, Bihar",https://pup.ac.in
,,"Periyar University, Tamil Nadu",https://www.periyaruniversity.ac.in
,,"Physical Research Laboratory (PRL), Ahmedabad",https://www.prl.res.in
,,Pondicherry University,https://www.pondiuni.edu.in
,,"Post Graduate Government College For Girls Sector-42, Chandigarh",https://www.gcg42.ac.in
,,"Post Graduate Government College for Girls, Sector 11, Chandigarh",https://gcg11.ac.in
,,"Post Graduate Government College, Sector 11, Chandigarh",https://www.gc11.ac.in
,,"Post Graduate Institute of Medical Education and Research, Chandigarh",https://pgimer.edu.in
,,"Post Matric Scholarship Portal, Bihar",https://www.pmsonline.bih.nic.in
,,"Post Matric Scholarship Portal, Chhattisgarh",https://postmatric-scholarship.cg.nic.in
,,"Potti Sreeramulu Telugu University, Andhra Pradesh",https://teluguuniversity.ac.in
,,"Power Management Institute (PMI), Uttar Pradesh",https://pmi.ntpc.co.in
,,Pradhan Mantri Poshan Shakti Nirman,https://pmposhan.education.gov.in
,,"Pradhan Mantri Poshan Shakti Nirman (PM POSHAN), West Bengal",https://mdm.wbsed.gov.in
,,"Pt. Khushilal Sharma Government (Autonomous) Ayurveda College & Institute Bhopal, Madhya Pradesh",https://www.klsgaci.edu.in
,,"Puducherry Technological University (PTU), Puducherry",https://www.ptuniv.edu.in
,,"Punjab Agricultural University (PAU), Punjab",https://pau.edu
,,"Punjab Engineering College (PEC), Chandigarh",https://pec.ac.in
,,Punjab Institute of Liver & Biliary Sciences,https://pilbs.punjab.gov.in
,,"Punjab University, P.U. Swami Sarvanand Giri Regional Centre, Punjab",https://ssgpurch.puchd.ac.in
,,"Puranmal Lahoti Government Polytechnic, Latur, Maharashtra",https://www.plgpl.org
,,"RCVP Noronha Academy of Administration, Bhopal, Madhya Pradesh",https://www.academy.mp.gov.in
,,"REWA - LT. Governor Student Support, Scholarship, Ladakh",https://socialwelfare.ladakh.gov.in/rewa
,,"Rabindra Bharati University, West Bengal",https://www.rbu.ac.in
,,"Rajasthan Knowledge Corporation Limited, Rajasthan",https://www.rkcl.in
,,"Rajasthan Technical University (RTU), Kota, Rajasthan",https://www.rtu.ac.in
,,"Rajasthan University of Health Sciences, Jaipur, Rajasthan",https://www.ruhsraj.org
,,"Rajeev Gandhi Navodaya Vidyalaya Chinyalisaur, Uttarkashi, Uttarakhand",https://rgnv-utt.uk.gov.in
,,"Rajeev Gandhi Navodaya Vidyalaya Gangolihat, Pithoragarh, Uttarakhand",https://rgnv-pit.uk.gov.in
,,"Rajeev Gandhi Navodaya Vidyalaya Lohaghat, Champawat, Uttarakhand",https://rgnv-chp.uk.gov.in
Employment_Labour,https://igod.gov.in/sector/BxNsIHQBsvhI6u6Q3tju/organizations,,
,,Arunachal Pradesh Staff Selection Board,https://apssb.nic.in
,,Assam Skill Development Mission,https://asdm.assam.gov.in
,,"Berojgari Bhatta Portal, Chhattisgarh",https://berojgaribhatta.cg.nic.in
,,"Bina Mulya Samajik Suraksha Yojana, West Bengal",https://bmssy.wblabour.gov.in
,,"Cacora Government Industrial Training Institute, Goa",https://iticacora.goa.gov.in
,,"Canacona Government Industrial Training Institute, Goa",https://iticanacona.goa.gov.in
,,Capacity Building Commission,https://cbc.gov.in
,,Central Government Industrial Tribunal,https://cgit.labour.gov.in
,,"Central Staff Training and Research Institute (CSTARI), Kolkata",https://www.cstaricalcutta.gov.in
,,Chief Labour Commissioner (Central),https://clc.gov.in
,,"Commissionerate of Employmnet and Traning, Tamil Nadu",https://skilltraining.tn.gov.in
,,"Commissionerate of Labour, Assam",https://labourcommissioner.assam.gov.in
,,"Commissionerate of Labour, Labour, Skill Development & Employment Department, Gujarat",https://www.col.gujarat.gov.in
,,"Commissionerate of Skill Development, Employment & Entrepreneurship, Maharashtra",https://rojgar.mahaswayam.gov.in
,,"Craft Development Institute (CDI), Jammu and Kashmir",https://cdisgr.org
,,Dattopant Thengadi National Board for Workers Education and Development,https://dtnbwed.cbwe.gov.in
,,Delhi Building and Other Construction Workers Welfare Board,https://bocw.delhi.gov.in
,,Delhi Labour Welfare Board,https://dlwb.delhi.gov.in
,,Delhi Subordinate Services Selection Board,https://dsssb.delhi.gov.in
,,Directorate General Factory Advice Service and Labour Institutes (DGFASLI),https://dgfasli.gov.in
,,Directorate General of Employment (DGE),https://dge.gov.in
,,Directorate General of Training (DGT),https://dgt.gov.in
,,"Directorate of Boilers, Gujarat",https://boiler.gujarat.gov.in
,,"Directorate of Employment & Training, Gujarat",https://employment.gujarat.gov.in
,,"Directorate of Employment Services and Manpower Planning, Tripura",https://employment.tripura.gov.in
,,"Directorate of Employment and Craftsmen Training, Assam",https://dect.assam.gov.in
,,"Directorate of Employment and Training (DET), Gujarat",https://talimrojgar.gujarat.gov.in
,,"Directorate of Employment and Training, Jharkhand",https://iti.jharkhand.gov.in
,,"Directorate of Employment, Delhi",https://employment.delhi.gov.in
,,"Directorate of Employment, Delhi",https://onlineemploymentportal.delhi.gov.in
,,"Directorate of Employment, Haryana",https://hrex.gov.in
,,"Directorate of Employment, Jammu and Kashmir",https://jakemp.nic.in
,,"Directorate of Employment, Odisha",https://empmission.odisha.gov.in
,,"Directorate of Factories and Boilers, Odisha",https://dfb.odisha.gov.in
,,"Directorate of Factories, West Bengal",https://wbfactories.gov.in
,,"Directorate of Industrial Safety and Health, Gujarat",https://dish.gujarat.gov.in
,,"Directorate of Industrial Safety and Health, Tamil Nadu",https://dish.tn.gov.in
,,"Directorate of Training, Chhattisgarh",https://webtest.cgstate.gov.in
,,"EPFiGMS - Employees Provident Fund, Grievance Management System, New Delhi",https://epfigms.gov.in
,,Electronic Human Resource Management System 2.0,https://e-hrms.gov.in
,,"Employee Performance Monitoring Portal (EPM), Jammu and Kashmir",https://epm.jk.gov.in
,,"Employees Provident Fund Organisation, Jammu and Kashmir",https://jkepfo.gov.in
,,"Employees State Insurance Healthcare under Ministry of Labour & Employment, Haryana",https://hryesi.gov.in
,,"Employment Bank, West Bengal",https://employmentbankwb.gov.in
,,"Employment Department, Ladakh",https://ladakh.nic.in/employment
,,"Employment Exchange Portal, Assam",https://employment.assam.gov.in
,,"Employment Exchange, Manipur",https://employmentservicemanipur.nic.in
,,"Employment Guarantee Scheme, Planning Department, Maharashtra",https://mahaegs.maharashtra.gov.in/en
,,Employment News,https://employmentnews.gov.in
,,"Employment and Training Department, Tamil Nadu",https://employmentexchange.tn.gov.in/Empower
,,"Employment and Training Department, Tamil Nadu",https://employmentexchange.tn.gov.in
,,"Factories and Boilers Inspection Department, Rajasthan",https://rajfab.rajasthan.gov.in
,,"Factories and Boilers Organisation, Tripura",https://factory.tripura.gov.in
,,"Haryana Kaushal Rozgar Nigam, Haryana",https://hkrnl.itiharyana.gov.in
,,"Haryana Staff Selection Commission, Haryana",https://onetimeregn.haryana.gov.in
,,India Accessible Campaign,https://sugamyabharat.gov.in
,,Indian Institute of Entrepreneurship,https://iie.gov.in
,,Indian Labour Archives (ILA),https://indianlabourarchives.org
,,"Inspectorate of Boilers, Assam",https://cib.assam.gov.in
,,"Inspectorate of Factories, Assam",https://ciflabour.assam.gov.in
,,"Integrated Recruitment Portal, Uttarakhand",https://irp.uk.gov.in
,,Jeevan Pramaan - Digital Life Certificate for Pensioners,https://jeevanpramaan.gov.in
,,"Jharkhand Staff Selection Commission, Jharkhand",https://jssc.nic.in
,,Karmayogi Bharat,https://karmayogibharat.gov.in
,,"Karnataka Public Service Commission, Karnataka",https://www.kpsc.kar.nic.in
,,Labour Bureau,https://labourbureau.gov.in
,,"Labour Commissionerate (Maintains Industrial Relations), West Bengal",https://www.wblc.gov.in
,,"Labour Commissionerate (Shops & Establishments Online Registration, Changes etc.), West Bengal",https://wbshopsonline.gov.in
,,"Labour Commissionerate, Kerala",https://lc.kerala.gov.in
,,"Labour Department, Chhattisgarh",https://shramevjayate.cg.gov.in
,,"Labour Department, Sikkim",https://labour.sikkim.gov.in
,,"Labour Directorate, Odisha",https://labdirodisha.gov.in
,,"Madhya Pradesh Employment Portal, Madhya Pradesh",https://mprojgar.gov.in
,,"Mahatma Gandhi Labour Institute, Gujarat",https://mgli.gujarat.gov.in
,,"Margao Government Industrial Training Institute, Goa",https://itimargao.goa.gov.in
,,Micro Small and Medium Enterprises Sampark,https://sampark.msme.gov.in
,,National Career Service,https://www.ncs.gov.in
,,National Council for Vocational Training (NCVT),https://ncvtmis.gov.in
,,"National Employment Service, Kerala",https://employment.kerala.gov.in
,,National Institute for Entrepreneurship and Small Business Development (NIESBUD),https://niesbud.nic.in
,,National Instructional Media Institute (NIMI),https://nimi.gov.in
,,National Qualifications Register,https://nqr.gov.in
,,"National Skill Trainers Institute (NSTI), Dehradun",https://nstidehradun.dgt.gov.in
,,"National Skill Trainers Institute for Women, Tura",https://nstiwtura.dgt.gov.in
,,"Online Portal for Government Recruitments, Puducherry",https://recruitment.py.gov.in
,,"Online Recruitment Application System, Manipur",https://megrecruitment.nic.in
,,"Online Recruitment Portal, Andaman and Nicobar Administration",https://karmic.andaman.gov.in
,,"Overseas Development and Employment Promotion Consultants Ltd. (ODEPC), Kerala",https://odepc.kerala.gov.in
,,"Overseas Manpower Company Andhra Pradesh Limited, Andhra Pradesh",https://omc.ap.gov.in
,,"Panaji Government Industrial Training Institute, Goa",https://itipanaji.goa.gov.in
,,"Pernem Government Industrial Training Institute, Goa",https://itipernem.goa.gov.in
,,Pradhan Mantri Kaushal Vikas Yojana (PMKVY),https://pmkvyofficial.org
,,Public Enterprises Selection Board (PESB),https://pesb.gov.in
,,"Punjab Ghar Ghar Rozgar & Karobar Mission, Punjab",https://www.pgrkam.com
,,"Railway Recruitment Board (RRB), Ahmedabad",https://www.rrbahmedabad.gov.in
,,Railway Recruitment Board,https://www.rrbapply.gov.in
,,"Rajasthan Staff Selection Board, Jaipur, Rajasthan",https://rsmssb.rajasthan.gov.in
,,"Recruitment Rules Formulation, Amendment and Monitoring System",https://rrfams.nic.in
,,"Regional Directorate of Apprenticeship Training (RDAT), Chennai",https://rdsdetamilnadu.dgt.gov.in
,,"Regional Directorate of Apprenticeship Training, Mumbai (Western Region)",https://rdsdemaharashtra.dgt.gov.in
,,"Regional Directorate of Skill Development and Entrepreneurship, Telangana",https://rdsdetelangana.dgt.gov.in
,,"Rojgaar Sangam, Uttar Pradesh",https://sewayojan.up.nic.in
,,"SHRAMADHAN - Comprehensive Labour Management System, Jharkhand",https://shramadhan.jharkhand.gov.in
,,"Sattari Government Industrial Training Institute, Goa",https://itisattari.goa.gov.in
,,Shram Suvidha,https://shramsuvidha.gov.in
,,Skill Development Initiative Scheme (SDIS),https://sdis.gov.in
,,"Social Security Pension, Rajasthan",https://ssp.rajasthan.gov.in
,,"Staff Selection Commission (SSC), Central Region",https://www.ssc-cr.org
,,"Staff Selection Commission (SSC), Eastern Region (Kolkata)",https://www.sscer.org
,,"Staff Selection Commission (SSC), Madhya Pradesh Sub Region",https://www.sscmpr.org
,,"Staff Selection Commission (SSC), North Western Region Chandigarh",https://www.sscnwr.org
,,"Staff Selection Commission (SSC), Southern Region",https://www.sscsr.gov.in
,,"Staff Selection Commission (SSC), Western Region (Mumbai)",https://www.sscwr.net
,,"Staff Selection Commission, Regional Office, (NER), Guwahati",https://www.sscner.org.in
,,"Staff Training College, Gandhinagar, Gujarat",https://stc.gujarat.gov.in
,,"Tamil Nadu Skill Development Corporation (TNSDC), Tamil Nadu",https://www.tnskill.tn.gov.in
,,"U.P. Academy of Administration & Management, Uttar Pradesh",https://upati.gov.in
,,Unified Portal for Employers & Employees by Employees Provident Fund Organisation (EPFO),https://unifiedportal.epfindia.gov.in
,,Union Public Service Commission (UPSC),https://www.upsc.gov.in
,,"Uttarakhand Subordinate Service Selection Commission, Uttarakhand",https://sssc.uk.gov.in
,,"Vasco Government Industrial Training Institute, Goa",https://itivasco.goa.gov.in
,,"Virtual Learning Portal, Commissionerate of Employment & Training, Tamil Nadu",https://tamilnaducareerservices.tn.gov.in
,,Work for India,https://workforindia.niti.gov.in
,,e-Pariksha Adhiyachan Services,https://eadhiyachan.pariksha.nic.in
,,eSHRAM Portal,https://eshram.gov.in
Energy_Power,https://igod.gov.in/sector/ARNsIHQBsvhI6u6Q3tju/organizations,,
,,"Additional Sources of Energy Department, Uttar Pradesh",https://upneda.org.in
,,"Agency for Non Conventional Energy and Rural Technology (ANERT), Kerala",https://anert.gov.in
,,Appellate Tribunal for Electricity (APTEL),https://aptel.gov.in
,,Assam Energy Development Agency (AEDA),https://aeda.assam.gov.in
,,Assam State Designated Agency (ASDA),https://asdagov.in
,,Bharat Heavy Electricals Limited (BHEL),https://www.bhel.com
,,"Bihar State Power Holding Company Limited (BSPHCL), Patna, Bihar",https://www.bsphcl.co.in
,,Bureau of Energy Efficiency (BEE),https://beeindia.gov.in
,,Central Electricity Authority (CEA),https://cea.nic.in
,,Central Electricity Authority (CEA),https://ceaclearance.gov.in
,,Central Electricity Regulatory Commission (CERC),https://cercind.gov.in
,,"Central Power Research Institute (CPRI), Bangalore",https://www.cpri.in
,,Central Transmission Utility of India Ltd. (CTUIL),https://ctuil.in
,,"Chief Engineer (E/S) and Chief Electrical Inspector, Madhya Pradesh",https://cei.mp.gov.in
,,Damodar Valley Corporation (DVC),https://www.dvc.gov.in
,,Directorate of Purchase and Stores,https://www.dps.gov.in
,,Eastern Regional Load Despatch Center,https://erldc.in
,,Eastern Regional Power Committee (ERPC),https://erpc.gov.in
,,"Electrical Inspectorate Department, ??elangana",https://tsceig.cgg.gov.in
,,"Electricity Ombudsman(Mumbai), Maharashtra",https://www.mercombudsman.org.in
,,Energy Efficiency Services Limited (EESL),https://www.eeslindia.org
,,"Energy Management Centre, Kerala",https://www.keralaenergy.gov.in
,,Forum of Regulators,https://forumofregulators.gov.in
,,"Green Energy Training Research Institute (GETRI), Gujarat",https://getri.org
,,Grid Controller of India Limited,https://posoco.in
,,"Gujarat State Electricity Corporation Limited (GSECL), Vadodara, Gujarat",https://www.gsecl.in
,,"H.P. Government Energy Development Agency (HIMURJA), Himachal Pradesh",https://himurja.hp.gov.in
,,India Renewable Idea Exchange Portal (IRIX),https://irix.gov.in
,,"Indraprastha Power Generation Co. Ltd., Delhi",https://www.ipgcl-ppcl.gov.in
,,"Inspectorate of Electricity (IEC), Assam",https://cei.assam.gov.in
,,Integrated Power Development Scheme (IPDS),https://www.ipds.gov.in
,,"Jammu & Kashmir Energy Development Agency (JAKEDA), Jammu and Kashmir",https://www.jakeda.in
,,Joint Electricity Regulatory Commission (JERC),https://jercuts.gov.in
,,Joint Electricity Regulatory Commission for the States of Manipur and Mizoram (JERC),https://jerc.mizoram.gov.in
,,"Kerala Electricity Ombudsman, Kerala",https://www.keralaeo.org
,,"M.P Power Generating Company Limited (MPPGCL), Madhya Pradesh",https://www.mppgcl.mp.gov.in
,,"M.P. Paschim Kshetra Vidyut Vitran Co. Ltd., Madhya Pradesh",https://www.mpwz.co.in
,,"Madhya Pradesh Poorv Kshetra Vidyut Vitran Company Limited (MPPKVVCL), Madhya Pradesh",https://www.mpez.co.in
,,"Madhya Pradesh Power Transmission Company Ltd. (MPPTCL), Madhya Pradesh",https://www.mptransco.in
,,"Maharashtra Energy Development Agency (MEDA), Maharashtra",https://www.mahaurja.com
,,"Mahavitran - Maharashtra State Electricity Distribution Company Limited, Maharashtra",https://wss.mahadiscom.in/wss/wss
,,"Meghalaya New and Renewable Energy Development Agency, Meghalaya",https://mnreda.gov.in
,,"Meghalaya State Designated Agency, Meghalaya",https://msda.nic.in
,,National Hydroelectric Power Corporation Limited (NHPC),https://www.nhpcindia.com
,,National Institute of Solar Energy,https://nise.res.in
,,National Institute of Wind Energy,https://niwe.res.in
,,National Portal for Renewable purchase obligation (RPO),https://rpo.gov.in
,,National Portal for Rooftop Solar,https://solarrooftop.gov.in
,,National Power Portal,https://npp.gov.in
,,"National Power Training Institute (NPTI), Faridabad",https://npti.gov.in
,,National Smart Grid Mission (NSGM),https://www.nsgm.gov.in
,,National Thermal Power Corporation (NTPC),https://www.ntpc.co.in
,,North Eastern Electric Power Corporation Limited,https://neepco.co.in
,,North Eastern Regional Load Despatch Center,https://www.nerldc.in
,,North Eastern Regional Power Committee,https://nerpc.gov.in
,,Northern Regional Load Despatch Centre,https://nrldc.in
,,Oil and Natural Gas Corporation Videsh Limited,https://ongcvidesh.com
,,"PFC Consulting Limited (PFCCL), New Delhi",https://www.pfcclindia.com
,,"Power Department, Delhi",https://power.delhi.gov.in
,,"Power Finance Corporation Limited, New Delhi",https://www.pfcindia.com
,,Power Foundation of India (PFI),https://powerfoundation.org.in
,,Power Grid Corporation of India Limited (POWERGRID),https://www.powergrid.in
,,Power Trading Corporation of India Limited (PTC),https://www.ptcindia.com
,,Pradhan Mantri Sahaj Bijli Har Ghar Yojana (Saubhagya),https://saubhagya.gov.in
,,"Punjab Energy Development Agencies (PEDA), Punjab",https://www.peda.gov.in
,,"Purvanchal Vidyut Vitaran Nigam Limited, Uttar Pradesh",https://puvvnl.up.nic.in
,,"Regional Inspectorial Organisation, Shillong",https://rioneshillong.gov.in
,,Renewable Energy Certificate Registry of India,https://www.recregistryindia.nic.in
,,Rural Electrification Corporation Limited,https://www.recindia.nic.in
,,Sardar Swaran Singh National Institute of Bio Energy (SSSNIRE),https://www.nibe.res.in
,,Satluj Jal Vidyut Nigam Limited (SJVN),https://sjvn.nic.in
,,"Southern Power Distribution Company of AP Ltd. (APSPDCL), Andhra Pradesh",https://www.apspdcl.in
,,"Southern Power Distribution Company of Telangana Ltd., Andhra Pradesh",https://www.tssouthernpower.com
,,Southern Regional Load Despatch Centre,https://srldc.in
,,Southern Regional Power Committee,https://srpc.kar.nic.in
,,"State Load Despatch Centre (SLDC), Mizoram",https://sldc.mizoram.gov.in
,,"State Load Despatch Centre, Jabalpur, Madhya Pradesh",https://www.sldcmpindia.com
,,"Tamilnadu Generation and Distribution Corporation Limited (TANGEDCO), Tamil Nadu",https://www.tangedco.org/en
,,"Tamilnadu Power Finance and Infrastructure Development Corporation Limited, Tamil Nadu",https://www.tnpowerfinance.com
,,"Telangana State Renewable Energy Development Corporation Ltd., (TSREDCO), Telangana",https://tsredco.telangana.gov.in
,,"The Brihanmumbai Electric Supply & Transport Undertaking | of the Brihanmumbai Mahanagarpalika, Maharashtra",https://www.bestundertaking.com
,,Ujwal DISCOM Assurance Yojana (UDAY),https://www.uday.gov.in
,,"Urja Pay (Electricity Bill Payment), Andaman & Nicobar Islands",https://urjapay.andaman.gov.in
,,"Uttar Pradesh Rajya Vidyut Utpadan Nigam Limited (UPRVUNL), Lucknow, Uttar Pradesh",https://www.uprvunl.org
,,"Uttarakhand Renewable Energy Development Agency Online (UREDA), Uttarakhand",https://uredaonline.uk.gov.in
,,"Vidyut Ombudsman, Andhra Pradesh",https://vidyutombudsman.ap.gov.in
,,"Vidyut Ombudsman, Telangana",https://vidyutombudsman-tserc.gov.in
,,Water and Power Consultancy Services (India) Limited (WAPCOS),https://www.wapcos.co.in
,,"West Bengal State Electricity Distribution Company Limited (WBSEDCL), West Bengal",https://www.wbsedcl.in
,,"West Bengal State Electricity Transmission Corporation Limited, West Bengal",https://www.wbsetcl.in
,,Western Regional Load Despatch Center,https://www.wrldc.in
,,Western Regional Power Committee (WRPC),https://www.wrpc.gov.in
,,"Zoram Energy Development Agency, Mizoram",https://zeda.mizoram.gov.in
,,e-Filing System of Central Electricity Regulatory Commission (CERC),https://cerc-efiling.gov.in
Environment_Natural_Resources,https://igod.gov.in/sector/_xNsIHQBsvhI6u6Q3tfu/organizations,,
,,Andhra Pradesh Pollution Control Board,https://pcb.ap.gov.in
,,Andhra Pradesh Water Resources Information & Management System,https://apwrims.ap.gov.in
,,Animal Welfare Board of India (AWBI),https://awbi.gov.in
,,Aryabhatta Research Institute of Observational Sciences (ARIES),https://www.aries.res.in
,,Assam Project on Forest and Biodiversity Conservation Society (APFBC Society),https://apfbcs.nic.in
,,Assam Water Research and Management Institute Society (AWRMIS),https://awrmis.assam.gov.in
,,"Bankura District Forest, West Bengal",https://www.bankuraforest.in
,,Bansagar Control Board (BCB),https://bcb.gov.in
,,Betwa River Board (BRB),https://brb.nic.in
,,"CPREEC-EIACP Programme Centre, Resource Partner on Ecological Heritage and Sacred Sites of India",https://cpreecenvis.nic.in
,,"Center for Environmental Planning and Technology (CEPT), Gujarat",https://cept.ac.in
,,"Central Building Research Institute (CBRI), Roorkee",https://cbri.res.in
,,Central Pollution Control Board (CPCB),https://cpcb.nic.in
,,Central Soil and Materials Research Station (CSMRS),https://csmrs.gov.in
,,Central Water Commission (CWC),https://cwc.gov.in
,,Centre for Marine Living Resources and Ecology (CMLRE),https://www.cmlre.gov.in
,,Chandigarh Pollution Control Committee,https://chocmms.nic.in
,,"Chhattisgarh Environment Conservation Board, Raipur",https://www.enviscecb.org
,,"Climate Change Department, Gujarat",https://ccd.gujarat.gov.in
,,"Commissioner of Rehabilitation and Resettlement, Andhra Pradesh",https://aprr.gov.in
,,Customized Rainfall Information System (CRIS),https://hydro.imd.gov.in
,,"Cyclone Warning Centre, Visakhapatnam, Andhra Pradesh",https://mausam.imd.gov.in/visakhapatnam
,,Delhi Commission for Protection of Child Rights (DCPCR),https://dcpcr.delhi.gov.in
,,Delhi Commission for Safai Karamcharis,https://dcsk.delhi.gov.in
,,"Department of Water Resources, Rajasthan",https://water.rajasthan.gov.in/wr
,,Digital Archive of Publication of Zoological Survey of India (ZSI),https://faunaofindia.nic.in
,,"Directorate of Civil Aviation, Gujarat",https://cad.gujarat.gov.in
,,"Directorate of Environment and Climate Change, Punjab",https://decc.punjab.gov.in
,,"Directorate of coir development, Kerala",https://coir.kerala.gov.in
,,"Drinking Water & Sanitation Department, Tripura",https://dws.tripura.gov.in
,,"EIACP (PC-RP) on Environmental Problems of Mining, Dhanbad",https://ismenvis.nic.in
,,"EIACP Centre on Himalayan Ecology, Almora",https://gbpihedenvis.nic.in
,,"EIACP Centre on Plants and Pollution, Lucknow",https://nbrienvis.nic.in
,,"EIACP HUB: Jharkhand Status of Environment and Related Issues, Jharkhand",https://jharenvis.nic.in
,,"EIACP PC Resource Partner (RP) on Avian Ecology, Mumbai",https://bnhsenvis.nic.in
,,"EIACP PC-HuB State of Environment and Related Issues, Tamil Nadu",https://tnenvis.nic.in
,,"EIACP PC-Hub: Himachal Pradesh Status of Environment and Related Issues, Himachal Pradesh",https://hpenvis.nic.in
,,"EIACP Programme Centre - Wildlife and Protected Areas Management, Dehradun, Uttarakhand",https://wiienvis.nic.in
,,"EIACP Programme Centre on Climate Change and Public Health, Hyderabad",https://iictenvis.nic.in
,,"ENVIS Centre of Odisha's State of Environment, Odisha",https://orienvis.nic.in
,,"ENVIS Centre on Biogeochemistry Jawaharlal Nehru University, New Delhi",https://jnuenvis.nic.in
,,ENVIS Centre on Control of Pollution-Central Pollution Control Board (CPCB),https://cpcbenvis.nic.in
,,"ENVIS Centre on Faunal Diversity, Kolkata",https://zsienvis.nic.in
,,"ENVIS Centre on Microorganisms and Impact of Public Health, Chennai",https://envismadrasuniv.org
,,"ENVIS Centre on Tripura State Pollution Control Board, Agartala",https://trpenvis.nic.in
,,"ENVIS Centre, Maharashtra",https://mahenvis.nic.in
,,"ENVIS Environmental Information System, Indian Centre for Plastic in the Environment (ICPE)",https://icpe.in
,,"ENVIS Hub, Manipur",https://manenvis.nic.in
,,"ENVIS Resource Partner on Biodiversity, Kolkata",https://bsienvis.nic.in
,,"Enviornment Department, Delhi",https://environment.delhi.gov.in
,,"Environment & Climate Change Department, Goa",https://envcc.goa.gov.in
,,"Environment Surveillance Centre (M.P Pollution Control Board), Madhya Pradesh",https://erc.mp.gov.in
,,"Environment, Forest and Climate Change Department, Uttar Pradesh",https://upforest.gov.in
,,"Environmental Planning & Coordination Organisation (EPCO), Madhya Pradesh",https://epco.mp.gov.in
,,Farakka Barrage Project (FBP),https://fbp.gov.in
,,"Flood Management Improvement Support Centre (FMISC), Bihar",https://fmiscwrdbihar.gov.in
,,"Forest, Ecology & Environment Department",https://ladakh.nic.in/forest-ecology-environment-department
,,"Ganga Flood Control Commission (GFCC), Patna",https://gfcc.gov.in
,,Godavari River Management Board,https://grmb.gov.in
,,Green Skill Development Programme (GSDP),https://gsdp-envis.gov.in
,,"Ground Water Department, Uttar Pradesh",https://upgwd.gov.in
,,"Gujarat Ecological Education and Research (GEER) Foundation, Gujarat",https://geerfoundation.gujarat.gov.in
,,"Gujarat Environment Management Institute (GEMI), Gujarat",https://gemi.gujarat.gov.in
,,"Hydrology Project, Water Resources Department, Gujarat",https://swhydrology.gujarat.gov.in
,,"ICFRE - Rain Forest Research Institute, Jorhat, Assam",https://rfri.icfre.gov.in
,,ICFRE-Institute of Wood Science and Technology,https://ipirti.gov.in
,,India Water Week,https://indiawaterweek.in
,,"Indian Institute of Forest Management (IIFM), Bhopal",https://iifm.ac.in
,,Indian Institute of Tropical Meteorology (IITM),https://www.tropmet.res.in
,,Indian National Tsunami Early Warning System,https://tsunami.incois.gov.in
,,Jal Jeevan Mission,https://ejalshakti.gov.in
,,Jal Jeevan Mission,https://jaljeevanmission.gov.in
,,"Jalanidhi - Kerala Rural water Supply and Sanitation Agency, Kerala",https://jalanidhi.kerala.gov.in
,,"Jammu and Kashmir Forest Protection Force, Jammu and Kashmir",https://jkfpf.nic.in
,,"Karnataka State Highways Improvement Project (KSHIP), Karnataka",https://www.kship.in
,,"Kolkata Environmental Improvement Investment Program (KEIIP), West Bengal",https://www.keiip.in
,,"Kundal Academy of Development, Administration and Management (Forests), Maharashtra",https://www.kundalforestacademy.gov.in
,,"MAUSAM - Quarterly Journal of Meteorology, Hydrology and Geophysics",https://metnet.imd.gov.in/imdmausam
,,"METNET : An e-Governance Intra-IMD Portal, New Delhi",https://metnet.imd.gov.in
,,Maharashtra Water Resources Regulatory Authority (MWRRA),https://mwrra.maharashtra.gov.in
,,"Meteorological Center, Bengaluru",https://mausam.imd.gov.in/bengaluru
,,"Meteorological Center, Raipur",https://mausam.imd.gov.in/raipur
,,"Meteorological Centre, Thiruvananthapuram",https://mausam.imd.gov.in/thiruvananthapuram
,,"Meteorological Centre, Bhubaneswar",https://mausam.imd.gov.in/bhubaneswar
,,"Meteorological Centre, Ahmedabad",https://mausam.imd.gov.in/ahmedabad
,,"Meteorological Centre, Hyderabad",https://imdhyderabad.gov.in
,,"Meteorological Centre, Shimla",https://mausam.imd.gov.in/shimla
,,"Mumbai City Collectorate, Property Card Information System, Maharashtra",https://prcmumbai.nic.in
,,"Nagaland Pollution Control Board, Nagaland",https://npcb.nagaland.gov.in
,,Narmada Control Authority,https://nca.gov.in
,,"National Centre for Sustainable Coastal Management (NCSCM), Chennai",https://www.ncscm.res.in
,,National Hydrology Project (NHP),https://nhp.mowr.gov.in
,,National Mineral Development Corporation Limited (NMDC),https://www.nmdc.co.in
,,"National Mission for Clean Ganga (NMCG), New Delhi",https://nmcg.nic.in
,,National River Conservation Directorate (NRCD),https://nrcd.nic.in
,,"National Tiger Conservation Authority (NTCA), New Delhi",https://ntca.gov.in
,,"National Water Academy, Pune",https://nwa.mah.nic.in
,,National Water Development Agency (NWDA),https://nwda.gov.in
,,National Water Mission,https://nwm.gov.in
,,"Odisha Community Tank Development & Management Society, Odisha",https://octdms.in
,,Online Submission and Monitoring of Environmental Clearances,https://environmentclearance.nic.in
,,"Orang National Park & Tiger Reserve, Assam",https://orangnptr.in
,,"Ozone Cell-Ministry of Environment and Forests, New Delhi",https://ozonecell.nic.in
,,"PARIVESH an environmental single window hub for Environment, Forest, Wildlife and CRZ clearances",https://parivesh.nic.in
,,"Rashtriya Krishi Vikas Yojana - (RKVY), Telangana",https://horticulturedept.telangana.gov.in
,,"Regional Meteorological Centre, Guwahati",https://mausam.imd.gov.in/guwahati
,,"Regional Meteorological Centre, Mumbai",https://mausam.imd.gov.in/mumbai
,,"Regional Meteorological Centre, Kolkata",https://mausam.imd.gov.in/kolkata
,,"Regional Meteorological Centre, Nagpur",https://www.imdnagpur.gov.in
,,"Regional Meteorological Centre, New Delhi",https://amssdelhi.gov.in
,,"Research in Environment (RE) Division, Ministry of Environment, Forest and Climate Change",https://repmismoef.nic.in
,,"SPA-EIACP PC RP on Human Settlements and their Impact on Environment, Delhi",https://spaenvis.nic.in
,,"Sanjay Gandhi National Park, Maharashtra",https://sgnp.maharashtra.gov.in
,,Society of Integrated Coastal Management (SICOM),https://sicom.nic.in
,,"Soil Survey & Soil Conservation Department, Kerala",https://www.keralasoils.gov.in
,,"State Program Management Group Namami Gange, Uttarakhand",https://spmguttarakhand.uk.gov.in
,,"Swajal Project, Uttarakhand",https://swajal.uk.gov.in
,,"Swarna Jayanti Environment Training Institute, Haryana",https://sjeti.haryana.gov.in
,,"Telangana State Pollution Control Board (TSPCB), Telangana",https://tspcb.cgg.gov.in
,,"The Gulf of Khambhat Development Project, Gujarat",https://kalpasar.gujarat.gov.in
,,Tungabhadra Board,https://tbboard.gov.in
,,Upper Yamuna River Board,https://uyrb.gov.in
,,"Uttarakhand Environment Protection and Pollution Control Board (UEPPCB), Dehradun",https://ueppcb.uk.gov.in
,,Waste to Wealth,https://www.wastetowealth.gov.in
,,"Watershed Development Department, Karnataka",https://watershed.karnataka.gov.in
,,"West Bengal Accelerated Development of Minor Irrigation Project (WBADMIP), West Bengal",https://www.wbadmip.org
,,"Wildlife Conservation (including species and habitats) using Geospatial Techniques, WWF-India, New Delhi",https://wwfenvis.nic.in
,,Wildlife Institute of India (WII),https://wii.gov.in
,,Zoological Survey of India (ZSI),https://zsi.gov.in
Finance_Banking_Insurance,https://igod.gov.in/sector/CBNsIHQBsvhI6u6Q3tju/organizations,,
,,"ARTHWAHINI - Management System for TreasuryNet, Maharashtra",https://arthwahini.mahakosh.gov.in
,,Ahmedabad Customs,https://ahmedabadcustoms.gov.in
,,"Aid Accounts and Audit Division, New Delhi",https://caaa.gov.in
,,"Air Cargo Complex, Mumbai Customs",https://accmumbai.gov.in
,,"Airport Special Cargo, Mumbai Customs Zone - III",https://airportspecialcargo.gov.in
,,Andhra Pradesh Temples Portal,https://www.aptemples.ap.gov.in
,,Anubhav Portal,https://pensionersportal.gov.in/anubhav
,,Appellate Tribunal for Forfeited Property (ATFP),https://atfp.gov.in
,,Arun Jaitley National Institute of Financial Management,https://www.ajnifm.ac.in
,,Atherstone Investor Communications Limited,https://www.aicl.in
,,"Authorised Economic Operator Programme, Indian Customs (AEO)",https://aeoindia.gov.in
,,Bank of Maharashtra,https://bankofmaharashtra.in
,,Bengaluru Customs Zone,https://bangalorecustoms.gov.in
,,"Bhavishya, Pension Sanction and Payment Tracking System",https://bhavishya.nic.in
,,"Budget Estimation, Allocation and Monitoring System (BEAMS), Maharashtra",https://beams.mahakosh.gov.in
,,"Budget, Uttar Pradesh",https://budget.up.nic.in
,,"CGST & Central Excise, Ujjain Commissionerate",https://cgstujjain.gov.in/en
,,CRCS-Sahara Refund Portal,https://mocrefund.crcs.gov.in
,,Central Board of Direct Taxes (CBDT),https://incometaxindia.gov.in/pages/about-us/central-board-of-direct-taxation.aspx
,,"Central Board of Excise and Customs (CBEC), Bhavnagar",https://cenexbhavnagar.nic.in
,,Central Board of indirect Taxes and Customs,https://www.cbic.gov.in
,,Central Economic Intelligence Bureau (CEIB),https://ceib.gov.in
,,"Central Excise, Chennai",https://www.centralexcisechennai.gov.in
,,"Central Excise, Trichy",https://trichy.gstchennai.gov.in
,,"Central Excise, Shillong",https://cexstshillong.gov.in
,,"Central Excise, Puducherry",https://pondycentralexcise.gov.in
,,"Central Excise Zone, Jaipur",https://centralexcisejaipur.nic.in
,,"Central Excise and Customs, Commissionerate, Raipur",https://cexraipur.gov.in
,,"Central Excise and Service Tax Commissionerate, Ludhiana",https://gstludhiana.gov.in
,,"Central Excise, Customs and Service Tax Commissionerate, Visakhapatnam  I",https://cenexgstvizag1.gov.in
,,"Central Excise, Service Tax and Customs, Cochin",https://cenexcisekochi.gov.in
,,"Central Excise,Customs and Service Tax, Bhubaneswar",https://centralexciseorissa.gov.in
,,"Central GST & Central Excise Commissionerate, Vadodara-I, Gujarat",https://cgstvdr1.gov.in
,,"Central GST & Customs, Pune Zone, Maharashtra",https://punecgstcus.gov.in
,,"Central GST Commissionerate, Coimbatore, Tamil Nadu",https://coimbatoregst.gov.in
,,"Central GST and Central Excise Commissionerate, Daman",https://www.damancgst.gov.in
,,"Central GST and Central Excise Commissionerate, Patna",https://cexpatna.bih.nic.in
,,"Central Goods & Services Tax, Jaipur Zone, Rajasthan",https://cgstjaipur.gov.in
,,"Central Goods and Service Tax, Raipur",https://gstraipuraudit.gov.in
,,Central Goods and Services Tax Audit Lucknow,https://cgstauditlko.gov.in
,,"Central Goods and Services Tax Zone (CGST), Kolkata",https://cgstkolkata.gov.in
,,Central Public Procurement Portal,https://eprocure.gov.in/mmp
,,Central Registrar of Cooperative Societies,https://crcs.gov.in
,,"Central Revenues Control Laboratory, CBEC",https://crcl.gov.in
,,Chennai Customs Zone,https://chennaicustoms.gov.in
,,Chief Adviser Cost,https://cac.gov.in
,,"Chief Commissioner - CGST & C.Ex, Vadodara Zone, Gujarat",https://cgstvadodarazone.gov.in
,,"Chief Commissioner of Central GST and Customs, Visakhapatnam Zone",https://cgstap.gov.in
,,"Chief Commissioner of Customs (Preventive), Tiruchirappalli",https://trichycustomszone.gov.in
,,Chief Controller of Factories,https://goaf.gov.in
,,"Chief Minister Samagra Gramya Unnayan Yojana,  Assam",https://mmscmsguy.assam.gov.in
,,"Chit Fund Department, Delhi",https://chitfund.delhi.gov.in
,,"Co-operative Audit Department, Tamil Nadu",https://www.tn.gov.in/coopaudit
,,"Commercial Tax Department, Uttar Pradesh",https://comtax.up.nic.in
,,"Commercial Tax and Excise Department Department, Chhattisgarh",https://comtax.cg.nic.in
,,"Commercial Taxes Department, Andhra Pradesh",https://apct.gov.in
,,"Commercial Taxes Department, Goa",https://vat.goa.gov.in
,,"Commissioner (Audit), Central Excise and Service Tax, Jaipur",https://cexauditjaipur.gov.in
,,"Commissioner Customs (Preventive), Lucknow",https://www.commissionercustomslucknow.gov.in
,,"Commissioner of Customs (Prevention), Patna, Bihar",https://customspatna.gov.in
,,"Commissioner of Customs (Preventive), Mumbai",https://ccpmumbai.gov.in
,,"Commissioner(Appeals), Goods and Service Tax (GST) Commissionerate, Chandigarh",https://www.cexchd1.gov.in
,,"Commissionerate of CT and GST, Odisha",https://odishatax.gov.in
,,"Commissionerate of Central Excise and Customs, Vadodara - II",https://www.gstvdr2.gov.in
,,"Commissionerate of Revenue Administration and Disaster Management, Tamil Nadu",https://www.cra.tn.gov.in
,,"Commissionerate of Taxes and Excise, Tripura",https://taxes.tripura.gov.in
,,"Competent Authority (CA), Chennai",https://camumbai.gov.in
,,Controller General of Accounts (CGA),https://cga.gov.in
,,Custom House (Cochin),https://www.cochincustoms.gov.in
,,"Customs Commissionarate (Preventive), Rajasthan",https://rajasthancustoms.gov.in
,,"Customs Commissionerate Preventive, Amritsar",https://amritsarcustoms.gov.in
,,Customs Excise and Service Tax Appellate Tribunal (CESTAT),https://cestat.gov.in
,,"Customs House, Visakhapatnam",https://vizagcustoms.gov.in
,,"Customs Preventive Commissionerate, Central Board of Excise and Customs, Vijayawada",https://apcustoms.gov.in
,,"Customs and Central Excise, Bhopal",https://ccobz.gov.in/posting.html
,,"Customs and Central Excise Commissionerate, Jammu and Kashmir",https://ccejk.nic.in
,,"Customs, Central Excise and Service Tax Commissionerate, Indore",https://gstindore.gov.in
,,"Customs, Central Excise and Service Tax Commissionorate, Tirupati",https://tirupaticentralexcise.gov.in
,,"Customs, Central Excise and Service Tax Zone, Lucknow",https://ccolkozone.gov.in
,,"Customs, Excise and Service Tax Appellate Tribunal (CESTAT), Hyderabad",https://arcestathyd.nic.in
,,"Debt Recovery Appellate Tribunal (DRAT), Chennai",https://www.drat.tn.nic.in
,,Debt Recovery Tribunal (Madurai),https://www.drtmadurai.tn.nic.in
,,"Debts Recovery Tribunal, Coimbatore",https://drtcbe.tn.nic.in
,,"Debts Recovery Tribunal No 1, Chennai",https://www.drt1chennai.tn.nic.in
,,"Debts Recovery Tribunal No 2, Chennai",https://www.drt2chennai.tn.nic.in
,,"Debts Recovery Tribunal No 3, Chennai",https://www.drt3chennai.tn.nic.in
,,Delhi Customs,https://delhicustoms.gov.in
,,Delhi Financial Corporation,https://dfc.delhi.gov.in
,,"Department of Commercial Taxes, Jharkhand",https://ctax.jharkhand.gov.in
,,Department of Public Enterprises,https://dpe.gov.in
,,"Department of Taxes, Nagaland",https://nagalandtax.nic.in
,,"Department of Treasuries & Accounts (DTA), Rajasthan",https://dta.rajasthan.gov.in
,,"Department of Treasuries, Karnataka",https://khajane.karnataka.gov.in
,,"Deposit Insurance and Credit Guarantee Corporation, Mumbai",https://www.dicgc.org.in
,,"Dhanbad Commissionerate, Central Excise and Service Tax",https://cgstranchi.gov.in/dhnbad_area.php
,,"Direct Benefit Transfer (DBT), Bihar",https://dbt.bih.nic.in
,,"Directorate General Of Accounts and Treasuries, Jammu and Kashmir",https://jkdat.nic.in
,,"Directorate General of Anti-profiteering, Central Board of Indirect Taxes and Customs",https://www.dgantiprofiteering.gov.in
,,"Directorate General of Goods and Services Tax Intelligence (DGGI, CBIC)",https://dggi.gov.in
,,Directorate General of Human Resource Development,https://dghrdcbic.gov.in
,,"Directorate of Accounts & Treasuries, Assam",https://doatfinance.assam.gov.in
,,"Directorate of Accounts and Treasuries, Gujarat",https://dat.gujarat.gov.in
,,"Directorate of Accounts and Treasuries, Maharashtra",https://mahakosh.maharashtra.gov.in
,,"Directorate of Accounts and Treasuries, Puducherry",https://dat.py.gov.in
,,"Directorate of Audit, Uttarakhand",https://uttarakhandaudit.uk.gov.in
,,"Directorate of Commercial Taxes, West Bengal",https://wbcomtax.gov.in
,,"Directorate of Data Management (DDM, CBIC)",https://www.cbicddm.gov.in
,,"Directorate of Economics & Statistics, Odisha",https://desorissa.nic.in
,,"Directorate of Economics & Statistics, Raipur, Chhattisgarh",https://descg.gov.in
,,"Directorate of Economics and Statistics, Gujarat",https://gujecostat.gujarat.gov.in
,,"Directorate of Economics and Statistics, Telangana",https://ecostat.telangana.gov.in
,,Directorate of Enforcement,https://www.enforcementdirectorate.gov.in
,,"Directorate of Institutional Finance, Madhya Pradesh",https://www.dif.mp.gov.in
,,Directorate of Legal Affairs,https://dlacbic.gov.in
,,Directorate of Pension Tamil Nadu,https://www.tn.gov.in/dop
,,"Directorate of Pension and Provident Fund, Gujarat",https://dppf.gujarat.gov.in
,,"Directorate of Small Savings, Assam",https://smallsavings.assam.gov.in
,,"Directorate of Treasuries, Pension & Entitlements, Uttarakhand",https://ekosh.uk.gov.in
,,"Directorate of Treasuries, Uttar Pradesh",https://treasuries.up.nic.in
,,Employees Provident Fund Organisation (EPFO),https://www.epfindia.gov.in
,,Employees State Insurance Corporation (ESIC),https://www.esic.nic.in
,,"Employees State Insurance Corporation (ESIC), Odisha",https://esis.odisha.gov.in
,,"Excise Department, Goa",https://goaexcise.gov.in
,,"Excise Department, Uttar Pradesh",https://excise.up.gov.in
,,"Excise, Entertainment & Luxury Tax Department, Delhi",https://excise.delhi.gov.in
,,FINGate 2.0,https://www.fingate.gov.in
,,"Finance Department, Andhra Pradesh",https://apfinance.gov.in/FirstPage.do
,,"Finance Department, Delhi",https://finance.delhi.gov.in
,,"Finance Department, Jharkhand",https://finance.jharkhand.gov.in
,,"Finance Department, Ladakh",https://ladakh.nic.in/finance-department-2
,,"Finance-Planning & Investment Department, Arunachal Pradesh",https://www.arunachalplan.gov.in
,,"Financial Commissioner Revenue, Jammu and Kashmir",https://jkfcr.nic.in
,,Financial Intelligence Unit (FIU-IND),https://fiuindia.gov.in
,,"G20 India Secretariat, New Delhi",https://dea.gov.in/g20india/g20-india
,,GST portal of Central Board of Indirect Taxes and Customs (CBIC),https://cbic-gst.gov.in
,,General Insurance Corporation of India (GIC),https://www.gicre.in
,,"Goa Budget, Department of Finance, Goa",https://goabudget.gov.in
,,"Goods and Service Tax and Central Excise (GST), Kanpur",https://cgstkanpur.gov.in
,,"Goods and Service Tax and Central Excise Commissionerate (GST), Mumbai Zone",https://gstmumbai.gov.in
,,"Goods and Services Tax (GST), Hyderabad Zone",https://cgsthyderabadzone.gov.in
,,"Goods and Services Tax (GST), Commercial Taxes Department, Karnataka",https://gst.kar.nic.in
,,"Goods and Services Tax Commissionerate (GST), Delhi South",https://gstdelhizone.gov.in/south/index-south.php
,,Goods and Services Tax Council (GST),https://gstcouncil.gov.in
,,"Goods and Services Tax Department, Maharashtra",https://mahagst.gov.in
,,"Goods and Services Tax and Central Excise (GST), Delhi Zone",https://gstdelhizone.gov.in
,,"Goods and Services Tax, Central Board of Excise and Customs (GST, CBEC)",https://cbec-gst.gov.in
,,"Government Budget Text 2023-2024, Tamil Nadu",https://www.tnbudget.tn.gov.in
,,Government of India e-Payment Gateway (GePG),https://gepg.nic.in
,,"Gujarat International Finance Tec-City Company Limited (GIFT), Gujarat",https://giftgujarat.in
,,"Gujarat Revenue Tribunal, Gujarat",https://revenuetribunal.gujarat.gov.in
,,"Gujarat State Financial Corporation, Gujarat",https://gsfc.gujarat.gov.in
,,"Gulati Institute of Finance and Taxation, Kerala",https://www.gift.res.in
,,"Himachal Pradesh State Audit Department, Himachal Pradesh",https://lad.hp.gov.in
,,"Horticulture and Plantation Crops Department, Tamil Nadu",https://www.tnhorticulture.tn.gov.in
,,ICEGATE-Indian Customs National Trade Portal,https://www.icegate.gov.in
,,Income Tax Department,https://www.incometaxindia.gov.in
,,"Income Tax Department, Andhra Pradesh and Telangana State",https://www.incometaxhyderabad.gov.in
,,"Income Tax Department, Gujarat Region",https://incometaxgujarat.gov.in
,,"Income Tax Department, Rajasthan",https://incometaxrajasthan.gov.in
,,"Income Tax Department, Tamil Nadu and Pudhucherry",https://tnincometax.gov.in
,,Income Tax e - Filing,https://www.incometax.gov.in/iec/foportal
,,Indian Customs Electronic Data Interchange System,https://ices.nic.in
,,Indian Economic Service (IES),https://www.ies.gov.in
,,Industrial Finance Corporation of India (IFCI),https://www.ifciltd.com
,,Institute of Chartered Accountants of India (ICAI),https://www.icai.org
,,Institute of Cost Accountants of India,https://icmai.in
,,"Institute of Insurance and Risk Management (IIRM), Andhra Pradesh",https://www.theiirm.ac.in
,,"Institutional Finance and State Lottery, Mizoram",https://ifsl.mizoram.gov.in
,,Insurance Regulatory and Development Authority (IRDA),https://www.irdai.gov.in
,,"Integrated Financial Management System (IFMS) - Mahakosh, Maharashtra",https://www.mahakosh.gov.in
,,"Integrated Financial Management System - iFMS, West Bengal",https://www.wbifms.gov.in
,,"Integrated Financial Management System, Odisha",https://www.odishatreasury.gov.in
,,"Integrated Financial Management System, Rajasthan",https://ifms.raj.nic.in
,,"International Centre for Environment Audit and Sustainable Development (iCED), Jaipur",https://iced.cag.gov.in
,,International Centre for Information Systems and Audit (iCISA),https://cag.gov.in/icisa/en
,,Jammu and Kashmir Development Finance Corporation (JKDFC),https://www.jkdfc.org
,,Jamnagar Customs,https://www.jamnagarcustoms.gov.in
,,JanSamarth-National Portal for Government Sponsored Schemes,https://www.jansamarth.in/home
,,Jawaharlal Nehru Custom House,https://www.jawaharcustoms.gov.in
,,"KOSHWAHINI - Information System Project, Maharashtra",https://koshwahini.mahakosh.gov.in
,,Kandla Customs,https://kandlacustoms.gov.in
,,"Karnataka State Safai Karmachari Development Corporation, Karnataka",https://ksskdc.kar.nic.in
,,"Kerala Lottery, Kerala",https://statelottery.kerala.gov.in
,,Kolkata Customs,https://www.kolkatacustoms.gov.in
,,"Koshvani web - A Gateway to Finance Activities, Uttar Pradesh",https://koshvani.up.nic.in
,,"Kuber Integrated Financial Management System, Jharkhand",https://jkuber.jharkhand.gov.in
,,LIC Housing Finance Limited,https://www.lichousing.com
,,Life Insurance Corporation of India (LIC),https://www.licindia.in
,,"Maharashtra State Road Transport Corporation, Maharashtra",https://msrtc.maharashtra.gov.in
,,Mera Bill Mera Adhikaar,https://web.merabill.gst.gov.in
,,Mumbai Customs Zone-1,https://www.mumbaicustomszone1.gov.in
,,NSDL Database Management Limited (NDML),https://www.ndml.in
,,"Narcotics and Excise Account, Gujarat",https://www.prohibition-excise.gujarat.gov.in
,,"National Academy of Audit and Accounts, Shimla, HP, India",https://naaa.nic.in
,,"National Academy of Customs, Indirect Taxes and Narcotics (NACIN), Faridabad",https://nacin.gov.in
,,National Anti-profiteering Authority (NAA),https://www.naa.gov.in
,,National Handicapped Finance and Development Corporation (NHFDC),https://nhfdc.nic.in
,,National Housing Bank (NHB),https://nhb.org.in
,,National Insurance Company Limited (NICL),https://nationalinsuranceindia.nic.co.in
,,National Pension System and Trust,https://www.npstrust.org.in
,,National Savings Institute (NSI),https://www.nsiindia.gov.in
,,National Skill Development Fund/Trust,https://www.skilldevelopment.gov.in
,,New India Assurance Co. Ltd,https://www.newindia.co.in
,,"Next Gen Integrated Financial Management System - IFMS, Punjab",https://ifms.punjab.gov.in
,,"Non-Tax Receipt Portal (NTRP), Controller General of Accounts",https://bharatkosh.gov.in
,,"North Eastern Development Finance Corporation (NEDFI), Guwahati",https://www.nedfi.com
,,Northern India Regional Council of ICAI,https://nirc.icai.org
,,Notary Portal,https://notary.gov.in
,,"OLTAS - Challan Status Inquiry, Income Tax Department",https://tin.tin.nsdl.com/oltas
,,"Odisha Central Audit Management Portal (OCAMP), Odisha",https://ocamp.gov.in
,,"Odisha State Beverages Corporation Limited (OSBCL), Odisha",https://osbc.co.in
,,"Office of The Commissioner (Appeals), CGST, Jaipur",https://cgstappealsjaipur.gov.in
,,"Office of the Chief Commissioner, Customs, Central Excise and Service Tax, Bhopal",https://ccobz.gov.in
,,Office of the Commissioner (Appeals) - Prayagraj,https://cgstappealsallahabad.gov.in
,,"Office of the Principal Chief Commissioner of GST & Central Excise Tamil Nadu & Puducherry Zone, Puducherry",https://gstchennai.gov.in
,,"Office of the Principal Commissioner of Customs, Mundra Port, Kachchh",https://mundracustoms.gov.in
,,"Online Government Receipt Account System, Bihar",https://e-gpf.bihar.gov.in
,,"Online Pension Payment System, Manipur",https://pensionmanipur.nic.in
,,Online Refund Status for Taxpayers,https://www.onlineservices.nsdl.com
,,Oriental Insurance Company Limited (OICL),https://orientalinsurance.org.in
,,"Pay Accounts Office (GREF-Dighi Camp), Pune",https://paogref.nic.in
,,Pension Fund Regulatory and Development Authority (PFRDA),https://www.pfrda.org.in
,,"Principal Chief Commissioner of Central Tax, Bengaluru Zone Karnataka",https://gstkarnataka.gov.in
,,"Principal Chief Controller of Accounts, Central Board of Excise and Customs (CCA - CBEC)",https://www.arpit.gov.in
,,"Principal Commissioner Custom Central Excise and Central GST, Ujjain",https://cgstujjain.gov.in
,,"Profession Tax, West Bengal",https://wbprofessiontax.gov.in
,,"Professions Tax - Commissionerate of Taxes & Excise, Tripura",https://ptax.tripura.gov.in
,,"Public Private Partnerships (PPP), Telangana, Andhra Pradesh",https://ppptg.cgg.gov.in
,,Public Private Partnerships in India (PPP),https://www.pppinindia.gov.in
,,Pune Customs,https://www.punecustoms.nic.in
,,Rajasthan Civil Registration System,https://pehchan.raj.nic.in
,,"Ranchi(II) Bokaro Commissionerate, Central Excise And Service Tax",https://www.cgstranchi.gov.in
,,"Registrar of Firms & Societies, Assam",https://rfsfinance.assam.gov.in
,,"Registrar, Firms and Societies, Madhya Pradesh",https://registrarfirms.mp.gov.in
,,Reserve Bank of India (RBI),https://www.rbi.org.in
,,"SANCHAYA - Revenue and Licence System, Kerala",https://tax.lsgkerala.gov.in
,,"STHAPANA - KPEPF Kerala Panchayat Employees Provident Fund, Kerala",https://kpepf.lsgkerala.gov.in
,,Seamens Provident Fund Organisation,https://spfo.gov.in
,,"Sebi COmplaints and REdress System (SCORES), Securities and Exchange Board of India (SEBI)",https://scores.gov.in
,,"Securities Appellate Tribunal, Mumbai",https://sat.gov.in
,,Securities and Exchange Board of India (SEBI),https://www.sebi.gov.in
,,Security Printing & Minting Corporation of India Limited,https://spmnarmadapuram.spmcil.com
,,Security Printing & Minting Corporation of India Ltd.,https://www.indiagovtmint.in
,,Security Printing and Minting Corporation of India Limited (SPMCIL),https://www.spmcil.com
,,"Service Record Monitoring System, West Bengal",https://wbaasprofile.gov.in
,,"Settlement Commission, Customs, Central Excise and Service Tax",https://settlementcommission-cest.gov.in
,,"Sevaarth Mahakosh, Maharashtra",https://sevaarth.mahakosh.gov.in
,,"SevanaPension Direct To Home Module, Kerala",https://dbt.lsgkerala.gov.in
,,Sixteenth Finance Commission of India,https://fincomindia.nic.in
,,"Special Secretary (Disputes), Gujarat",https://revenueappeals.gujarat.gov.in
,,State Level Bankers' Committee - North Eastern States,https://slbcne.nic.in
,,"State Public Procurement Portal, Rajasthan",https://sppp.rajasthan.gov.in
,,Swachh Bharat Kosh (SBK),https://sbkosh.gov.in
,,"Tax Information Exchange System, Delhi",https://tinxsys.com
,,Tax Information Network (TIN),https://www.protean-tinpan.com
,,"Taxation Department, Meghalaya",https://meggst.gov.in
,,"Taxes Department, Manipur",https://manipurvat.gov.in
,,"The Andhra Pradesh State Co-operative Bank Ltd., Andhra Pradesh",https://apcob.org
,,"Tirupati CGST Commissionerate, Andhra Pradesh",https://cgsttirupati.gov.in
,,"Trade and Taxes Department, Delhi",https://delhitradetax.delhi.gov.in
,,"Treasuries and Accounts Department, Tamil Nadu",https://www.tn.gov.in/karuvoolam/whatsnew.html
,,"Treasury and Accounts Administration Department, Arunachal Pradesh",https://arunaccounts.nic.in
,,UDGAM-Unclaimed Deposits Gateway to Access Information,https://udgam.rbi.org.in
,,"UP Excise E-Lottery Portal, Uttar Pradesh",https://upexciseelottery.upsdc.gov.in
,,"UP e-Pension Portal, Uttar Pradesh",https://epension.up.nic.in
,,UTI Infrastructure Technology And Services Limited (UTIITSL),https://www.utiitsl.com
,,United India Insurance Company Limited,https://uiic.co.in
,,Web Portal for Indian Revenue Service (IRS) Officers,https://www.irsofficersonline.gov.in
,,"West Bengal Health Scheme Portal, West Bengal",https://wbhealthscheme.gov.in
,,"ap-eProcurement, eGP Portal - Tenders, Andhra Pradesh",https://tender.apeprocurement.gov.in
,,"e - PRERANA, Professional Tax e-Filing System, Karnataka",https://pt.kar.nic.in
,,"e-Abkari, Department of Tax, Excise and Narcotics, Arunachal Pradesh",https://eabkari.arunachal.gov.in
,,"e-GRAS Online Government Receipts Accounting System, Jharkhand",https://finance.jharkhand.gov.in/jegras
,,"e-Gazette, Bihar",https://egazette.bih.nic.in
,,e-Invoice System,https://einvoice1.gst.gov.in
,,"e-Procurement Portal, Chandigarh",https://etenders.chd.nic.in
,,"e-Procurement System, Kerala",https://etenders.kerala.gov.in
,,"e-Search Portal - Department of Registration & Stamps, Maharashtra",https://freesearchigrservice.maharashtra.gov.in
,,e-Way Bill System-One Nation One e-Way Bill for movement of Goods throughout the Country,https://ewaybillgst.gov.in
,,"eProcurement Portal, Arunachal Pradesh",https://arunachaltenders.gov.in
,,"eProcurement Portal, Assam",https://assamtenders.gov.in
,,"eProcurement System, Haryana",https://etenders.hry.nic.in
,,"eProcurement System, Himachal Pradesh",https://hptenders.gov.in
,,"eProcurement System, Jammu and Kashmir",https://jktenders.gov.in
,,"eProcurement System, Jharkhand",https://jharkhandtenders.gov.in
,,"eProcurement System, Maharashtra",https://mahatenders.gov.in
,,"eProcurement System, Manipur",https://manipurtenders.gov.in
,,"eProcurement System, Meghalaya",https://meghalayatenders.gov.in
,,"eProcurement System, Mizoram",https://mizoramtenders.gov.in
,,"eProcurement System, Nagaland",https://nagalandtenders.gov.in
,,"eProcurement System, Odisha",https://www.tendersodisha.gov.in
,,"eProcurement System, Puducherry",https://pudutenders.gov.in
,,"eProcurement System, Sikkim",https://sikkimtender.gov.in
,,"eProcurement System, Tamil Nadu",https://tntenders.gov.in
,,"eProcurement System, Tripura",https://tripuratenders.gov.in
,,"eProcurement System, Uttar Pradesh",https://etender.up.nic.in
,,"eProcurement System, Uttarakhand",https://uktenders.gov.in
,,"eProcurement System, West Bengal",https://wbtenders.gov.in
,,"iORA - Integrated Online Revenue Applications, Revenue Department, Gujarat",https://iora.gujarat.gov.in
Food_Public_Distribution,https://igod.gov.in/sector/ChNsIHQBsvhI6u6Q3tju/organizations,,
,,"Aadhaar enabled Public Distribution System (AePDS), Haryana",https://epos.haryanafood.gov.in
,,"Aadhaar enabled Public Distribution System (AePDS), Maharashtra",https://mahaepos.gov.in
,,"Aadhaar enabled Public Distribution System - AePDS, Andhra Pradesh",https://aepos.ap.gov.in
,,"Aadhaar enabled Public Distribution System - AePDS, Kerala",https://epos.kerala.gov.in
,,"Aadhaar enabled Public Distribution System - AePDS, Tripura",https://epostr.gov.in
,,Bureau of Indian Standards (BIS),https://bis.gov.in
,,Central Grain Analysis Laboratory (CGAL),https://dfpd.nic.in/?q=node/979
,,Central Warehousing Corporation (CWC),https://cewacor.nic.in
,,"Civil Supplies and Consumer Protection Department, Tamil Nadu",https://consumer.tn.gov.in
,,Coffee Board,https://coffeeboard.gov.in
,,"Controller of Rationing & Director of Civil Supplies, Mumbai, Maharashtra",https://controllerofrationing-mumbai.gov.in
,,Delhi State Civil Supplies Corporation Limited (DSCSC),https://dscsc.delhi.gov.in
,,"Department of Food  Civil Supplies & Consumer Affairs , Jammu and Kashmir",https://capdkashmir.nic.in
,,"Department of Food, Civil Supplies & Consumer Affairs, Jammu & Kashmir",https://jkfcsca.gov.in
,,"Department of Legal Metrology (Weights & Measures), Uttar Pradesh",https://legalmetrology-up.gov.in
,,"Directorate of Food and Civil Supplies, Gujarat",https://www.dcs-dof.gujarat.gov.in
,,Directorate of Sugar,https://dfpd.nic.in/?q=node/89
,,Directorate of Sugar and Edible Oils,https://dfpd.nic.in/?q=node/131
,,E-Daakhil Portal,https://edaakhil.nic.in
,,Edaakhil-Consumer Commission Online Application Portal for Online Consumer Complaint Filing,https://edaakhil.nic.in/edaakhil
,,"Food & Supplies and Consumer Affairs & Legal Metrology Department, Chandigarh",https://chdfood.gov.in
,,"Food Civil Supplies & Consumer Affairs Department, Ladakh",https://ladakh.nic.in/food-civil-supplies-consumer-affairs
,,Food Corporation of India,https://fci.gov.in
,,Food Safety and Compliance System,https://foscos.fssai.gov.in/consumergrievance
,,"Food Supplies and Consumer Affairs Department, Delhi",https://fsd.delhi.gov.in
,,"Food and Essential Commodities Assurance & Security Target (FEAST), Tripura",https://feasttr.gov.in
,,"Food, Civil Supplies and Consumer Affairs Department, Assam",https://fcsca.assam.gov.in
,,"Food, Civil Supplies and Consumer Affairs Department, Sikkim",https://sikkimfcs.sikkim.gov.in
,,Grievances for Violation of Public Procurement (PPP-MII),https://pmiig.dpiit.gov.in
,,Hindustan Vegetable Oils Corporation Ltd. (HVOC),https://dfpd.nic.in/?q=node/974
,,Indian Grain Storage Management and Research Institute (IGMRI),https://dfpd.nic.in/?q=node/980
,,Indian Institute of Legal Metrology,https://iilm.gov.in
,,"Industry Portal for Drugs Manufacturing Licence (Allopathic)-IDMLA, Gujarat",https://idmla.gujarat.gov.in
,,Integrated Management of Public Distribution System,https://annavitran.nic.in
,,"Legal Metrology Department, Andhra Pradesh",https://aplm.gov.in
,,"Legal Metrology Organization, Maharashtra",https://legalmetrology.maharashtra.gov.in
,,"MP State Civil Supplies Corporation Ltd., Madhya Pradesh",https://mpscsc.mp.gov.in
,,"Madhya Pradesh Warehousing and Logistics Corporation, Madhya Pradesh",https://www.mpwarehousing.mp.gov.in
,,"Mizoram Food And Allied Industries Corporation Limited (MIFCO), Mizoram",https://mifco.mizoram.gov.in
,,National Consumer Disputes Redressal Commission (NCDRC),https://ncdrc.nic.in
,,"National Food Security Cards, Telangana",https://epds.telangana.gov.in
,,National Food Security Dashboard,https://nfsa.gov.in
,,"National Food Security Program, Jammu and Kashmir",https://feastjk.gov.in
,,"National Food Security Program, Meghalaya",https://megfeast.gov.in
,,National Sugar Institute,https://nsi.gov.in
,,National Test House,https://nth.gov.in
,,"Online WHO-GMP System, Food & Drug Administration, Maharashtra",https://fdawhogmp.maharashtra.gov.in
,,"Paddy Procurement System, Andhra Pradesh",https://www.paddyprocurement.ap.gov.in
,,Portal for Grievances Against Misleading Advertisements (GAMA),https://gama.gov.in
,,Poshan Gyan,https://poshangyan.niti.gov.in
,,"Public Distribution Scheme (PDS), Tamil Nadu",https://tnpds.gov.in
,,"Public Distribution System Portal, Lakshadweep",https://pds.utl.gov.in
,,"Public Distribution System, Assam",https://pds.assam.gov.in
,,Quality Control Cells (QCC),https://dfpd.nic.in/?q=node/981
,,"Retail Price Survey, Odisha",https://cpiodisha.nic.in
,,Right to Repair Portal India,https://righttorepairindia.gov.in
,,"State Food Commission, Himachal Pradesh",https://hpfoodcommission.nic.in
,,"Tamilnadu Civil Supplies Corporation, Tamil Nadu",https://www.tncsc.tn.gov.in
,,Warehousing Development and Regulatory Authority (WDRA),https://wdra.gov.in
,,"Water Resources Department, Tamil Nadu",https://www.wrd.tn.gov.in
,,"Weights and Measures Department, Delhi",https://weightnmeasures.delhi.gov.in
,,World Food India,https://worldfoodindia.gov.in
,,e-Jagriti,https://e-jagriti.gov.in
,,e-PDS Portal of India,https://epds.nic.in
,,"e-Uparjan, Online Procurement Monitoring System, Madhya Pradesh",https://www.mpeuparjan.nic.in
,,"iPDS Portal, Public Distribution System, Gujarat",https://ipds.gujarat.gov.in
Forestry_Wildlife,https://igod.gov.in/sector/_hNsIHQBsvhI6u6Q3tfu/organizations,,
,,"Arid Forest Research Institute, Madhya Pradesh",https://afri.icfre.gov.in
,,Central Zoo Authority (CZA),https://cza.nic.in
,,"EIACP HUB: Jharkhand Status of Environment and Related Issues, Jharkhand",https://jharenvis.nic.in
,,"Forest Department, Maharashtra",https://mahaforest.gov.in
,,Forest Survey of India (FSI),https://fsi.nic.in
,,"Forest and Wild Life Department, Puducherry",https://py.gov.in/forestry-wild-life
,,"Gujarat Ecological Education and Research (GEER) Foundation, Gujarat",https://geerfoundation.gujarat.gov.in
,,"Gujarat Ecology Commission (GEC), Gujarat",https://gec.gujarat.gov.in
,,Himalayan Forest Research Institute,https://hfri.icfre.gov.in
,,"ICFRE - Tropical Forest Research Institute, Jabalpur, Madhya Pradesh",https://tfri.icfre.gov.in
,,"ICFRE-Forest Research Institute (FRI), Dehradun",https://fri.icfre.gov.in
,,"Indian Council of Forestry Research and Education (ICFRE), Dehradun",https://icfre.gov.in
,,Indian Forest Service (IFS),https://ifs.nic.in
,,Indira Gandhi National Forest Academy (IGNFA),https://www.ignfa.gov.in
,,Institute of Forest Genetics and Tree Breeding (IFGTB),https://ifgtb.icfre.gov.in
,,"Kerala Forest Research Institute (KFRI), Kerala",https://www.kfri.res.in
,,"Melghat Tiger Reserve - Amaravati, Maharashtra",https://www.magicalmelghat.in
,,"National Tiger Conservation Authority (NTCA), New Delhi",https://ntca.gov.in
,,"National Zoological Park, Delhi",https://nzpnewdelhi.gov.in
,,"National Zoological Park, Delhi",https://nzpnewdelhi.gov.in/?ln=en
,,"Rajaji Tiger Reserve, Uttarakhand",https://rajajitigerreserve.uk.gov.in/Index.aspx
,,"Similipal Tiger Reserve, Odisha",https://www.similipal.org
,,"Tigernet, a directory of tigers and other wildlife mortality, National Tiger Conservation Authority",https://tigernet.nic.in
,,"Tribal Research and Training Institute, Maharashtra",https://trti.maharashtra.gov.in
,,"Tripura JICA Project - Sustainable Catchment Forest Management (SCATFORM), Tripura",https://jica.tripura.gov.in
,,"Uttar Pradesh Forest Corporation, Uttar Pradesh",https://www.upforestcorporation.co.in
Governance_Administration,https://igod.gov.in/sector/FRNsIHQBsvhI6u6Q3tju/organizations,,
,,"3rd Battalion, Haryana Armed Police Hisar, Haryana",https://hap3rdbn.haryanapolice.gov.in
,,9 Years of Government,https://9years.mygov.in
,,"ASANSOL Durgapur Development Authority, West Bengal",https://addaonline.in
,,"Aaple Sarkar, Maharashtra state Application for Grievances Information and Collaboration, Maharashtra",https://aaplesarkar.maharashtra.gov.in
,,AatmaNirbharBharat (MyGov),https://aatmanirbharbharat.mygov.in
,,"Administrative Reforms Department, Rajasthan",https://www.ard.rajasthan.gov.in
,,"Administrative Reforms and Training Division, General Administration Department, Gujarat",https://artd.gujarat.gov.in
,,"Administrative Reforms, Inspections, Trainings & Grievances Department, Jammu and Kashmir",https://www.jkaritrainings.nic.in
,,"Ahmedabad Urban Development Authority (AUDA), Gujarat",https://www.auda.org.in
,,"Akola Police, Maharashtra",https://akolapolice.gov.in
,,Alluri Sitharama Raju,https://allurisitharamaraju.ap.gov.in
,,Ambikapur Municipal Corporation,https://ambikapur.urbanecg.gov.in
,,"Amlarem Civil Sub-Division, Meghalaya",https://amlarem.gov.in
,,Amravati Municipal Corporation,https://amravaticorporation.in
,,"Amritsar Rural Police, Punjab",https://amritsarrural.punjabpolice.gov.in
,,Anakapalli,https://anakapalli.ap.gov.in
,,"Analytics, NIC",https://analytics.gov.in
,,Ananthapuramu,https://ananthapuramu.ap.gov.in
,,Andhra Pradesh Human Resource Development Institute (APHRDI),https://www.aphrdi.ap.gov.in
,,Andhra Pradesh Legislative,https://www.aplegislature.org
,,Andhra Pradesh Public Service Commission,https://psc.ap.gov.in
,,"Andhra Pradesh Social Welfare Residential Educational Institutions Society, Recruitment Processing System",https://welfarerecruitments.apcfss.in
,,Andhra Pradesh Space Applications Centre (APSAC),https://apsac.ap.gov.in
,,Annamayya,https://annamayya.ap.gov.in
,,"Anti Corruption Bureau, Mizoram",https://acb.mizoram.gov.in
,,"Anti Corruption Bureau, Rajasthan",https://home.rajasthan.gov.in/acb
,,"Antyodaya SARAL Portal, Haryana",https://saralharyana.gov.in
,,Anupgarh,https://anupgarh.rajasthan.gov.in
,,"Any RoR - Land Record Details, Gujarat",https://anyror.gujarat.gov.in
,,"Arunachal-eSamikSha, Arunachal Pradesh",https://esamiksha.arunachal.gov.in
,,Aspirational Blocks Programme,https://abp.championsofchange.gov.in
,,Aurangabad,https://aurangabad.bih.nic.in
,,Ayodhya,https://ayodhya.nic.in
,,Bajali,https://bajali.assam.gov.in
,,Balotra,https://balotra.rajasthan.gov.in
,,Bangalore Water Supply and Sewerage Board,https://bwsajala.karnataka.gov.in
,,Bapatla,https://bapatla.ap.gov.in
,,Baran,https://baran.rajasthan.gov.in
,,Barpeta,https://barpeta.assam.gov.in
,,Batala Municipal Corporation,https://mcbatala.co.in
,,"Batala Police, Punjab",https://batala.punjabpolice.gov.in
,,Bathinda Municipal Corporation,https://www.mcbathinda.com
,,"Bathinda Police, Punjab",https://bathinda.punjabpolice.gov.in
,,Beawar,https://beawar.rajasthan.gov.in
,,Berhampur Municipal Corporation,https://www.berhampur.gov.in
,,Bhagalpur Municipal Corporation(BMC),https://bhagalpurnagarnigam.in
,,"Bharuch District Panchayat, Gujarat",https://bharuchdp.gujarat.gov.in
,,Bhilai Charoda Municipal Corporation,https://nagarnigambhilaicharoda.com
,,Bhiwandi Municipal Corporation,https://bncmc.gov.in
,,"Bhopal Division, Madhya Pradesh",https://bhopaldivisionmp.nic.in
,,"BhuNaksha (Indian Cadastral Mapping Solution), Uttar Pradesh",https://upbhunaksha.gov.in
,,Bhubaneswar Municipal Corporation,https://www.bmc.gov.in
,,"Bhulekh - Land Records Computerization, Board of Revenue, Uttar Pradesh",https://upbhulekh.gov.in
,,Bhulekh - Land Records Web Portal of Odisha,https://bhulekh.ori.nic.in
,,Bihar Government Servant Grievance Redressal System,https://sevasamadhan.bihar.gov.in
,,Bihar Prashasnik Sudhar Mission Society,https://bpsm.bihar.gov.in
,,Bihar Public Grievance Redressal System,https://lokshikayat.bihar.gov.in
,,Bird Group of Companies,https://www.birdgroup.co.in
,,Biswanath,https://biswanath.gov.in
,,Blog (MyGov),https://blog.mygov.in
,,"CM Dashboard, Assam",https://cmdashboard.assam.gov.in
,,"CM Grievances Redressal & Monitoring System, Haryana",https://cmharyanacell.nic.in
,,CORE Dashboard - CM Office Real-Time Executive Dashboard,https://core.ap.gov.in/CMDashBoard/Index.aspx
,,"COVID-19 updates by Office of the Relief Commissioner, Uttar Pradesh",https://rahat.up.nic.in
,,"CRA, CLA, CLR Management Information System, Tamil Nadu",https://gdp.tn.gov.in
,,Call Before u Dig,https://cbud.gov.in
,,Campus Ambassador Programme (MyGov),https://campus.mygov.in
,,"Central GST Commissionerate, Rajkot",https://cgstrajkot.gov.in
,,Central Pension Accounting Office (CPAO),https://cpao.nic.in
,,Central Public Works Department - eTenders,https://etender.cpwd.gov.in
,,Centralised Public Grievance Redress and Monitoring System,https://pgportal.gov.in
,,"Centralized Personnel Information System, Jammu and Kashmir",https://jkcpis.nic.in
,,"Centre for Modernizing Government Initiative, Odisha",https://www.cmgi.org.in
,,Chandrapur Municipal Corporation,https://www.cmcchandrapur.com
,,Chhatrapati Sambhajinagar Municipal Corporation,https://www.aurangabadmahapalika.org
,,"Chief Commissioner of Land Administration (CCLA), Andhra Pradesh",https://ccla.ap.gov.in
,,"Chief Electoral Officer, Punjab",https://www.ceopunjab.gov.in
,,"Chief Secretary Office, Haryana",https://csharyana.gov.in
,,"Chief Secretary, Tripura",https://tripura.gov.in/chief-secretary-profile
,,Chumoukedima,https://chumoukedima.nic.in
,,Citizens Charters in Government of India,https://goicharters.nic.in
,,"Civil Defence, Home Guards, Maharashtra",https://maharashtracdhg.gov.in
,,"Collectorate - District Vadodara, Gujarat",https://collectorvadodara.gujarat.gov.in
,,"Commissioner & Director of Municipal Administration, Andhra Pradesh",https://cdma.ap.gov.in
,,"Commissioner, Gwalior Division, Madhya Pradesh",https://gwaliordivisionmp.nic.in
,,"Commissioner, Sagar Division, Madhya Pradesh",https://sagardivisionmp.nic.in
,,"Committee of Experts, Laws Regulating Personal Civil Matters & Uniform Civil Code, Uttarakhand",https://ucc.uk.gov.in
,,Controller General Of Communication Accounts (CGCA),https://www.cgca.gov.in
,,"Cooperation Department, ??elangana",https://cooperation.telangana.gov.in
,,"Cooperative Department, Ladakh",https://ladakh.nic.in/cooperative
,,Corporation of the city of Panji,https://ccpgoa.com
,,Dadra And Nagar Haveli,https://dnh.gov.in
,,Data Governance Quality Index,https://dgqi.gov.in
,,Deeg,https://deeg.rajasthan.gov.in
,,Delhi Consumer's Co-operative Wholesale Store Ltd.,https://dccws.delhi.gov.in
,,Delhi Cooperative Tribunal,https://dct.delhi.gov.in
,,Delhi Disaster Management Authority,https://ddma.delhi.gov.in
,,Delhi Dispute Resolution Society (Regd.),https://ddrs.delhi.gov.in
,,Delhi Kalyan Samiti,https://dks.delhi.gov.in
,,Delhi Parks and Gardens Society,https://dpgs.delhi.gov.in
,,"Department of General Administration and Public Grievance, Odisha",https://janasunani.odisha.gov.in
,,"Department of Legal Metrology, Jammu and Kashmir",https://jklm.nic.in
,,Dewas Municipal Corporation,https://www.dmcdewas.com
,,Dharamshala Municipal Corporation,https://edharamshala.in
,,Digital India Land Records Modernization Programme (DILRMP),https://dilrmp.gov.in
,,"Digital India Land Records Modernization Programme (DILRMP), Tripura",https://jami.tripura.gov.in
,,"Direct Benefit Transfer (DBT), Haryana",https://dbtharyana.gov.in
,,"Direct Benefit Transfer, Meghalaya",https://megdbt.gov.in
,,"Directorate General of Information and Public Relations, Maharashtra",https://dgipr.maharashtra.gov.in
,,"Directorate of Archives, Assam",https://archives.assam.gov.in
,,"Directorate of Census Operation, Madhya Pradesh",https://mp.census.gov.in
,,"Directorate of Census Operations, Tamil Nadu",https://www.census.tn.nic.in
,,"Directorate of Census Operations, Gujarat",https://www.censusgujarat.gov.in
,,"Directorate of Census Operations, Karnataka",https://karnataka.census.gov.in
,,"Directorate of Census Operations, Puducherry",https://dcopudu.attendance.gov.in
,,"Directorate of Economics & Statistics, Tripura",https://ecostat.tripura.gov.in
,,"Directorate of Economics and Statistics, Bihar",https://dse.bihar.gov.in
,,"Directorate of Economics and Statistics, Jammu and Kashmir",https://ecostatjk.nic.in
,,"Directorate of Evaluation, Nagaland",https://evaluation.nagaland.gov.in
,,"Directorate of Ex-Servicemen's Welfare, Tamil Nadu",https://www.exwel.tn.gov.in
,,"Directorate of ICT and e-Governance, Gujarat",https://directorit.gujarat.gov.in
,,"Directorate of Land Records, Assam",https://dlrs.assam.gov.in
,,"Directorate of Land Requisition Acquisition & Reforms, Assam",https://dlrar.assam.gov.in
,,"Directorate of Local Bodies, Uttar Pradesh",https://localbodies.up.nic.in
,,Directorate of Municipal Administration,https://goaulbservice.gov.in
,,"Directorate of Panchayats, Goa",https://panchayatsgoa.gov.in
,,"Directorate of Pension Provident Fund and Insurance (DoPPFI), Madhya Pradesh",https://www.pension.mp.gov.in
,,"Directorate of Printing and Stationary, Manipur",https://manipurgovtpress.nic.in
,,"Directorate of Printing and Stationery, Assam",https://dpns.assam.gov.in
,,"Directorate of Printing, Stationery & Publication, Odisha",https://ogpress.nic.in
,,"Directorate of Prosecution, Delhi",https://prosecution.delhi.gov.in
,,"Directorate of Registration and Stamp Revenue, West Bengal",https://wbregistration.gov.in
,,"Directorate of Sainik Welfare, Assam",https://directoratesainikwelfare.assam.gov.in
,,"Directorate of Small Savings and Lotteries, Goa",https://statelotteries.goa.gov.in
,,"Directorate of Statistics, Punjab",https://esopb.gov.in
,,"Districts Portal, Madhya Pradesh",https://mpdistricts.nic.in
,,"Divisional Commissioner Hisar, Haryana",https://commhsr.haryana.gov.in
,,"Divisional Commissioner Office Amravati, Maharashtra",https://amravatidivision.gov.in
,,"Divisional Commissioner, Darbhanga Division, Bihar",https://darbhangadivision.bih.nic.in
,,"Divisional Commissioner, Konkan, Maharashtra",https://divcomkonkan.in
,,Dr. B.R. Ambedkar Konaseema,https://konaseema.ap.gov.in
,,Dudu,https://dudu.rajasthan.gov.in
,,"Dudu Basantgarh Sub Division, Jammu and Kashmir",https://dudubasantgarh.gov.in
,,"E-Panjeeyan - Online Property Registration Portal by Department of Registration, Chhattisgarh",https://epanjeeyan.cg.gov.in
,,"East Khasi Hills District Police, Shillong, Meghalaya",https://shillongpolice.gov.in
,,"Economics & Statistics Department, Kerala",https://www.ecostat.kerala.gov.in
,,"Election Buddy, Rajasthan",https://ganganagar.raj.nic.in
,,Eluru,https://eluru.ap.gov.in
,,Emergency Response Support System with a Single Emergency Number 112,https://112.gov.in
,,"Eprastuti, Assam",https://eprastuti.assam.gov.in
,,"Farmer Loan Redemption Scheme, Uttar Pradesh",https://www.upkisankarjrahat.upsdc.gov.in
,,"Fatehgarh Sahib Police, Punjab",https://fatehgarhsahib.punjabpolice.gov.in
,,"Fazilka Police, Punjab",https://fazilka.punjabpolice.gov.in
,,"Forms Repository, Himachal Pradesh",https://himachalforms.nic.in
,,"GA Estate, Conversion, Mutation and Mortgage Permission (NOC), Odisha",https://gaestate.in
,,"GRAS-Government Receipt Accounting System, Manipur",https://egrasmanipur.nic.in
,,"Gandhinagar District Panchayat, Gujarat",https://gandhinagardp.gujarat.gov.in
,,Gangapurcity,https://gangapurcity.rajasthan.gov.in
,,Gaurela-Pendra-Marwahi,https://gaurela-pendra-marwahi.cg.gov.in
,,"Gazettes, Sikkim",https://www.sikkim.gov.in/mygovernment/gazettes
,,"General Administration Department, Delhi",https://gad.delhi.gov.in
,,"General Administration Department, Jammu and Kashmir",https://jkgad.nic.in
,,"General Administration Department, Ladakh",https://ladakh.nic.in/general-administration-department
,,"Goa Online Services, Goa",https://goaonline.gov.in
,,"Government Orders Issue Register, Telangana",https://goir.telangana.gov.in
,,"Governor, Arunachal Pradesh",https://arunachalgovernor.gov.in
,,Greater Mumbai Municipal Corporation,https://dm.mcgm.gov.in
,,"Greater Mumbai Police, Maharashtra",https://mumbaipolice.maharashtra.gov.in
,,"Greater Noida Industrial Development Authority,  Uttar Pradesh",https://umd.nic.in/gnida
,,Grievance Appellate Committee,https://gac.gov.in
,,"Grievances Redressal Portal, Maharashtra",https://grievances.maharashtra.gov.in
,,"Ground Water Department, Kerala",https://groundwater.kerala.gov.in
,,"Gujarat Bhawan and Office of the Resident Commissioner, Gujarat",https://gujaratbhawan.gujarat.gov.in
,,"Gujarat State Haj Committee, Gujarat",https://haj.gujarat.gov.in
,,"Gujarat State Non-Resident Gujaratis Foundation, Gujarat",https://www.nri.gujarat.gov.in
,,"HCMRIPA - Rajasthan State Institute of Public Administration, Rajasthan",https://hcmripa.rajasthan.gov.in
,,Hamirpur,https://hphamirpur.nic.in
,,Hanumakonda,https://hanumakonda.telangana.gov.in
,,"Haryana Marriage Registration, Haryana",https://shaadi.edisha.gov.in
,,"Haryana Prisons, Panchkula, Haryana",https://haryanaprisons.gov.in
,,"Haryana Traffic Police, Haryana",https://traffic.haryanapolice.gov.in
,,"Himachal Pradesh State Centre, National Informatics Centre (NIC)",https://nichimachal.nic.in
,,Hojai,https://hojai.assam.gov.in
,,"Homi Bhabha Centre for Science Education, Tata Institute of Fundamental Research",https://www.hbcse.tifr.res.in
,,"Hoshiarpur Police, Punjab",https://hoshiarpur.punjabpolice.gov.in
,,"Human Resources Management System, Odisha",https://hrmsorissa.gov.in
,,Hyderabad Metropolitan Water Supply and Sewerage Board,https://www.hyderabadwater.gov.in/en
,,IFMIS - Government Receipts Accounting System,https://himkosh.hp.nic.in
,,INGRAM Portal-National Consumer Helpline,https://consumerhelpline.gov.in
,,Imphal Municipal Corporation,https://imc.mn.gov.in
,,Indian Government Tenders Information System,https://eprocure.gov.in
,,Indira Gandhi National Centre for the Arts (IGNCA),https://ignca.gov.in
,,"Indore Municipal Corporation, Indore, Madhya Pradesh",https://imcindore.mp.gov.in
,,"Inner Line Permit Management System, Arunachal Pradesh",https://arunachalilp.com
,,Innovate India (MyGov),https://innovateindia.mygov.in
,,"Inspector General of Registration and Suprintendent of Stamps, Gujarat",https://stampsregistration.gujarat.gov.in
,,"Inspector General of Registration, Assam",https://igr.assam.gov.in
,,"Inspector General of Registration, Gujarat",https://garvibeta.gujarat.gov.in
,,"Integrated Election Expenditure Monitoring System, Election Commision",https://iems.eci.gov.in
,,"Integrated Examination Management System &#40;iExaMS&#41;, Kerala",https://sslcexam.kerala.gov.in
,,"Integrated Human Resource Management System, Punjab",https://hrms.punjab.gov.in
,,"Integrated Online Junction on Net for Decentralised District Planning (iOjN 4 Planning), Gujarat",https://iojn.guj.nic.in
,,"Integrated Salary Management System - iOSMS, West Bengal",https://osms.wbsed.gov.in
,,Inter-State Council Secretariat Digital Resource,https://iscs-eresource.gov.in/web
,,"Itanagar Capital Complex, Arunachal Pradesh",https://itanagar.nic.in
,,Itanagar Municipal Corporation,https://www.imc.arunachal.gov.in
,,"J&K Institute of Management Public Administration & Rural Development, Jammu and Kashmir",https://www.jkimpa.nic.in
,,Jagdalpur Municipal Corporation,https://nagarnigamjagdalpur.in
,,"Jal Shakti Department, Irrigation & Flood Control, Jammu",https://ifcjmu.gov.in
,,Jalandhar Development Authority,https://www.jda.gov.in/en
,,"Jammu and Kashmir Police, Jammu and Kashmir",https://jkpolice.gov.in
,,"Jansunwai - Samadhan (Integrated Public Grievance Redressal System), Uttar Pradesh",https://jansunwai.up.nic.in
,,"Jharkhand Police, Jharkhand",https://www.jhpolice.gov.in
,,Jiyo Parsi Scheme Portal,https://jiyoparsi.minorityaffairs.gov.in
,,"Kachchh District Panchayat, Gujarat",https://kutchdp.gujarat.gov.in
,,Kailash Mansarovar Yatra,https://kmy.gov.in/kmy
,,Kakinada,https://kakinada.ap.gov.in
,,Kamrup Metro,https://kamrupmetro.assam.gov.in
,,"Kapurthala Police, Punjab",https://kapurthalapolice.gov.in
,,Karbi Anglong,https://karbianglong.gov.in
,,Karnal Municipal Corporation,https://mckarnal.in
,,"Karnataka Information Commission, Karnataka",https://www.kic.gov.in
,,Karnataka Legislative,https://kla.kar.nic.in
,,"Karnataka Public Procurement Portal, Karnataka",https://eproc.karnataka.gov.in
,,Kekri,https://kekri.rajasthan.gov.in
,,"Kerala House & Office Of The Resident Commissioner in New Delhi, Kerala",https://keralahouse.kerala.gov.in
,,"Kerala News - I & PRD Portal, Kerala",https://keralanews.gov.in
,,"Kerala Social Security Mission, Kerala",https://socialsecuritymission.gov.in
,,"Kerala State Information Commission, Kerala",https://rti.sic.kerala.gov.in
,,"Kerala Water Authority, Kerala",https://kwa.kerala.gov.in
,,Khairthal-Tijara,https://khairthaltijara.rajasthan.gov.in
,,"Khanna Police, Punjab",https://khanna.punjabpolice.gov.in
,,"Khasi Hills Autonomous District Council (KHADC), Meghalaya",https://khadc.nic.in
,,"Kochi City Police, Kerala",https://kochicity.keralapolice.gov.in
,,Korba,https://korba.gov.in
,,"Koshi Division, Saharsa, Bihar",https://kosidivision.bih.nic.in
,,Kotputli-Behror,https://kotputlibehror.rajasthan.gov.in
,,"Kumaon Division, Uttarkhand",https://kumaon.gov.in
,,"Kutumba Portal, Karnataka",https://kutumba.karnataka.gov.in
,,Lal Bahadur Shastri National Academy of Administration (LBSNAA),https://www.lbsnaa.gov.in
,,"Land Records Management System, Lakshadweep",https://land.utl.gov.in
,,"Land Revenue Department, Kerala",https://lrd.kerala.gov.in
,,"Legislative Assembly (Vidhan Sabha), Uttarakhand",https://ukvidhansabha.uk.gov.in
,,"Legislative Assembly, Delhi",https://delhiassembly.delhi.gov.in
,,"Legislative Assembly, Manipur",https://www.assembly.mn.gov.in
,,"Legislative Assembly, Odisha",https://odishaassembly.nic.in
,,"Legislative Assembly, Rajasthan",https://assembly.rajasthan.gov.in
,,"Legislative Assembly, Tripura",https://tripuraassembly.nic.in
,,"Legislative Assembly, Uttar Pradesh",https://upvidhansabhaproceedings.gov.in
,,"List of District Magistrates, Madhya Pradesh",https://bhopal.nic.in/en/dm-profiles
,,"Local Self Government Department, Kerala",https://tender.lsgkerala.gov.in
,,"Lokayukt Organisation, Madhya Pradesh",https://mplokayukt.nic.in
,,"Lokayukta, Arunachal Pradesh",https://lokayukta.arunachal.gov.in
,,"LouchaPathap - Land Record Information System, Manipur",https://louchapathap.nic.in
,,MAUGANJ,https://mauganj.nic.in/en
,,"MEE BHOOMI - Public Portal of Land Records, Andhra Pradesh",https://meebhoomi.ap.gov.in
,,"MIS System for Mission Shakti Portal, Odisha",https://missionshakti.odisha.gov.in
,,"Madhya Pradesh Bhawan - New Delhi, Madhya Pradesh",https://mpbhawan.gov.in
,,"Maharashtra State Data Bank, Maharashtra",https://mahasdb.maharashtra.gov.in
,,"Maharashtra State Electricity Distribution Co. Ltd., Maharashtra",https://www.mahadiscom.in
,,"Maharashtra State Excise Duty, Maharashtra",https://stateexcise.maharashtra.gov.in
,,"Maiya Samman Yojana, Jharkhand",https://hbdivmmmsy.jharkhand.gov.in
,,"Manav Sampada - Human Resource Management System for Jharkhand Government Employees, Jharkhand",https://hrms.jharkhand.gov.in
,,Mangan,https://mangan.nic.in
,,"Manipur University, Manipur",https://manipuruniv.ac.in
,,Mathura,https://mathura.nic.in
,,"MeeSeva - Interated Services Delivery GateWay, Andhra Pradesh",https://ap.meeseva.gov.in
,,MeghalayaONE,https://meghalayaone.gov.in
,,Member of Parliament Local Area Development Scheme (MPLADS),https://mplads.gov.in
,,"Mera Ghar Mere Naam, Punjab",https://abadirecords.punjab.gov.in
,,MeriPehchaan-National Single Sign-On (NSSO),https://meripehchaan.gov.in
,,Meridian Conference 2024,https://meridian2024.gov.in
,,"Minicoy Island, Lakshadweep",https://minicoy.utl.gov.in
,,"Minister for Information Public Relations Department, Kerala",https://prd.kerala.gov.in/council-of-ministers
,,"Mizoram House - New Delhi, Mizoram",https://mizoramhouse.nic.in
,,Mohla-Manpur-Ambagarh Chouki,https://mohla-manpur-ambagarhchowki.cg.gov.in
,,"Mukh Mantri Punjab Cancer Raahat Kosh (MMPCRK), Punjab",https://mmpcrk.gov.in
,,"Mukhyamantri Matrushakti Yojana, Gujarat",https://1000d.gujarat.gov.in
,,"Mumbai Traffic Police, Maharshtra",https://trafficpolicemumbai.maharashtra.gov.in
,,"Munger Division, Bihar",https://mungerdivision.bih.nic.in
,,"Municipal College, Rourkela, Odisha",https://www.municipalcollegerkl.com
,,"Municipal Corporation Faridabad (MCF), Haryana",https://ulbharyana.gov.in/WebCMS/Start/191
,,"Murshidabad Police, West Bengal",https://www.murshidabadpolice.org
,,Murwara - Katni Municipal Corporation,https://www.kmckatni.org
,,MyGov India,https://www.mygov.in
,,MyGov India-Hindi,https://xn--11b3cgab9b4bm5d.xn--h2brj9c/hi
,,MyGov Saathi,https://saathi.mygov.in
,,MyScheme,https://www.myscheme.gov.in
,,MyVisit : Visitor Management Simplified for Government and Citizens,https://myvisit.gov.in
,,NGO Portal,https://moprngo.gov.in
,,Nadia,https://nadia.gov.in
,,"Nagar Darshan, Haryana",https://nagardarshan.ulbharyana.gov.in
,,"Nagar Nigam Varanasi, Uttar Pradesh",https://nnvns.org.in
,,Nanded-Waghala Municipal Corporation,https://nwcmc.gov.in
,,Nandyal,https://nandyal.ap.gov.in
,,National Awards Intra Portal,https://intraawards.gov.in
,,"National Cadet Corps Directorate, Uttarakhand",https://nccdte.uk.gov.in
,,National Commission for Minorities (NCM),https://ncm.nic.in
,,National Conference of Chief Secretaries,https://ncsconf.gov.in
,,National Cooperative Database,https://cooperatives.gov.in/en
,,"National Generic Document Registration System, Manipur",https://ngdrsmanipur.nic.in
,,"National Generic Document Registration System, Punjab",https://igrpunjab.gov.in
,,"National Generic Document Registration System, Tripura",https://ngdrs.tripura.gov.in/NGDRS_TR/Users/welcomenote
,,National Institute for Geo-Informatics Science and Technology and Mapping (NIGST),https://iism.nic.in
,,National Institution for Transforming India for States Portal,https://www.nitiforstates.gov.in
,,National Portal of India,https://www.india.gov.in
,,National Portal of India (Hindi Version),https://www.xn--i1bj3fqcyde.xn--11b7cb3a6a.xn--h2brj9c
,,National Portal of Map Services powered by Bharatmaps GIS Platform,https://mapservice.gov.in
,,National Rainfed Area Authority (NRAA),https://nraa.gov.in
,,"National Skill Development Corporation India (NSDC), New Delhi",https://www.nsdcindia.org
,,National Symposium on Excellence in Training (NSET),https://nset.gov.in
,,"National eVidhan Application, Digital Legislatures",https://neva.gov.in
,,Neem Ka Thana,https://neemkathana.rajasthan.gov.in
,,New Delhi Muncipal Council (NDMC),https://ndmc.gov.in
,,"New Okhla Industrial Development Authority (NOIDA), Uttar Pradesh",https://umd.nic.in/noida
,,Non-Lapsable Central Pool of Resource (NLCPR),https://nlcpr.mdoner.gov.in
,,Notary Online Application Portal,https://notary.legalaffairs.gov.in
,,Ntr,https://ntr.ap.gov.in
,,Odisha One Unified Citizen Portal,https://www.odishaone.gov.in
,,"Odisha Police, Odisha",https://odishapolice.gov.in
,,"Odisha Right To Public Services Act, Odisha",https://ortpsa.odisha.gov.in
,,"Odisha State Wide Area Network (OSWAN), Odisha",https://www.oswan.gov.in
,,"Odisha e-Gazette, Odisha",https://egazette.odisha.gov.in
,,"Office of the Divisional Commissioner, Meerut Division, Uttar Pradesh",https://meerutdivision.nic.in
,,Office of the Registrar General and Census Commissioner,https://censusindia.gov.in
,,Official Portal of Chhattisgarh Government,https://www.cgstate.gov.in
,,Official Portal of Goa Government,https://www.goa.gov.in
,,Official Portal of Gujarat Government,https://gujaratindia.gov.in
,,Official Portal of Ladakh Government,https://ladakh.nic.in
,,Official Portal of Sikkim Government,https://sikkim.gov.in
,,Official Portal of Uttar Pradesh Government,https://up.gov.in
,,One Nation one Election,https://onoe.gov.in
,,"Online Building Permission System, Puducherry",https://obps.py.gov.in
,,"Online House Allotment Management System, Himachal Pradesh",https://himkosh.hp.nic.in/halomis
,,"Online Mutation, Department of Revenue and Land Reforms, Bihar",https://biharbhumi.bihar.gov.in
,,"Online Property Tax Management System, Jhansi, Uttar Pradesh",https://www.jhansipropertytax.com
,,"Online Registration of Marriage, Goa",https://reg.goa.gov.in
,,Open Government Data Platform India,https://www.data.gov.in
,,"Open Government Data Portal, Odisha",https://odisha.data.gov.in
,,"Open Government Data Portal, Tamil Nadu",https://tn.data.gov.in
,,PMEvents,https://pmevents.ncog.gov.in
,,PRAYAS Portal,https://prayas.nic.in
,,Padma Awards,https://www.padmaawards.gov.in
,,Padma Awards Dashboard,https://dashboard-padmaawards.gov.in
,,Pakur,https://pakur.nic.in
,,Palnadu,https://palnadu.ap.gov.in
,,"Panchayat Raj and Rural Development, Andhra Pradesh",https://appanchayats.ap.gov.in
,,"Panchkula Metropolitan Development Authority, Haryana",https://pmdahry.org.in
,,Panchkula Municipal Corporation,https://mcpanchkula.in
,,Panipat Municipal Corporation,https://nagarnigampanipat.in
,,Panvel Municipal Corporation,https://www.panvelcorporation.com
,,"Parivar Pehchan Patra Yojna, Haryana",https://meraparivar.haryana.gov.in
,,"Parliamentary Affairs Department, Uttar Pradesh",https://upparliamentaryaffairs.gov.in
,,Parvathipuram Manyam,https://parvathipurammanyam.ap.gov.in
,,"Patent Information Centre, Kerala",https://patentcentre.kerala.gov.in
,,"Patna Division, Bihar",https://patnadivision.bih.nic.in
,,Patna Municipal Corporation,https://www.pmc.bihar.gov.in
,,"Pension Portal and Cyber Treasury Portal, Gujarat",https://cybertreasury.gujarat.gov.in
,,Pensioners' Portal,https://pensionersportal.gov.in
,,"Personnel Information and Management System, Central Public Works Department, Delhi",https://cpwdpims.nic.in
,,Phagwara Municipal Corporation,https://mcphagwara.in
,,Phalodi,https://phalodi.rajasthan.gov.in
,,"Planning Division, General Administration Department, Gujarat",https://planning.gujarat.gov.in
,,Pledge (MyGov),https://pledge.mygov.in
,,"Police Commissionerate Jalandhar, Punjab",https://jalandharcity.punjabpolice.gov.in
,,Postage Stamps,https://postagestamps.gov.in
,,"Prajavani  - Centralized Public Grievance Redress and Monitoring System, Telangana",https://cpgrams.ts.nic.in
,,Prime Ministers Award for Excellence in Public Administration,https://pmawards.gov.in
,,"Public Grievances Division, Punjab Police, Punjab",https://pgd.punjabpolice.gov.in
,,"Public Service Commission, Himachal Pradesh",https://hppsconline.hp.gov.in/HPPSC/ApplicantRegistration/Home/Login
,,"Public Works Department, Punjab",https://pwdpunjab.gov.in
,,"Pune City Police, Maharashtra",https://punepolice.gov.in
,,"Punjab Land Records Society (PLRS), Punjab",https://www.plrs.org.in
,,"Puri Konark Development Authority (PKDA), Odisha",https://pkdapuri.nic.in
,,"Purnea Division, Bihar",https://purneadivision.bih.nic.in
,,"Purulia District Police, West Bengal",https://puruliapolice.org
,,Quiz (MyGov),https://quiz.mygov.in
,,"RPG (Redressal of Public Grievances), Rajasthan",https://rpg.rajasthan.gov.in
,,"RTI Central Monitoring Mechanism, Odisha",https://www.rtiodisha.gov.in
,,RTI applications/First Appeals to Central Government Organisations (RTI Online),https://rtionline.gov.in
,,"Rajasthan Single Sign On (One Digital Identity for all Applications), Rajasthan",https://sso.rajasthan.gov.in
,,"Rajkot District Panchayat, Gujarat",https://rajkotdp.gujarat.gov.in
,,Rajnandgaon Municipal Corporation,https://mcrjn.com
,,"Rapid Assessment System (RAS), Government of India",https://ras.gov.in
,,Rashtrapati Bhavan,https://rashtrapatibhavan.gov.in
,,Ratlam Municipal Corporation,https://www.rmcratlam.in
,,"Real Time Governance Society, Andhra Pradesh",https://rtgs.ap.gov.in
,,"Regional Commissioner Office Belgaum, Karnataka",https://www.regional-commissioner-belgaum.gov.in
,,"Regional Commissioner Office Mysore, Karnataka",https://rcmysore.gov.in
,,"Registrar General of Marriages, West Bengal",https://rgmwb.gov.in
,,"Registrations Department, Ladakh",https://ngdrs.ladakh.gov.in
,,Republic Day Celebrations,https://republicday.nic.in
,,Resident Portal for Online Aadhaar Services by UIDAI,https://resident.uidai.gov.in
,,"Rest House Room Booking Portal, Haryana",https://hryguesthouse.gov.in
,,"Revenue Divisional Commissioner (Central Division), Cuttack, Odisha",https://rdccdcuttack.nic.in
,,"Right To Information (RTI), Rajasthan",https://rti.rajasthan.gov.in
,,"Right to Information (RTI) Jaankari Facilitation Centre, Bihar",https://jaankari.bihar.gov.in
,,"Right to Information (RTI), Goa",https://rti.goa.gov.in
,,"Right to Information (RTI), Kerala",https://rtiportal.kerala.gov.in
,,"Right to Information (RTI), Meghalaya",https://megrti.gov.in
,,"Right to Information Act (RTI), India",https://rti.gov.in
,,"Right to Information Online (RTI), Maharashtra",https://rtionline.maharashtra.gov.in
,,"Right to Information Online Portal, Assam",https://rtionline.assam.gov.in
,,"Right to Information, Delhi",https://rtionline.delhi.gov.in
,,"Rishra Municipality, West Bengal",https://rishramunicipality.org
,,Rourkela Municipal Corporation,https://rmc.nic.in
,,"Rupnagar Police, Punjab",https://rupnagar.punjabpolice.gov.in
,,S.A.S.Nagar - Mohali Municipal Corporation,https://mcmohali.org
,,"S3WaaS - Secure, Scalable and Sugamya Website as a Service for District Websites",https://s3waas.gov.in
,,SDG India Dashboard,https://sdgindiaindex.niti.gov.in
,,"SWAGAT (State Wide Attention on Grievances by Application of Technology) System, Gujarat",https://swagat.gujarat.gov.in
,,Salumbar,https://salumber.rajasthan.gov.in
,,"Samagra Portal - Samagra Social Security Mission, Madhya Pradesh",https://samagra.gov.in
,,Sambalpur Municipal Corporation,https://smcsambalpur.nic.in
,,"Sampark-Grievances Redressal System, Rajasthan",https://sampark.rajasthan.gov.in
,,Sanchore,https://sanchore.rajasthan.gov.in
,,"Sangrur Police, Punjab",https://sangrur.punjabpolice.gov.in
,,Satna Municipal Corporation,https://satnamunicipalcorporation.com
,,"Season & Crop Report Tamilnadu, Tamil Nadu",https://www.tn.gov.in/crop
,,"Service and Payroll Administrative Repository for Kerala (SPARK), Kerala",https://spark.gov.in
,,ServicePlus - Integrated eService Delivery Framework of NIC,https://serviceonline.gov.in
,,Services Portal of Common Services Centers (CSC) Scheme,https://register.csc.gov.in
,,"Sevana Pension - Social Security System, Kerala",https://welfarepension.lsgkerala.gov.in
,,"Sewa Itihas (Service History Management) Portal, Bihar",https://sewa-itihas.bih.nic.in
,,Shahid Bhagat Singh Nagar,https://nawanshahr.nic.in
,,"Shahid Bhagat Singh Nagar Police, Punjab",https://sbsnagar.punjabpolice.gov.in
,,Shahpura,https://shahpura.rajasthan.gov.in
,,Shamator,https://shamator.nic.in
,,Shimla Municipal Corporation,https://shimlamc.hp.gov.in
,,"Shri Badarinath Kedarnath Temple Committee, Uttarakhand",https://badrinath-kedarnath.gov.in
,,"Shri Krishna Institute of Public Administration (SKIPA), Jharkhand",https://skipa.nic.in
,,"Sindhudurg Police, Maharashtra",https://sindhudurgpolice.gov.in
,,"Sohra Civil Sub-Division, East Khasi Hills District, Meghalaya",https://sohra.gov.in
,,Soreng,https://soreng.nic.in
,,South 24 Parganas,https://s24pgs.gov.in
,,Sri Sathya Sai,https://srisathyasai.ap.gov.in
,,Srinagar Municipal Corporation,https://www.smcsrinagar.in
,,"State Coordinator of National Registration (NRC), Assam",https://nrcassam.nic.in
,,"State Crime Record Bureau, Haryana",https://scrb.haryanapolice.gov.in
,,"State Disaster Management Authority, Assam",https://asdma.gov.in
,,"State Disaster Management Authority, Himachal Pradesh",https://hpsdma.nic.in
,,"State Disaster Management Authority, Shillong, Meghalaya",https://msdma.gov.in
,,"State Public Service Agency, Madhya Pradesh",https://mpedistrict.gov.in
,,"State Vigilance & Anti Corruption Bureau, Himachal Pradesh",https://hpsvacb.hp.gov.in
,,"Stationery Department, Kerala",https://terms.kerala.gov.in
,,"Surat District Panchayat, Gujarat",https://suratdp.gujarat.gov.in
,,"Survey and Settlement Department, Tamil Nadu",https://eservices.tn.gov.in
,,Survey of India Maps,https://indiamaps.gov.in
,,TRACES - TDS (Tax Deducted at Source) Reconciliation Analysis and Correction Enabling System,https://www.tdscpc.gov.in
,,"Tamil Nadu House - New Delhi, Tamil Nadu",https://tnhouse.tn.gov.in
,,"Tamil Nadu Police, Tamil Nadu",https://eservices.tnpolice.gov.in
,,"Tamil Nadu State Disaster Management Authority (TNSDMA), Tamil Nadu",https://tnsdma.tn.gov.in
,,"Tamil Nadu eSevai Portal, Tamil Nadu",https://www.tnesevai.tn.gov.in
,,Telangana Legislative Council,https://legislature.telangana.gov.in
,,"Telangana State Institute of Rural Development (TSIRD), Telangana",https://tsird.gov.in
,,"Telangana Vigilance Commission, Telangana",https://tvc.telangana.gov.in
,,"Thane City Police, Maharashtra",https://thanepolice.gov.in
,,"The Ladakh Gazette, Ladakh",https://egazette.ladakh.gov.in
,,"The Meghalaya Residents Safety and Security Act, 2016, Meghalaya",https://megrssa.nic.in
,,Tirupati,https://tirupati.ap.gov.in
,,Transforming India (MyGov),https://transformingindia.mygov.in
,,"Treasury Department, Kerala",https://portal.treasury.kerala.gov.in
,,Tseminyu,https://tseminyu.nic.in
,,"UID - Aadhaar Portal, Jharkhand",https://aadhaar.jharkhand.gov.in
,,"UID - Aadhaar Portal, Rajasthan",https://aadhaar.rajasthan.gov.in
,,Udaipur Municipal Corporation,https://www.udaipurmc.org
,,Union Budget,https://www.indiabudget.gov.in
,,Unique Identification Authority of India (UIDAI),https://www.uidai.gov.in
,,"Urban Local Bodies Department, Haryana",https://online.ulbharyana.gov.in
,,"Urban Water Supply & Environmental Improvement, Madhya Pradesh",https://projectuday.gov.in
,,Varanasi,https://varanasi.nic.in
,,Vasai-Virar Municipal Corporation,https://vvcmc.in
,,"Vasantrao Naik Sheti Swavlamban Mission (VNSSM), Amravati, Maharashtra",https://vnss-mission.gov.in
,,"Vigilance Bureau, Punjab",https://vigilancebureau.punjab.gov.in
,,Vijayanagar,https://vijayanagara.nic.in
,,Vijayapura,https://vijayapura.nic.in
,,Waste to Wealth,https://www.wastetowealth.gov.in
,,Webcast of Hon'ble Finance Minister's Presentation of Union Budget in the Parliament,https://budgetlive.nic.in
,,West,https://dcwestrev.delhi.gov.in
,,"West Bengal Minorities Development and Finance Corporation, West Bengal",https://www.wbmdfc.org
,,Yamunanagar Municipal Corporation,https://www.mcynr.com
,,"Yeshwantrao Chavan Academy of Development Administration (YASHADA), Maharashtra",https://www.yashada.org
,,e - Sankhyiki Portal,https://esankhyiki.mospi.gov.in
,,e-Aadhaar Portal by UIDAI,https://eaadhaar.uidai.gov.in
,,"e-Cabinet, Uttarakhand",https://emantrimandal.uk.gov.in
,,"e-Challan, Chhattisgarh",https://echallan.cg.nic.in
,,"e-District Project, Andaman & Nicobar Administration",https://edistrict.andaman.gov.in
,,"e-District, Manipur",https://eservicesmanipur.gov.in
,,"e-Gazette, Andhra Pradesh",https://apegazette.cgg.gov.in
,,"e-Gazette, Chandigarh",https://egazette.chd.gov.in
,,"e-Gazette, Chhattisgarh",https://egazette.cg.nic.in
,,"e-Gazette, Karnataka",https://gazette.kar.nic.in
,,"e-Gazette, Odisha",https://www.egazetteodisha.nic.in
,,"e-Governance Solution - Kohima Municipal Corporation, Nagaland",https://ekmc.in
,,"e-Housing Online Disbursement of Housing Assistance to the SC, Kerala",https://e-housing.kerala.gov.in
,,"e-Monitoring - Service Level Agreement, Delhi",https://esla.delhi.gov.in
,,"e-Panjiyan, Property Registration and Land Records Integration, Rajasthan",https://epanjiyan.rajasthan.gov.in
,,"e-Pauti, Online Land Revenue Payment, Odisha",https://odishalandrevenue.nic.in
,,"e-Payment System, Tamil Nadu",https://tnregipayment.gov.in
,,"e-Procurement System, Bihar",https://eproc2.bihar.gov.in
,,"e-Procurement System, UT of Dadra and Nagar Haveli and Daman and Diu",https://dnhtenders.gov.in
,,e-Prosecution,https://eprosecution.gov.in
,,e-Quasi Judicial Courts Information System,https://eqjcourts.gov.in
,,"e-Sameeksha, Himachal Pradesh",https://esameeksha.hp.nic.in
,,"e-Tender, Mizoram",https://tender.mizoram.gov.in
,,"e-UNNAT UNified INtegrated Accessible, Transparent, Jammu and Kashmir",https://eunnat.jk.gov.in/pages/Home.aspx
,,"e-Vigilance, Chandigarh",https://evigilance.chd.gov.in
,,eAuction India,https://eauction.gov.in/eauction
,,"eCabinet, Andhra Pradesh",https://ecabinet.ap.gov.in
,,"eDistrict - Services, Kerala",https://edistrict.kerala.gov.in
,,"eDistrict Portal, Odisha",https://edistrict.odisha.gov.in
,,"eGazette Rajpatra, Himachal Pradesh",https://rajpatrahimachal.nic.in
,,eGazette of India,https://egazette.gov.in
,,eGreetings Portal,https://egreetings.gov.in
,,"eHRMS - Human Resource Management System Of NIC, Gujarat",https://e-hrms.gujarat.gov.in
,,"eHRMS - Online Human Resource Management System, Meghalaya",https://ehrms.meghalaya.gov.in
,,"eNiwas - Quarter Allotment Management System, Bihar",https://eniwas.bih.nic.in
,,"ePension of Teachers & Non-Teaching Staff of Grant-in-Aid Colleges Under Administrative Control of Department of Higher Education, West Bengal",https://epension.wbhed.gov.in
,,"eProcurement System, Ladakh",https://tenders.ladakh.gov.in/nicgep/app
,,"eProcurement System, Lakshadweep",https://tendersutl.gov.in
,,"eProcurement System, Punjab",https://eproc.punjab.gov.in
,,"eProcurement System, Rajasthan",https://eproc.rajasthan.gov.in
,,"eRTI Portal (High Court & District Judiciary), Rajasthan",https://hcraj.nic.in/erti
,,"eSPAN - Social Security State Portal, Uttarakhand",https://ssp.uk.gov.in
,,"eServices, Punjab",https://eservices.punjab.gov.in
,,"eUPAHAAR, Gift Auction of Items Presented to Honorable President",https://upahaar.rashtrapatibhavan.gov.in
Health_Family_welfare,https://igod.gov.in/sector/CxNsIHQBsvhI6u6Q3tju/organizations,,
,,"AIDS Control Society (ANACS), Andaman and Nicobar",https://anacs.andaman.gov.in
,,ALL INDIA PRE-MEDICAL SCHOLARSHIP TEST (SECONDARY) - 2021,https://www.aipmstsecondary.co.in
,,"AYUSH Admissions Central Counseling Committee (AACCC), Ministry of AYUSH",https://aaccc.gov.in
,,"AYUSH Department, Andhra Pradesh",https://ayush.ap.gov.in
,,"AYUSH Drugs Licensing System, Telangana",https://ayushdls.telangana.gov.in
,,"Accredited Social Health Activist (ASHA), National Health Mission, Madhya Pradesh",https://asha.mp.gov.in
,,"Agartala Government Medical College, Tripura",https://www.agmc.nic.in
,,"All India Institute of Ayurveda (AIIA), New Delhi",https://aiia.gov.in
,,All India Institute of Hygiene and Public Health (AIIH and PH),https://aiihph.gov.in
,,"All India Institute of Medical Sciences (AIIMS), Rajkot",https://aiimsrajkot.edu.in
,,"All India Institute of Physical Medicine and Rehabilitation, Mumbai",https://aiipmr.gov.in
,,"All India Institute of Speech and Hearing (AIISH), Mysore",https://aiishmysore.in
,,"All India Institutes of Medical Sciences (AIIMS), Bibinagar, Hyderabad",https://aiimsbibinagar.edu.in
,,Andhra Pradesh Medical Council,https://apmc.ap.gov.in
,,"Andhra Pradesh Nurses, Midwives, Auxiliary Nurse-Midwives and health Visitors Council",https://hmis.ap.nic.in
,,Andhra Pradesh Pharmacy Council,https://appharmacycouncil.gov.in
,,Andhra Pradesh State AIDS Control Society,https://apsacs.ap.gov.in
,,"Arogya Keralam, Kerala",https://arogyakeralam.gov.in
,,"Aruna Asaf Ali Government Hospital, Delhi",https://aaagh.delhi.gov.in
,,Assam Medical College,https://amch.edu.in
,,Assam State AIDS Control Society,https://asacs.assam.gov.in
,,Assam State Blood Transfusion Council,https://asbtc.assam.gov.in
,,"Atal Bihari Vajpayee Institute of Medical Sciences and Dr. Ram Manohar Lohia Hospital, New Delhi",https://rmlh.nic.in
,,"Ayurveda Medical Education Department, Kerala",https://www.ayurveda.kerala.gov.in
,,Ayush Clinical Case Repository,https://accr.ayush.gov.in
,,Ayushman Arogya Mandir,https://ab-hwc.nhp.gov.in
,,Ayushman Bharat Digital Mission,https://abdm.gov.in
,,"BCG Vaccine Laboratory, Chennai",https://dirbcglab.gov.in
,,"Baba Farid University of Health Sciences, Faridkot, Punjab",https://bfuhs.ac.in
,,"Babu Jagjivan Ram Memorial Hospital, Delhi",https://bjrmh.delhi.gov.in
,,"Beneficiary Management Ecosystem, Tripura",https://bms.tripura.gov.in/bms
,,"Beneficiary Portal, Pradhan Mantri Jan Arogya Yojana",https://beneficiary.nha.gov.in
,,"Beti Vadhaao Programme, Gujarat",https://betivadhaao.gujarat.gov.in
,,"Bhagwan Mahavir Hospital, Delhi",https://bmh.delhi.gov.in
,,"Burari Hospital, Delhi",https://burari.delhi.gov.in
,,"COVID-19 (Novel Corona Virus) Updates & Advisories, Maharashtra",https://arogya.maharashtra.gov.in/1175/Novel--Corona-Virus
,,COVID-19 Collection Centre for Rapid Antibody Test and RT-PCR by ICMR,https://covid19cc.nic.in
,,"COVID-19 Dashboard, Puducherry",https://covid19dashboard.py.gov.in
,,"COVID-19 Information & Updates, Goa",https://www.goa.gov.in/covid-19
,,"COVID-19 Odisha State Portal, Odisha",https://covid19.odisha.gov.in
,,COVID-19 Testing Laboratories across India,https://covid.icmr.org.in/index.php/testing-facilities
,,COVID-19 Warriors of India,https://covidwarriors.gov.in
,,Central Bureau of Health Intelligence,https://cbhidghs.nic.in
,,Central Council for Research in Homoeopathy (CCRH),https://www.ccrhindia.nic.in
,,Central Council for Research in Siddha (CCRS),https://siddhacouncil.com
,,Central Council for Research in Unani Medicine (CCRUM),https://ccrum.res.in
,,"Central Drugs Laboratory, Kasauli",https://cdlkasauli.gov.in
,,Central Drugs Standard Control Organization (CDSCO),https://cdsco.gov.in
,,Central Government Health Scheme (CGHS),https://cghs.gov.in
,,"Central Leprosy Teaching and Research Institute, Chengalpattu, Tamil Nadu",https://cltri.gov.in
,,Central Medical Services Society (CMSS),https://cmss.gov.in
,,"Central Research Institute (CRI), Kasauli, Himachal Pradesh",https://crikasauli.nic.in
,,"Central Research Institute for Siddha, Tamil Nadu",https://crisiddha.tn.nic.in
,,Central Tuberculosis (TB) Division,https://tbcindia.gov.in
,,"Centralised Accident and Trauma Services, Delhi",https://cats.delhi.gov.in
,,"Chacha Nehru Bal Chikitsalaya, Delhi",https://cnbc.delhi.gov.in
,,"Chaudhary Brahm Prakash Ayurved Charak Sansthan, Delhi",https://cbpacs.delhi.gov.in
,,Chhattisgarh Medical Counselling,https://cgdme.admissions.nic.in
,,"Chief Minister Health Insurance Scheme (CMHIS), Nagaland",https://cmhis.nagaland.gov.in
,,"Chief Minister's Comprehensive Health Insurance Scheme, Tamil Nadu",https://cmchistn.com
,,Chittaranjan National Cancer Institute (CNCI),https://www.cnci.ac.in
,,"Commissionerate of Food & Drugs Administration, Assam",https://fda.assam.gov.in
,,"Commissionerate of Health & Family Welfare Service, Karnataka",https://hfwcom.karnataka.gov.in
,,"Commissionerate of Health & Family Welfare, Andhra Pradesh",https://cfw.ap.nic.in
,,"Commissionerate of Health and Family Welfare, National Health Mission, Telangana",https://chfw.telangana.gov.in
,,"Corona Guidelines, Chhattisgarh",https://gad.cg.gov.in/cgcorona
,,"DHS - Drug Licensing, Andaman & Nicobar Islands",https://druglicense.andaman.gov.in
,,"Deen Dayal Upadhyay Hospital, Delhi",https://dduh.delhi.gov.in
,,"Deep Chand Bandhu Hospital, Delhi",https://dcbh.delhi.gov.in
,,Delhi Pharmacy Council,https://pharmacy.delhi.gov.in
,,Delhi State AIDS Control Society,https://dsacs.delhi.gov.in
,,Dental Council of India,https://dciindia.gov.in
,,"Department of Homeopathy, Delhi",https://homeopathy.delhi.gov.in
,,"Department of Sainik Welfare, Telangana",https://www.sainik.telangana.gov.in
,,Directorate General of Health Services (DGHS),https://dghs.gov.in
,,"Directorate General of Health Services, Delhi",https://dgehs.delhi.gov.in
,,"Directorate of AYUSH, Assam",https://ayush.assam.gov.in
,,"Directorate of AYUSH, Haryana",https://ayushharyana.gov.in
,,"Directorate of Ayurved, Rajasthan",https://ayurved.rajasthan.gov.in
,,"Directorate of Health Safety and Regulation, Himachal Pradesh",https://www.hp.gov.in/dhsrhp
,,"Directorate of Health Service (Family Welfare), Assam",https://dhsfw.assam.gov.in
,,"Directorate of Health Service, Assam",https://dhs.assam.gov.in
,,"Directorate of Health Services (DHS), Goa",https://dhsgoa.gov.in
,,"Directorate of Health Services, Kerala",https://www.dhs.kerala.gov.in
,,"Directorate of Health Services, Manipur",https://manipurhealthdirectorate.mn.gov.in
,,"Directorate of Health Services, National Health Mission, Goa",https://nhm.goa.gov.in
,,"Directorate of Medical Education & Research, Himachal Pradesh",https://www.hp.gov.in/hpdmer
,,"Directorate of Medical Education & Training (DMET), Odisha",https://dmetodisha.gov.in
,,"Directorate of Medical Education, Assam",https://dme.assam.gov.in
,,"Directorate of Medical Education, Tripura",https://dme.tripura.gov.in
,,"Dr. Baba Shahab Ambedkar Hospital, Delhi",https://bsah.delhi.gov.in
,,"Dr. Hedgewar Aarogya Sansthan, Delhi",https://dhas.delhi.gov.in
,,"Dr. YSR Aarogyasri Health Care Trust, Andhra Pradesh",https://www.ysraarogyasri.ap.gov.in
,,"Drug Control Department, Karnataka",https://drugs.karnataka.gov.in
,,"Drugs Control Department, Kerala",https://dc.kerala.gov.in
,,EPITOME,https://epitome.gov.in
,,Eat Right India : 'Eat Healthy' and 'Eat Safe' - An initiative of FSSAI,https://eatrightindia.gov.in
,,"Employees and Journalists Health Scheme, Telangana",https://www.ehf.telangana.gov.in
,,"Faculty of Medical Sciences, University of Delhi",https://www.fmsc.ac.in
,,Food Safety Compliance System (FoSCoS-FSSAI),https://foscos.fssai.gov.in
,,"Food Safety and Drug Administration Department, Tamil Nadu",https://www.drugscontrol.tn.gov.in
,,Food Safety and Standards Authority of India (FSSAI),https://fssai.gov.in
,,"Food and Drugs Administration, Madhya Pradesh",https://cfdamp.nic.in
,,"Gopabandhu Ayurveda Mahavidyalaya, Odisha",https://gampuri.nic.in
,,"Government Ayurveda College, Kannur, Kerala",https://gack.kerala.gov.in
,,"Government Medical College Kozhikode, Kerala",https://www.govtmedicalcollegekozhikode.ac.in
,,"Government Medical College and Hospital Nagpur (MS), Maharashtra",https://gmcnagpur.org
,,"Government Medical College, Omandurar Government Estate, Chennai, Tamil Nadu",https://www.gmcoge.tn.gov.in
,,"Government Rehabilitation Institute for Intellectual Disabilities (GRIID), Chandigarh",https://www.griid.edu.in
,,"Gujarat Medical Education and Research Society (GMERS), Gujarat",https://gmers.gujarat.gov.in
,,"Gujarat State AIDS Control Society (GSACS), Gujarat",https://www.gsacsonline.org
,,"Gujarat State Council for Blood Transfusion, Gujarat",https://gscbt.net
,,"Guru Gobind Singh Government Hospital, Delhi",https://ggsgh.delhi.gov.in
,,"Guru Teg Bahadur Hospital, Delhi",https://gtbh.delhi.gov.in
,,HLL Lifecare Limited,https://www.lifecarehll.com
,,"Haryana Fights COVID-19, Haryana",https://haraadesh.nic.in
,,Heal in India,https://healinindia.gov.in
,,"Health Department, Ladakh",https://ladakh.nic.in/health-department
,,Health Management Information System,https://hmis.mohfw.gov.in
,,"Health and Family Welfare Department, Tamil Nadu",https://tnhealth.tn.gov.in
,,"Health and Family Welfare, Delhi",https://health.delhi.gov.in
,,"Health, Medical & Family Welfare Department, Andhra Pradesh",https://hmfw.ap.gov.in
,,"Health, Medical & Family Welfare Department, Telangana",https://health.telangana.gov.in
,,Hindustan Antibiotics Limited (HAL),https://hindantibiotics.in
,,ICMR-Vector Control Research Centre (ICMR-VCRC),https://vcrc.icmr.org.in
,,Indian Council of Medical Research (ICMR),https://www.icmr.gov.in
,,Indian Nursing Council,https://indiannursingcouncil.org
,,Indian Nursing Council,https://nrts.indiannursingcouncil.gov.in
,,Indian Pharmacopoeia Commission (IPC),https://ipc.gov.in
,,"Indian Systems of Medicine Department, Kerala",https://www.ism.kerala.gov.in
,,"Institute of Post Graduate Medical Education & Research (IPGME&R), Kolkata, West Bengal",https://www.ipgmer.gov.in
,,"Insurance Medical Services, Kerala",https://ims.kerala.gov.in
,,"Integrated Disease Surveillance Project (IDSP), Delhi",https://idsp.mohfw.gov.in
,,Integrated Health Information Platform,https://ihip.mohfw.gov.in
,,"International Day of Yoga, June 21",https://yoga.ayush.gov.in
,,Jan Aushadhi-Bureau of Pharma PSUs of India (BPPI),https://janaushadhi.gov.in
,,"Jawaharlal Nehru Cancer Hospital & Research Centre (JNCHRC), Bhopal, Madhya Pradesh",https://www.jnchrc.com
,,"Jawaharlal Nehru Institute of Medical Sciences (JNIMS), Imphal, Manipur",https://jnims.nic.in
,,"Jeevandan - Cadaver Transplantation Programme, Telangana",https://jeevandan.gov.in
,,"Karnataka Antibiotics and Pharmaceuticals Limited (KAPL), Bangalore",https://www.kaplindia.com
,,"Karnataka State Pharmacy Council, Karnataka",https://www.kspcdic.com
,,"Kerala State Beverages (M&M) Corporatipon Ltd. (KSBC), Kerala",https://bevco.in
,,"Kerala State Council for Clinical Establishments, Kerala",https://www.clinicalestablishments.kerala.gov.in
,,"Kerala State Medical Councils, Kerala",https://medicalcouncil.kerala.gov.in
,,"Kerala State Mental Health Authority (KSMHA), Kerala",https://www.ksmha.org
,,"Kerala State Organ and Tissue Transplant Organization (K-SOTTO), Kerala",https://www.portal.ksotto.kerala.gov.in
,,"Kerala State Pharmacy Council, Kerala",https://keralaspc.in
,,"Kerala Women, Kerala",https://keralawomen.gov.in
,,"Lady Hardinge Medical College, New Delhi",https://lhmc-hosp.gov.in
,,"Lok Nayak Hospital, Delhi",https://lnjp.delhi.gov.in
,,Lokopriya Gopinath Bordoloi Regional Institute of Mental Health (LGBRIMH),https://lgbrimh.gov.in
,,"M. R. Bangur Hospital, Tollygunge, Kolkata, West Bengal",https://www.mrbangurhospital.org
,,MANAS - National Narcotics Helpline,https://www.ncbmanas.gov.in
,,MANAV-Human Atlas Initiative,https://www.manavatlas.in
,,"MCH Kit Welfare Program, Telangana",https://kcrkit.telangana.gov.in
,,"Madhya Pradesh Medical Council, Bhopal, Madhya Pradesh",https://mpmc.mp.gov.in
,,"Madhya Pradesh State Pharmacy Council, Madhya Pradesh",https://pharmacy.mponline.gov.in
,,"Maharashtra Medical Council, Mumbai, Maharashtra",https://www.maharashtramedicalcouncil.in
,,"Maharashtra Nursing Council, Mumbai, Maharashtra",https://www.maharashtranursingcouncil.org
,,"Maharishi Valmiki Hospital, Delhi",https://mvh.delhi.gov.in
,,"Malabar Cancer Centre, Kerala",https://mcc.kerala.gov.in
,,"MedLEaPR MP-3.0 Medico Legal Report and Post Mortem Report, Madhya Pradesh",https://medleapr.mp.gov.in
,,"Medical College Thiruvananthapuram, Kerala",https://tmc.kerala.gov.in
,,Medical Counselling Committee (MCC),https://mcc.nic.in
,,"Medical Education Department, Madhya Pradesh",https://dme.mponline.gov.in
,,"Medical Stores Organisation, Ministry of Health and Family Welfare",https://mso-gmsd.in
,,"Medico Legal Report and Post Mortem Reporting System, Haryana",https://medleaprhry.gov.in
,,National AIDS Control Organisation (NACO),https://www.naco.gov.in
,,"National AIDS Research Institute (NARI), Pune",https://www.nari-icmr.res.in
,,National ART and Surrogacy Portal,https://artsurrogacy.gov.in/NationalArtSurrogacy/faces/HomePage.xhtml
,,National ART and Surrogacy Registry,https://registry.artsurrogacy.gov.in
,,National AYUSH Mission (NAM),https://namayush.gov.in
,,National Centre for Disease Control,https://ncdc.gov.in/index1.php?lang=1&level=1&sublinkid=703&lid=550
,,"National Centre for Disease Control (NCDC), New Delhi",https://ncdc.mohfw.gov.in
,,National Commission for Homoeopathy,https://nch.org.in
,,"National Commission for Indian System of Medicine (NCISM), New Delhi",https://ncismindia.org
,,National Ethics Committee Registry for Biomedical and Health Research (NECRBHR),https://naitik.gov.in
,,National Health Authority,https://www.pmjay.gov.in
,,National Health Authority,https://nha.gov.in
,,National Health Mission,https://nhm.gov.in
,,"National Health Mission (NHM), Assam",https://nhm.assam.gov.in
,,"National Health Mission (NHM), Haryana",https://www.nhmharyana.gov.in
,,"National Health Mission (NHM), Lakshadweep",https://nhm.utl.gov.in
,,"National Health Mission (NHM), Odisha",https://nhmodisha.gov.in
,,"National Health Mission (NHM), Uttar Pradesh",https://upnrhm.gov.in
,,"National Health Mission, Madhya Pradesh",https://www.nhmmp.gov.in
,,"National Health Mission, Maharashtra",https://www.nrhm.maharashtra.gov.in
,,"National Health Mission, Uttarakhand",https://nhm.uk.gov.in
,,National Health Systems Resource Centre (NHSRC),https://nhsrcindia.org
,,"National Institute for Research in Reproductive and Child Health, Maharashtra",https://nirrh.res.in
,,"National Institute of Ayurveda, Jaipur",https://nia.nic.in
,,National Institute of Cholera and Enteric Diseases (NICED),https://niced.org.in
,,"National Institute of Health and Family Welfare (NIHFW), New Delhi",https://nihfw.ac.in
,,"National Institute of Occupational Health (NIOH), ICMR, Ahmedabad",https://www.nioh.org
,,"National Institute of Siddha (NIS), Chennai",https://nischennai.org
,,National Leprosy Eradication Programme,"https://dghs.gov.in/content/1349_3_NationalLeprosyEradicationProgramme.aspx#:~:text=The National Leprosy Control Programme,in reducing the disease burden."
,,National Medical Commission,https://www.nmc.org.in
,,National Medical Register (NMR),https://nmr-nmc.abdm.gov.in
,,"National Medicinal Plants Board (NMPB), Ministry of AYUSH",https://nmpb.nic.in
,,"National Organ and Tissue Transplant Organization (NOTTO), New Delhi",https://notto.mohfw.gov.in
,,National Programme for Control of Blindness & Visual Impairment (NPCVI),https://npcbvi.gov.in
,,"National Vector Borne Disease Control Programme (NVBDCP), DELHI",https://ncvbdc.mohfw.gov.in
,,"Nehru Homoeopathic Medical College and Hospital, Delhi",https://nhmc.delhi.gov.in
,,North Eastern Institute of Ayurveda and Folk Medicine Research,https://neiafmr.org.in
,,"North Eastern Institute of Ayurveda and Homoeopathy (NEIAH), Shillong",https://neiah.nic.in
,,"Nurses and Midwives Registration Council, Arunachal Pradesh",https://apnmrc.in
,,"Nutrition Resource Platform, Child Development and Nutrition Bureau",https://www.nipccd.nic.in/schemes/nutrition-resource-platform-27
,,"Odisha State AIDS Control Society, Odisha",https://osacs.nic.in
,,"Online Application for Licensing, Central Drugs Standard Control Organization (CDSCO)",https://www.cdscoonline.gov.in
,,"Online Drugs Licensing System, Telangana",https://odls.telangana.gov.in
,,Online Registration System Patient Portal (ORS),https://ors.gov.in
,,"Online System for Medical Devices, Central Drugs Standard Control Organisation (CDSCO)",https://cdscomdonline.gov.in
,,OxyCare-Management Information System,https://oxycare.gov.in/ocmis/oxycare.aspx
,,"PM - Jay & Chief Minister-GI Hakshelgi Tengbang (CMHT) - Health Assurance Scheme, Manipur",https://cmhtmanipur.gov.in
,,"Personal Health Record Application, Ayushman Bharat Digital Mission",https://phr.abdm.gov.in
,,Pharmacopoeia Commission for Indian Medicine and Homoeopathy (PCIMH),https://pcimh.gov.in
,,Pharmacy Council of India,https://www.pci.nic.in
,,Population Research Centre,https://prc.mohfw.gov.in
,,Poshan Gyan,https://poshangyan.niti.gov.in
,,"Post Graduate Institute of Medical Education and Research, Chandigarh",https://pgimer.edu.in
,,Pradhan Mantri Swasthya Suraksha Yojana (PMSSY),https://pmssy.mohfw.gov.in
,,"Pranvayu - Oxygen Management System, Uttarakhand",https://pranvayujagratha.uk.gov.in
,,"Pre-Conception and Pre-Natal Diagnostic Techniques, New Delhi",https://pndt.gov.in
,,"Punjab Medical Council, Punjab",https://punjabmedicalcouncil.in
,,"Punjab Nurses Registration Council, Punjab",https://www.pnrconline.in
,,"RajHealth - Solution for Health Resource Management, Rajasthan",https://rajhealth.rajasthan.gov.in
,,"Rao Tula Ram Memorial Hospital, Delhi",https://rtrmh.delhi.gov.in
,,"Regional Cancer Centre, Thiruvananthapuram, Kerala",https://www.rcctvm.gov.in
,,"Regional Institute of Medical Sciences, Imphal",https://www.rims.edu.in
,,"Regional Medical Research Centre (RMRC), Bhubaneswar, Odisha",https://www.rmrcbbsr.gov.in
,,"Regional Resource Centre for North Eastern States, Guwahati",https://rrcnes.gov.in
,,"Register as COVID-19 Volunteer, Uttarakhand",https://covid19cso.uk.gov.in
,,"Registration of NRIs for Medical Health Services, Maharashtra",https://healthnriregistration.maharashtra.gov.in
,,Reproductive and Child Health Portal (RCH),https://rch.mohfw.gov.in
,,"SCB Dental College and Hospital, Cuttack, Odisha",https://scbdental.nic.in
,,"Sanjay Gandhi Memorial Hospital, Delhi",https://sgmh.delhi.gov.in
,,"Sanstha Aadhaar, Rajasthan",https://br.raj.nic.in
,,"Sardar Vallabh Bhai Patel Hospital, Delhi",https://svbph.delhi.gov.in
,,"Society For Tripura Medical College & Dr. BRAM Teaching Hospital, Tripura",https://tmc.nic.in
,,"State Cancer Society of Meghalaya, Govt. of Meghalaya",https://scsm.nic.in
,,"State Health Resource Centre, Chhattisgarh",https://shsrc.org
,,"State Institute of Medical Education and Technology, Kerala",https://www.simet.in
,,"State Resource Centre (SRC), Society for Rehabilitation of Disabled, Tripura",https://src.tripura.gov.in
,,"Swasthya Sathi, West Bengal",https://swasthyasathi.gov.in
,,"Tamil Nadu Health Systems Project (TNHSP), Tamil Nadu",https://www.tnhsp.org
,,"Tamil Nadu Nurses and Midwives Council, Chennai, Tamil Nadu",https://www.tamilnadunursingcouncil.com
,,"Tamil Nadu State AIDS Control Society, Tamil Nadu",https://tnsacs.in
,,"Telangana Vaidya Vidhana Parishad (TVVP), Telangana",https://vvp.telangana.gov.in
,,The Delhi Council for Physiotherapy and Occupational Therapy,https://dcptot.com
,,"The Tripura State Medical Council, Tripura",https://tsmc.tripura.gov.in
,,"Transplant Authority, Tamil Nadu",https://transtan.tn.gov.in
,,"Tripura Nursing Council, Tripura",https://nursingcouncil.tripura.gov.in
,,"Tripura State Blood Transfusion Council, Tripura",https://tsbtc.tripura.gov.in
,,"Tuberculosis Research Centre, Chennai",https://www.nirt.res.in
,,"West Bengal Medical Services Corporation Ltd., West Bengal",https://www.wbmsc.gov.in
,,"Women and Child Development Department, Puducherry",https://wcd.py.gov.in
,,"Working Journalists Health Scheme, Andhra Pradesh",https://wjhs.ap.gov.in
,,Yoga Locator,https://namaste-yoga.ayush.gov.in
,,e-Aushada Portal,https://aushada.kar.nic.in
,,e-Dantseva-National Oral Health Programme (NOHP),https://edantseva.gov.in
,,e-Hospital - A Hospital Management System from National Informatics Centre (NIC),https://ehospital.nic.in
,,"e-Mamata, Odisha",https://emamata.odisha.gov.in
,,"e-Manadeya 2.0, Odisha",https://e-manadeya.odisha.gov.in
,,"eSwasthya Dham, Uttarakhand",https://eswasthyadham.uk.gov.in
,,"mCOVID-19 Dashboard, Advisories & Updates, Mizoram",https://mcovid19.mizoram.gov.in
Home_affairs_National_Security,https://igod.gov.in/sector/FBNsIHQBsvhI6u6Q3tju/organizations,,
,,"1st India Reserve Battalion, Bhondsi, Gurugram, Haryana",https://1stbnirb.haryanapolice.gov.in
,,"2nd India Reserve Battalion, Bhondsi, Gurugram, Haryana",https://2ndirb.haryanapolice.gov.in
,,"Ahmedabad District Police Office, Gujarat",https://spahmedabad.gujarat.gov.in
,,"Amravati City Police, Maharashtra",https://amravaticitypolice.gov.in
,,"Amravati Rural Police, Maharashtra",https://amravatiruralpolice.gov.in
,,"Amreli District Police Office, Gujarat",https://www.spamreli.gujarat.gov.in
,,"Amritsar Police, Punjab",https://amritsarcity.punjabpolice.gov.in
,,"Anand District Police Office, Gujarat",https://www.spanand.gujarat.gov.in
,,Andhra Pradesh Police,https://citizen.appolice.gov.in
,,Andhra Pradesh Special Police (APSP),https://apsp.ap.gov.in
,,Andhra Pradesh vigilance commission,https://apvc.ap.nic.in
,,"Angul District Police, Odisha",https://angulpolice.nic.in
,,"Anti Corruption Bureau, Andhra Pradesh",https://acb.ap.gov.in
,,"Anti Corruption Bureau, Gujarat",https://www.acb.gujarat.gov.in
,,"Anti Corruption Bureau, Maharashtra",https://www.acbmaharashtra.gov.in
,,Arunachal Pradesh Police,https://arunpol.nic.in
,,Assam Police Seva Setu,https://polcitizen.assam.gov.in
,,"Assam Prison Headquarters, Assam",https://prisons.assam.gov.in
,,Assam Rifles,https://assamrifles.gov.in
,,Assam State Disaster Management Authority (ASDMA),https://asdma.assam.gov.in
,,"Banaskantha District Police Office, Gujarat",https://spbanaskantha.gujarat.gov.in
,,"Bankura District Police, West Bengal",https://bankurapolice.org
,,"Barnala Police, Punjab",https://barnala.punjabpolice.gov.in
,,"Beed Police, Maharashtra",https://beedpolice.gov.in
,,"Bengaluru Traffic Police, Karnataka",https://btp.gov.in
,,"Bharuch District Police Office, Gujarat",https://spbharuch.gujarat.gov.in
,,"Bhavnagar District Police Office, Gujarat",https://spbhavnagar.gujarat.gov.in
,,Bihar Police,https://police.bihar.gov.in
,,Bihar Police Sub-ordinate Services Commission (BPSSC),https://bpssc.bih.nic.in
,,Border Security Force (BSF),https://www.bsf.gov.in
,,Bureau of Immigration (BOI),https://boi.gov.in
,,Bureau of Police Research and Development (BPR&D),https://bprd.nic.in
,,Central Bureau of Investigation (CBI),https://cbi.gov.in
,,Central Detective Training Institute in Hyderabad,https://cdtihyd.gov.in
,,"Central Forensic Science Laboratory (CFSL), Bhopal",https://www.cfslbpl.gov.in
,,"Central Forensic Science Laboratory (CFSL), Guwahati",https://cfslghy.gov.in
,,"Central Forensic Science Laboratory (CFSL), Hyderabad",https://cfslhyd.gov.in
,,Central Hindi Training Institute,https://chti.rajbhasha.gov.in
,,Central Industrial Security Force (CISF),https://cisf.gov.in
,,"Central Jail, Delhi",https://tiharprisons.delhi.gov.in
,,Central Reserve Police Force (CRPF),https://crpf.gov.in
,,"Central Selection Board of Constable, Patna, Bihar",https://csbc.bih.nic.in
,,Central Translation Bureau,https://ctb.rajbhasha.gov.in
,,Central Vigilance Commission (CVC),https://cvc.gov.in
,,"Central Workshop and Stores, Border Security Force (BSF)",https://bsf.gov.in/Home
,,"Chandrapur Police, Maharashtra",https://chandrapurpolice.gov.in
,,"Charkhi Dadri Police, Haryana",https://charkhidadri.haryanapolice.gov.in
,,Chhattisgarh Police,https://cgpolicehelp.cgstate.gov.in
,,"Chittoor District Police, Andhra Pradesh",https://chittoorpolice.ap.gov.in
,,"Civil Defence & Home Guards, Assam",https://dgcd.assam.gov.in
,,"Civil Defence, Gujarat",https://www.civildefence.gujarat.gov.in
,,Committee of Parliament on Official Language,https://rajbhashasamiti.gov.in
,,"Crime Branch, Jammu and Kashmir Police, Jammu and Kashmir",https://crimebranchjkpolice.nic.in
,,"Crime and Criminal Tracking Network and Systems (CCTNS), Odisha",https://citizenportal-op.gov.in
,,"Criminal Investigation Department, West Bengal",https://cidwestbengal.gov.in
,,Cyber Police Portal,https://cyberpolice.nic.in
,,"Cyberabad Metropolitan Police, Telangana",https://www.cyberabadpolice.gov.in
,,"Cyberabad Traffic Police, Telangana",https://ctp.gov.in
,,Cybercrime Reporting Portal,https://cybercrime.gov.in
,,"Dahod District Police Office, Gujarat",https://spdahod.gujarat.gov.in
,,Delhi Traffic Police,https://www.delhitrafficpolice.nic.in
,,Department of Delhi Fire Service,https://dfs.delhi.gov.in
,,"Department of Fire Services, Himachal Pradesh",https://himachal.nic.in/fireservices
,,Digital Forensic Virtual Classroom,https://nielitcyberforensics.in
,,"Digital Police Portal by NCRB, MHA",https://digitalpolice.gov.in
,,"Director General of Police (DGP), Gujarat",https://www.police.gujarat.gov.in
,,"Directorate General-Fire Services, Civil Defense and Home Guards",https://dgfscdhg.gov.in
,,"Directorate of Census Operation, Rajasthan",https://rajcensus.gov.in
,,"Directorate of Civil Defence & Home Guards, Meghalaya",https://meghomeguards.gov.in
,,Directorate of Coordination Police Wireless,https://www.dcpw.gov.in
,,"Directorate of Fire and Emergency Services, Goa",https://www.dfes.goa.gov.in
,,"Directorate of Forensic Science, Government of Assam",https://forensic.assam.gov.in
,,"Directorate of Home Guards, Civil Defence & State Disaster Response Force (SDRF), Nagaland",https://hgcdsdrf.nagaland.gov.in
,,"Directorate of Prisons, Tripura",https://prisons.tripura.gov.in
,,"Directorate of Prosecution, Tamil Nadu",https://prosecution.tn.gov.in
,,"Directorate of Sainik Welfare, Chhattisgarh",https://sainikwelfare.cg.gov.in/directorate/html/en/directorate_chhattisgarh_home_en.html
,,"Directorate of Sainik Welfare, Madhya Pradesh",https://www.sainikkalyan.mp.gov.in
,,"Directorate of Vigilance & Anti-Corruption, Tamil Nadu",https://www.dvac.tn.gov.in
,,"Drugs Control Administration, Andhra Pradesh",https://apdca.ap.gov.in
,,"Economic Offences Wing, Tamil Nadu",https://www.tneow.gov.in
,,"Ernakulam Rural Police, Kerala",https://ernakulamrural.keralapolice.gov.in
,,"Fire & Emergency Service, Meghalaya",https://megfireservice.gov.in
,,"Fire & Emergency Services, Assam",https://fireandemergencyservices.assam.gov.in
,,"Fire & Emergency Services, Tripura",https://fireservice.tripura.gov.in
,,"Fire and Rescue Services, Tamil Nadu",https://www.tnfrs.tn.gov.in
,,"Forensic Science Laboratory, Mizoram",https://forensic.mizoram.gov.in
,,"GRP Ajmer Police, Rajasthan",https://grpajmerpolice.rajasthan.gov.in
,,"Gadchiroli Police, Maharashtra",https://gadchirolipolice.gov.in
,,"Gandhinagar District Police Office, Gujarat",https://spgandhinagar.gujarat.gov.in
,,"Gondia Police, Maharashtra",https://gondiapolice.gov.in
,,"Guest Verification System, Jharkhand",https://jhpoliceverification.nic.in
,,"Haryana Police Academy, Haryana",https://hpa.haryanapolice.gov.in
,,"Haryana Police, Haryana",https://haryanapolice.gov.in
,,"Hingoli Police, Maharashtra",https://hingolipolice.gov.in
,,"Home (Political) Department, Meghalaya",https://meghalaya.gov.in/dept/33
,,"Home Department, Delhi",https://home.delhi.gov.in
,,"Home Department, Sikkim",https://sikkim.gov.in/departments/home-department
,,"Home Guard Department, Rajasthan",https://home.rajasthan.gov.in/content/homeportal/en/homeguardsdepartment.html
,,"Home Guards Department, Himachal Pradesh",https://himachal.nic.in/index.php?lang=1&dpt_id=172
,,"Home Guards, Gujarat",https://www.homeguards.gujarat.gov.in
,,"Home and Hill Affairs Department, West Bengal",https://home.wb.gov.in
,,"Hyderabad Citi Police, Telangana",https://www.hyderabadpolice.gov.in
,,"Hyderabad Traffic Police, Telangana",https://www.htp.gov.in
,,India Disaster Resource Network (IDRN),https://idrn.nidm.gov.in
,,"India Reserve Battalion (IRB), Bhondsi, Gurugram, Haryana",https://igirb.haryanapolice.gov.in
,,Indian Police in Service of the Nation,https://www.police.gov.in
,,Indo Tibetan Border Police (ITBP),https://itbpolice.nic.in
,,"Inspector General of Prisons, Gujarat",https://www.prisons.gujarat.gov.in
,,Inter-State Council Secretariat,https://interstatecouncil.gov.in
,,"J&K Traffic Police, Jammu and Kashmir",https://jktrafficpolice.nic.in
,,"Jail Department, Chhattisgarh",https://jail.cg.gov.in
,,"Jalna Police, Maharashtra",https://jalnapolice.gov.in
,,"Jalpaiguri Police, West Bengal",https://jalpaiguripolice.in
,,"Jamnagar District Police Office, Gujarat",https://spjamnagar.gujarat.gov.in
,,Jharkhand Online FIR System,https://jofs.jhpolice.gov.in
,,"Junagadh District Police Office, Gujarat",https://spjunagadh.gujarat.gov.in
,,"Kannur City Police, Kerala",https://kannur.keralapolice.gov.in
,,"Karnataka Police Academy, Mysuru, Karnataka",https://kpa.gov.in
,,"Kasaragod District Police, Kerala",https://kasaragod.keralapolice.gov.in
,,"Kerala Police, Kerala",https://keralapolice.gov.in
,,"Kerala Prisons & Correctional Services, Kerala",https://www.keralaprisons.gov.in
,,"Kheda District Police Office, Gujarat",https://spkheda.gujarat.gov.in
,,"Kolhapur Police, Maharashtra",https://kolhapurpolice.gov.in
,,"Kolkata Police, West Bengal",https://www.kolkatapolice.gov.in
,,"Kollam City Police, Kerala",https://kollamcity.keralapolice.gov.in
,,"Kozhikode Rural Police, Kerala",https://kozhikoderural.keralapolice.gov.in
,,"Kuchchh District Police Office, Gujarat",https://spkutch.gujarat.gov.in
,,"Ludhiana City Police, Punjab",https://ludhianacity.punjabpolice.gov.in
,,"MP Public Prosecution Portal, Madhya Pradesh",https://www.eprosecution.mp.gov.in
,,"Madhya Pradesh Police Academy, Bhopal, Madhya Pradesh",https://academy.mppolice.gov.in
,,"Madhya Pradesh State Garage, Bhopal, Madhya Pradesh",https://stategarage.mp.gov.in
,,"Maharashtra Police Academy, Nashik, Maharashtra",https://mpanashik.gov.in
,,"Maharashtra State Police Wireless, Pune, Maharashtra",https://mahpolwireless.gov.in
,,"Maharashtra State Police, Maharashtra",https://www.mahapolice.gov.in
,,"Maharashtra State Reserve Police Force (SRPF), Maharashtra",https://maharashtrasrpf.gov.in
,,"Malappuram Police, Kerala",https://malappuram.keralapolice.gov.in
,,"Manipur Police, Manipur",https://manipurpolice.gov.in
,,"Mehsana District Police Office, Gujarat",https://spmehsana.gujarat.gov.in
,,"Mira Bhayandar, Vasai Virar Police, Maharashtra",https://mbvv.mahapolice.gov.in
,,"Moga Police, Punjab",https://moga.punjabpolice.gov.in
,,Mutual Legal Assistance in Criminal Matters with Foreign Countries,https://mlat.mha.gov.in
,,"Mysore City Police, Karnataka",https://mysurucitypolice.karnataka.gov.in
,,"Nagpur City Police, Maharashtra",https://nagpurpolice.gov.in
,,Narcotics Control Bureau (NCB),https://narcoticsindia.nic.in
,,"Narmada District Police Office, Gujarat",https://spnarmada.gujarat.gov.in
,,National Awards Portal,https://awards.gov.in
,,National Cadet Corps (NCC),https://indiancc.nic.in
,,National Crime Records Bureau,https://ncrb.gov.in
,,National Crime Records Check,https://ncrc.gov.in
,,National Cybercrime Training Centre (CyTrain),https://cytrain.ncrb.gov.in
,,National Cyclone Risk Mitigation Project (NCRMP),https://ncrmp.gov.in
,,National Database of Arms Licenses,https://ndal-alis.gov.in
,,National Disaster Management Authority (NDMA),https://ndma.gov.in
,,National Disaster Response Force (NDRF),https://www.ndrf.gov.in
,,National Fire Service College,https://nfscnagpur.nic.in
,,National Foundation for Communal Harmony (NFCH),https://nfch.nic.in
,,"National Industrial Security Academy (NISA), CISF, Hyderabad",https://nisa.gov.in
,,National Institute of Disaster Management (NIDM),https://nidm.gov.in
,,National Integrated Database on Arrested Narco Offenders (NIDAAN),https://nidaan.nic.in/NIDAAN
,,National Investigation Agency (NIA),https://nia.gov.in
,,National Security Guard (NSG),https://nsg.gov.in
,,"Navsari District Police Office, Gujarat",https://spnavsari.gujarat.gov.in
,,No Money For Terror,https://nmftindia.gov.in
,,North Eastern Police Academy (NEPA),https://nepa.gov.in
,,"Odisha Fire Service, Home Guards & Civil Defence, Odisha",https://odishafshgscd.gov.in
,,"Online Application - Indian Coast Guard, Ministry of Defence",https://joinindiancoastguard.gov.in
,,"Online Human Resource Management System for West Bengal Police (eHRMS), West Bengal",https://ehrms.wbpolice.gov.in
,,"Panchmahal District Police Office, Gujarat",https://sppanchmahal.gujarat.gov.in
,,Paschim Medinipur District Police,https://paschimmedinipurpolice.co.in
,,"Patan District Police Office, Gujarat",https://sppatan.gujarat.gov.in
,,"Pimpri Chinchwad Police, Maharashtra",https://pcpc.gov.in
,,"Police Accountability Commission (PAC), Tripura",https://pac.tripura.gov.in
,,"Police Clearance Services, Maharashtra",https://www.mumbaipolicegeneralunit.maharashtra.gov.in
,,"Police Commissionerate, Bhubaneswar-Cuttack, Odisha",https://bhubaneswarcuttackpolice.gov.in
,,"Police Commissionerate, Chhatrapati Sambhajinagar, Maharashtra",https://aurangabadcitypolice.gov.in
,,"Police Commissioners Office, Ahmedabad, Gujarat",https://www.cpahmedabad.gujarat.gov.in
,,"Police Commissioners Office, Rajkot, Gujarat",https://www.cprajkot.gujarat.gov.in
,,"Police Commissioners Office, Surat, Gujarat",https://www.cpsurat.gujarat.gov.in
,,"Police Commissioners Office, Vadodara, Gujarat",https://www.cpvadodara.gujarat.gov.in
,,"Police Complaints Authority (PCA), Delhi",https://pca.delhi.gov.in
,,"Police Department, Ambala District, Haryana",https://ambala.haryanapolice.gov.in
,,"Police Department, Bhiwani District, Haryana",https://bhiwani.haryanapolice.gov.in
,,"Police Department, Delhi",https://delhipolice.gov.in
,,"Police Department, Faridabad District, Haryana",https://faridabad.haryanapolice.gov.in
,,"Police Department, Fatehabad District, Haryana",https://fatehabad.haryanapolice.gov.in
,,"Police Department, Gurugram District, Haryana",https://gurgaon.haryanapolice.gov.in
,,"Police Department, Hisar District, Haryana",https://hisar.haryanapolice.gov.in
,,"Police Department, Jhajjar District, Haryana",https://jhajjar.haryanapolice.gov.in
,,"Police Department, Jind District, Haryana",https://jind.haryanapolice.gov.in
,,"Police Department, Kaithal District, Haryana",https://kaithal.haryanapolice.gov.in
,,"Police Department, Karnal District, Haryana",https://karnal.haryanapolice.gov.in
,,"Police Department, Mahendergarh District, Haryana",https://narnaul.haryanapolice.gov.in
,,"Police Department, Palwal District, Haryana",https://palwal.haryanapolice.gov.in
,,"Police Department, Panchkula District, Haryana",https://panchkula.haryanapolice.gov.in
,,"Police Department, Panipat District, Haryana",https://panipat.haryanapolice.gov.in
,,"Police Department, Rewari District, Haryana",https://rewari.haryanapolice.gov.in
,,"Police Department, Rohtak District, Haryana",https://rohtak.haryanapolice.gov.in
,,"Police Department, Sirsa District, Haryana",https://sirsa.haryanapolice.gov.in
,,"Police Department, Sonipat District, Haryana",https://sonipat.haryanapolice.gov.in
,,"Police Department, Yamunanagar District, Haryana",https://yamunanagar.haryanapolice.gov.in
,,"Police Training College (PTC), Sunaria, Rohtak, Haryana",https://ptcsunaria.haryanapolice.gov.in
,,"Porbandar District Police Office, Gujarat",https://spporbandar.gujarat.gov.in
,,"Prakasam District Police, Andhra Pradesh",https://prakasampolice.ap.gov.in
,,"Prison Department, Tamil Nadu",https://prisons.tn.gov.in
,,"Prison, Arunachal Pradesh",https://arunprisons.nic.in
,,"Prisons Department, Telangana",https://tsprisons.gov.in
,,"Prosecution Department, Rajasthan",https://prosecution.rajasthan.gov.in
,,"Pune Rural Police, Maharashtra",https://puneruralpolice.gov.in
,,"Purba Medinipur District Police, West Bengal",https://www.purbamedinipurpolice.gov.in
,,"Rachakonda Police Commissionerate, Telangana",https://rachakondapolice.telangana.gov.in
,,"Raigad Police, Maharashtra",https://raigadpolice.gov.in
,,"Rajas than Police Academy, Rajasthan",https://rpa.rajasthan.gov.in
,,"Rajasthan Frontier, Border Security Force (BSF)",https://www.bsf.gov.in/@frontierrajasthan_hi
,,"Rajkot District Police Office, Gujarat",https://sprajkot.gujarat.gov.in
,,"Ratnagiri Police, Maharashtra",https://ratnagiripolice.co.in
,,"Recruit Training Centre Bhondsi (Gurugram), Haryana",https://rtcbhondsi.haryanapolice.gov.in
,,Rehabilitation Council of India (RCI),https://rehabcouncil.nic.in
,,SAARC Disaster Management Centre (SDMC),https://saarc-sdmc.org
,,"SHE TEAM - Hyderabad City Police, Telangana",https://sheteamhydpolice.telangana.gov.in
,,"Sabarkantha District Police Office, Gujarat",https://spsabarkantha.gujarat.gov.in
,,"Sainik Welfare Department, Puducherry",https://sainik.py.gov.in
,,Sardar Vallabhbhai Patel National Police Academy,https://www.svpnpa.gov.in
,,"Scheduled Castes Component, Andhra Pradesh",https://scsp.apcfss.in
,,"Sikkim Vigilance Police, Sikkim",https://sikkim-vigilance.gov.in
,,"Sri Muktsar Sahib Police, Punjab",https://srimuktsarsahib.punjabpolice.gov.in
,,"Srinagar Frontier, Border Security Force (BSF)",https://bsf.gov.in/@frontierkashmir
,,"State Disaster Response and Fire Services Department, Telangana",https://fire.telangana.gov.in
,,"State Forensic Science Laboratory, Himachal Pradesh",https://himachal.nic.in/index.php?lang=1&dpt_id=174
,,Surat District Police Office,https://spsurat.gujarat.gov.in
,,"Surendranagar District Police Office, Gujarat",https://spsurendranagar.gujarat.gov.in
,,"Telangana State Police Academy, Telangana",https://tspa.gov.in
,,Telangana State Police Department,https://www.tspolice.gov.in
,,"Thane Rural Police, Maharashtra",https://thaneruralpolice.gov.in
,,"Thiruvananthapuram City Police, Kerala",https://tvmcity.keralapolice.gov.in
,,"Thrissur Rural Police, Kerala",https://thrissurrural.keralapolice.gov.in
,,Town Official Language Implementation Committee,https://narakas.rajbhasha.gov.in
,,"UP Police, Uttar Pradesh",https://uppolice.gov.in
,,"Uttar Pradesh Fire and Emergency Services, Uttar Pradesh",https://upfireservice.gov.in
,,"Vadodara District Police Office, Gujarat",https://spvadodara.gujarat.gov.in
,,"Valsad District Police Office, Gujarat",https://spvalsad.gujarat.gov.in
,,"Vigilance & Anti Corruption, Assam",https://dgvigilance.assam.gov.in
,,"Visakhapatnam City Police, Andhra Pradesh",https://vizagcitypolice.gov.in
,,"Wardha Police, Maharashtra",https://wardhapolice.co.in
,,"Washim Police, Maharashtra",https://washimpolice.gov.in
,,"Wayanad District Police, Kerala",https://wayanad.keralapolice.gov.in
,,"West Bengal Police, West Bengal",https://wbpolice.gov.in
Housing_Urban_Development,https://igod.gov.in/sector/DBNsIHQBsvhI6u6Q3tju/organizations,,
,,AAINA-Dashboard for cities,https://aaina.gov.in
,,"AWAS ??Housing Board Computerization, Chhattisgarh",https://cghb.cg.nic.in
,,Assam Urban Infrastructure Investment Program (AUIIP),https://auiip.nic.in
,,"Automatic Allotment of Government Accommodation, Andaman & Nicobar Islands",https://aaga.andaman.gov.in
,,"BHULEKH - Land Records Computerization, Uttrakhand",https://bhulekh.uk.gov.in
,,"Bangalore Metropolitan Task Force, Karnataka",https://bmtf.gov.in
,,"Bhubaneswar Smart City Limited, Odisha",https://www.smartcitybhubaneswar.gov.in
,,Building Materials and Technology Promotion Council (BMTPC),https://www.bmtpc.org
,,Building Related Information and Knowledge System (BRIKS),https://briks.gov.in
,,CPWD Sewa - Central Public Works Department (CPWD),https://cpwdsewa.gov.in
,,Central Government Employees Welfare Housing Organisation (CGEWHO),https://www.cgewho.in
,,Central Public Health and Environmental Engineering Organisation (CPHEEO),https://cpheeo.gov.in
,,Central Public Works Department (CPWD),https://cpwd.gov.in
,,Central Vista Project,https://centralvista.gov.in
,,City Finance,https://cityfinance.in
,,"Commissioner and Director of Municipal Administration, Telangana",https://emunicipal.telangana.gov.in
,,"Commissioner of Municipalities Administration, Urban Development & Urban Housing Department, Gujarat",https://communi.gujarat.gov.in
,,Deendayal Antyodaya Yojana,https://nulm.gov.in
,,Delhi Urban Art Commission (DUAC),https://www.duac.org.in
,,"Department of Architecture, Haryana",https://architecturehry.gov.in
,,"Directorate of Boilers, Tamil Nadu",https://www.boilers.tn.gov.in
,,Directorate of Estates,https://esampada.mohua.gov.in
,,"Directorate of Estates, Madhya Pradesh",https://sampada.mp.gov.in
,,"Directorate of Municipal Administration, Assam",https://dma.assam.gov.in
,,"Directorate of Town and Country Planning, Andhra Pradesh",https://portal.apdpms.ap.gov.in
,,"Directorate of Town and Country Planning, Madhya Pradesh",https://mptownplan.gov.in
,,"Directorate of Urban Transport, Uttar Pradesh",https://uputd.gov.in
,,"Environment Protection in Government Colonies, Directorate of Estates",https://epgc.gov.in
,,Global Housing Technology Challenge (GHTC),https://ghtc-india.gov.in
,,"Government of India Stationery Office, Kolkata",https://giso.gov.in
,,"Gujarat Real Estate Regulatory Authority, Gujarat",https://gujrera.gujarat.gov.in
,,"Gujarat Social Infrastructure Development Society, General Administration Department (Planning), Gujarat",https://gujhd.gujarat.gov.in
,,"Haldia Development Authority (HDA), West Bengal",https://www.hda.gov.in
,,"Haryana Real Estate Regulatory Authority (HRERA), Haryana",https://haryanarera.gov.in
,,"Housing & Urban Development Department, Jammu & Kashmir",https://jkhudd.gov.in
,,Housing and Urban Development Corporation Limited (HUDCO),https://hudco.org.in
,,"Jal Shakti Vibhag, Himachal Pradesh",https://iph.hp.nic.in
,,"Kerala Real Estate Regulatory Authority (E-RERA), Kerala",https://rera.kerala.gov.in
,,"Kolkata Metropolitan Development Authority, West Bengal",https://kmda.wb.gov.in
,,Land and Development Office,https://ldo.gov.in
,,"Land and Land Reform & Refugee Relief and Rehabilitation Department, West Bengal",https://banglarbhumi.gov.in
,,"Maharashtra Housing and Area Development Authority (MHADA), Maharashtra",https://www.mhada.gov.in
,,"Meghalaya Urban Development Agency (MUDA), Meghalaya",https://mudashillong.gov.in
,,"Mission for Elimination of Poverty in Municipal Areas, Telangana",https://tmepma.cgg.gov.in
,,"Moradabad Development Authority, Uttar Pradesh",https://mdamoradabad.up.gov.in
,,"Nagar Vikas Vibag, Maharashtra",https://urban.maharashtra.gov.in
,,National Buildings Organisation,https://nbo.gov.in
,,National Capital Region Planning Board (NCRPB),https://ncrpb.nic.in
,,National Cooperative Housing Federation of India (NCHFI),https://www.nchfindia.net
,,National Institute of Urban Affairs (NIUA),https://niua.in
,,National Projects Construction Corporation Limited (NPCC),https://npcc.gov.in
,,National Real Estate Development Council,https://naredco.in
,,National Rural Infrastructure Development Agency (NRIDA),https://pmgsy.nic.in
,,"Nava Raipur Atal Nagar Vikas Pradhikaran, Chhattisgarh",https://navaraipuratalnagar.com
,,"New Town Kolkata Development Authority, West Bengal",https://www.nkdamar.org
,,"Odisha Real Estate Appellate Tribunal (OREAT), Odisha",https://oreat.nic.in
,,"Online Building Plan Approval System, Haryana",https://haryanabpas.gov.in
,,"PHMED - Public Health and Municipal Engineering Department , Andhra pradesh",https://www.appublichealth.gov.in
,,Portal for Analytical Regional Information and Mapping of NCR (PARIMAN),https://ncrpbgis.nic.in/NCR/index/index.html
,,"Portal of Tribal Welfare Department, Andhra Pradesh",https://aptribes.ap.gov.in
,,"Povertiy Eradication Mission (Kudumbashree), Kerala",https://www.kudumbashree.org
,,Pradhan Mantri Awas Yojana (Urban),https://pmay-urban.gov.in
,,Pradhan Mantri Awas Yojana (Urban)-MIS Portal,https://pmaymis.gov.in
,,Pradhan Mantri Awas Yojana-Urban : CLSS Awas Portal (CLAP),https://pmayuclap.gov.in
,,"Public Health & Municipal Engineering Department (PHMED), Telangana",https://publichealth.telangana.gov.in
,,"Public Health Engineering Organisation (PHEO), Odisha",https://www.pheoodisha.gov.in
,,"Public Works Department (B&R), Haryana",https://awas.haryanapwd.gov.in
,,"Rajasthan Real Estate Regulatory Authority, Rajasthan",https://rera.rajasthan.gov.in
,,"Real Estate Regulatory Authority (RERA), Delhi",https://rera.delhi.gov.in
,,"Real Estate Regulatory Authority (RERA), Uttar Pradesh",https://up-rera.in/index
,,"Real Estate Regulatory Authority, Goa",https://rera.goa.gov.in/reraApp
,,"Real Estate Regulatory Authority, Madhya Pradesh",https://rera.mp.gov.in
,,"Rural Housing, Odisha",https://rhodisha.gov.in
,,"Settlement Commissioner and Director of Land Records, Gujarat",https://landrecords.gujarat.gov.in
,,Smart Cities Mission,https://smartcities.gov.in
,,"Special Area Development Project for Kalahandi, Bolangir and Koraput (KBK), Odisha",https://kbk.nic.in
,,"Srinagar Development Authority, Jammu and Kashmir",https://sdasrinagar.jk.gov.in
,,"State Investment and Project Management and Implementation Unit (SIPMIU), Shillong, Megalaya",https://sipmiu.nic.in
,,Swachh Bharat Mission-Urban,https://sbmurban.org
,,Swachhata Hi Seva,https://swachhatahiseva.gov.in
,,"Tamil Nadu Institute of Urban Studies (TNIUS), Coimbatore, Tamil Nadu",https://www.tniuscbe.org
,,"Tamil Nadu Institute of Urban Studies, Tamil Nadu",https://www.tnius.org
,,"Tamil Nadu Real Estate Regulatory Authority (TNRERA), Tamil Nadu",https://rera.tn.gov.in
,,"Tamil Nadu Regulation of Rights and Responsibilities of Landlords and Tenants Act-2017, Tamil Nadu",https://www.tenancy.tn.gov.in
,,"Town Planning Department, Kerala",https://townplanning.kerala.gov.in
,,"Town Planning Department, Rajasthan",https://urban.rajasthan.gov.in/townplanning
,,"Town and Country Planning Department, Uttar Pradesh",https://uptownplanning.gov.in
,,"UP Housing and Development Board, Uttar Pradesh",https://upavp.in
,,Unified Portal for Licensing of Eating/Lodging & Boarding Establishments in Delhi,https://delehlhlic.mha.gov.in
,,"Urban Development & Municipal Affairs Department, West Bengal",https://www.wburbanservices.gov.in
,,"Urban Development Directorate, Uttarakhand",https://udd.uk.gov.in
,,Waste to Wealth,https://www.wastetowealth.gov.in
,,Web Based Project Monitoring System - Central Public Works Department (CPWD),https://cpwdpms.gov.in
,,"e-Awas - Accommodations Management System Administration, Chandigarh",https://eawas.chd.gov.in
,,"e-Awas Accommodation Management System, Punjab",https://eawas.punjab.gov.in
,,"e-Bhawan, Odisha",https://bhawan.homeodisha.gov.in
,,"e-Nagar Palika, Madhya Pradesh",https://www.mpenagarpalika.gov.in
,,"e-SahakaraSeva, ??elangana",https://esahakaraseva.telangana.gov.in
Information_Broadcasting,https://igod.gov.in/sector/EBNsIHQBsvhI6u6Q3tju/organizations,,
,,"Archives and Historical Research, Tamil Nadu",https://www.tnarchives.tn.gov.in
,,Bharat6G Alliance,https://bharat6galliance.com
,,Broadcast Seva Portal,https://new.broadcastseva.gov.in
,,Broadcasting Engineering Corporation of India Limited (BECIL),https://www.becil.com
,,"Central Board of Film Certification (CBFC), Mumbai",https://www.cbfcindia.gov.in
,,"Centre for Development of Imaging Technology (C-DIT), Kerala",https://cdit.org
,,Centre for Materials for Electronics Technology (C-MET),https://cmet.gov.in
,,Children's Film Society,https://cfsindia.org
,,"Commissionerate of Entertainment Tax, Gujarat",https://commercialtax.gujarat.gov.in
,,Contractor Online Registration Monitoring Sysytem - Central Public Works Department (CPWD),https://cpwdpims.nic.in/CEMS_2021
,,Dak-Karmayogi,https://dakkarmayogi.gov.in
,,Delhi Police Licensing,https://licensing.delhipolice.gov.in
,,"Directorate of Economics and Statistics, Uttarakhand",https://des.uk.gov.in
,,"Directorate of Information and Public Relations, Assam",https://dipr.assam.gov.in
,,Doordarshan of India News,https://ddnews.gov.in
,,Dynamics 365 Business Central,https://cbcerp.gov.in
,,E-Cinepramaan,https://www.ecinepramaan.gov.in
,,"Egroops - Electronic Governance for Registration of Partnership and Societies, Kerala",https://egroops.kerala.gov.in
,,"Examination Results - Meghalaya Board of School Education, Meghalaya",https://megresults.nic.in
,,"Examination Results, Tamil Nadu",https://tnresults.nic.in
,,"Examination Results, Uttar Pradesh",https://upresults.nic.in
,,"Examination Results, West Bengal",https://wbresults.nic.in
,,"Film Facilitation Office (FFO), National Film Development Corporation",https://ffo.gov.in/en
,,"Film and Television Institute of India, Pune",https://ftii.ac.in
,,Films Division,https://filmsdivision.org
,,GDS Online Engagement,https://indiapostgdsonline.gov.in
,,"Government Order Issue Register, Secretariat, Andhra Pradesh",https://goir.ap.gov.in
,,"Government Orders, Circulars and Gazettes Notifications, Kerala",https://go.lsgkerala.gov.in
,,"Gujarat State Agricultural Universities - Common Admissions, Gujarat",https://gsauca.in
,,"Higher Technical and Medical Education, Rajasthan",https://hte.rajasthan.gov.in
,,Indian Information Service,https://iis.mib.gov.in
,,Information Management System,https://rajbhashaqpr.gov.in
,,"Information and Public Relations Department, Rajasthan",https://dipr.rajasthan.gov.in
,,International Film Festival of India,https://www.iffigoa.org
,,"Janshikayat - Register Grievances online, Status of Grievance, Chhattisgarh",https://janshikayat.cg.nic.in
,,"Karnataka Examination Results, Karnataka",https://karresults.nic.in
,,"Kerala ??Central Inspection System K-CIS, Kerala",https://kcis.kerala.gov.in
,,"Maharashtra Examination 2023 - RESULT, Maharashtra",https://mahresult.nic.in
,,"Motor Vehicles Department, Jammu and Kashmir",https://jaktrans.nic.in
,,National Anti-Ragging Portal by University Grants Commission (UGC),https://www.antiragging.in
,,National Book Trust (NBT),https://www.nbtindia.gov.in
,,National Film Development Corporation (NFDC),https://www.nfdcindia.com
,,New India Samachar,https://newindiasamachar.pib.gov.in
,,News on All India Radio,https://newsonair.gov.in
,,"Odisha Examination Results, Odisha",https://orissaresults.nic.in
,,Office of Registrar of Newspapers for India (RNI),https://rni.nic.in
,,Output Outcome Monitoring Framework,https://oomf.mib.gov.in
,,PM India Webcast,https://pmindiawebcast.nic.in
,,"Panjab University Examination Results, Chandigarh",https://results.puexam.in
,,Performance Dashboard,https://mib.dashboard.nic.in
,,Photo Division of PIB,https://photodivision.gov.in
,,"Prasar Bharati, Broadcasting Corporation of India",https://prasarbharati.gov.in
,,Press Council of India (PCI),https://presscouncil.nic.in
,,Press Information Bureau (PIB),https://pib.gov.in
,,Press Information Bureau Archive,https://archive.pib.gov.in
,,Press Information Bureau Factcheck,https://factcheck.pib.gov.in
,,Press Registrar General of India,https://prgi.gov.in
,,Press Sewa Portal,https://presssewa.prgi.gov.in
,,Publications Division,https://www.publicationsdivision.nic.in
,,"SMS Services, Press Information Bureau (PIB)",https://easynicsms.gov.in
,,Sansad TV,https://webcast.gov.in/lstvlive
,,Satyajit Ray Film and Television Institute,https://srfti.ac.in
,,"Socio Economic Survey 2002-03, Gujarat",https://ses2002.guj.nic.in
,,"State Planning Commission, Uttrakhand",https://spc.uk.gov.in
,,Tea e-Auction,https://www.teaauction.gov.in
,,"Technical Education and Industrial Training Department, Punjab",https://dte.punjab.gov.in
,,Telecommunications Consultants India Limited,https://www.tcil.net.in
,,"Tripura Examination Results, Agartala , Tripura",https://tbresults.tripura.gov.in
,,"Uttarakhand Government Orders / Shasanadesh Portal, Uttarakhand",https://go.uk.gov.in
,,"Vigyapan Portal, Department of Information, Uttar Pradesh",https://upidadv.gov.in
,,"Visveswaraiah Technological University, Belgaum, Karnataka",https://results.vtu.ac.in
,,"e-Despatch, Odisha",https://edodisha.gov.in
,,"e-Filing Services, Registrar of Newspaper for India",https://egov.rni.nic.in
International_Affairs,https://igod.gov.in/sector/FxNsIHQBsvhI6u6Q3tju/organizations,,
,,BRICS INDIA 2021,https://brics2021.gov.in
,,Consular Services Management System,https://madad.gov.in
,,Consulate of India,https://cgilagos.gov.in
,,Foreign Contribution Regulation Act Online Services (FCRA),https://fcraonline.gov.in
,,General Instructions for Registration and Other Services,https://indianfrro.gov.in
,,IRCON International Limited,https://www.ircon.org
,,Indian Citizenship Online,https://indiancitizenshiponline.nic.in
,,Indian Council for Cultural Relations (ICCR),https://www.iccr.gov.in
,,Indian Technical and Economic Cooperation Division (ITEC),https://www.itecgoi.in
,,"Library, Ministry of External Affairs",https://mealib.nic.in
,,Ministry of External Affairs Telephone Directory,https://videshapps.gov.in/videsh
,,"NRI Cell, West Bengal",https://aponbangla.wb.gov.in
,,"NRI Department, Uttar Pradesh",https://nri.up.gov.in
,,National Internet eXchange of India (NIXI),https://nixi.in
,,Online Overseas Citizen Of India Services (OCI),https://ociservices.gov.in
,,Online Portal for Visa Application to India,https://www.indianvisaonline.gov.in
,,"Overseas Indian Department, Madhya Pradesh",https://friendsofmp.gov.in
,,Passport Seva Portal,https://passportindia.gov.in
,,Performance Dashboard of Ministry of External Affairs (MEA),https://meadashboard.gov.in
,,Pravasi Bharatiya Divas (PBD),https://pbdindia.gov.in
,,Protocol Division,https://meaprotocol.nic.in
,,Scholarship Programme for Diaspora Children (SPDC),https://spdcindia.gov.in
,,Suborno Jayanti Scholarships,https://sjsdhaka.gov.in
,,Sushma Swaraj Institute of Foreign Service,https://ssifs.mea.gov.in
Law_Justice,https://igod.gov.in/sector/ExNsIHQBsvhI6u6Q3tju/organizations,,
,,A tour of the Supreme Court of India,https://guidedtour.sci.nic.in
,,Advocate General Punjab,https://advocategeneral.punjab.gov.in
,,"Advocate General, Odisha",https://www.advgenodisha.nic.in
,,Allahabad High Court,https://www.allahabadhighcourt.in
,,Andhra Pradesh High Court,https://aphc.gov.in
,,Andhra Pradesh State Judicial Academy,https://apja.ap.nic.in
,,Andhra Pradesh State Legal Services Authority,https://apslsa.ap.nic.in
,,"Auto Appeal System, Haryana",https://aas.saralharyana.nic.in
,,"Bangalore Mediation Centre, Karnataka",https://nyayadegula.kar.nic.in
,,Bihar Government Servant Grievance Redressal System,https://sevasamadhan.bihar.gov.in
,,Bihar Judicial Academy,https://patnahighcourt.gov.in/bja
,,Bihar Legislative Council,https://biharvidhanparishad.gov.in
,,Bihar State Legal Services Authority,https://patnahighcourt.gov.in/bslsa
,,Bombay High Court,https://bombayhighcourt.nic.in
,,Bombay High Court at Goa,https://hcbombayatgoa.nic.in
,,Calcutta High Court,https://www.calcuttahighcourt.gov.in
,,"Chanakya National Law University, Patna, Bihar",https://cnlu.ac.in
,,Chandigarh State Judicial Academy,https://cja.gov.in
,,Chhattisgarh High Court,https://highcourt.cg.gov.in
,,Chhattisgarh State Legal Services Authority,https://cgslsa.gov.in
,,Computerization and Computer Networking of Consumer Forums in Country (Confonet),https://confonet.nic.in
,,"Court Case Information System, Lucknow",https://courtcases.up.nic.in
,,"Court Case Monitoring System, Chandigarh",https://ccms.chd.gov.in
,,"Court Case Monitoring System, Tamil Nadu",https://www.ccms.tn.gov.in
,,Customs Excise and Service Tax Appellate Tribunal (CESTAT),https://cestat.gov.in
,,Debts Recovery Appellate Tribunal,https://drt.gov.in
,,Delhi High Court,https://delhihighcourt.nic.in
,,Delhi High Court Legal Services Committee,https://www.dhclsc.org
,,Delhi Lokayukta,https://lokayukta.delhi.gov.in
,,Delhi Mediation Centre,https://delhicourts.nic.in/dmc/index.htm
,,Delhi State Judicial Academy (DJA),https://judicialacademy.nic.in
,,Delhi State Legal Services Authority,https://dslsa.org
,,"Department of Laws, Panjab University, Chandigarh",https://laws.puchd.ac.in
,,E-Court Fee Payment,https://pay.ecourts.gov.in
,,"Economic Offences Wing, Madhya Pradesh",https://eow.mp.gov.in
,,"Executive Court Information System, Bihar",https://ecis.bih.nic.in
,,Family Courts of Madhya Pradesh,https://familycourts.mphc.gov.in
,,Gauhati High Court,https://ghconline.gov.in
,,Gauhati High Court Kohima Bench,https://kohimahighcourt.gov.in
,,"Gauhati High Court, Aizawl Bench",https://ghcazlbench.nic.in
,,"Gauhati High Court, Itanagar Permanent Bench, Naharlagun",https://ghcitanagar.gov.in
,,Gujarat High Court,https://gujarathighcourt.nic.in
,,"Gujarat National Law University, Gujarat",https://www.gnlu.ac.in
,,Gujarat State Legal Services Authority,https://gujarathighcourt.nic.in/gslsa
,,"Haryana State Law Commission, Haryana",https://hslc.gov.in
,,Haryana State Legal Services Authority,https://hslsa.gov.in
,,"Hidayatullah National Law University (HNLU), Raipur, Chhattisgarh",https://www.hnlu.ac.in
,,High Court of Kerala Recruitment,https://www.hckrecruitment.nic.in
,,High Courts Services,https://hcservices.ecourts.gov.in
,,Himachal Pradesh High Court,https://hphighcourt.nic.in
,,Himachal Pradesh State Judicial Academy,https://hpsja.nic.in
,,Himachal Pradesh State Legal Services Authority,https://hpslsa.nic.in
,,INDIA CODE-Text Base of all the Central Legislations,https://www.indiacode.nic.in
,,Income Tax Appellate Tribunal (ITAT),https://itat.gov.in
,,Indian Law Reports Kerala Series,https://ilrkerala.gov.in
,,Jammu and Kashmir High Court,https://jkhighcourt.nic.in
,,Jammu and Kashmir State Judicial Academy,https://jkja.nic.in
,,Jammu and Kashmir State Legal Service Authority,https://www.jkslsa.gov.in
,,"Jarbom Gamlin Government Law College, Arunachal Pradesh",https://jgglc.ac.in
,,Jharkhand High Court,https://jharkhandhighcourt.nic.in
,,Jharkhand State Legal Services Authority,https://www.jhalsa.org
,,Judicial Academy Jharkhand,https://jajharkhand.in
,,Judicial Academy for the States of Telangana and Andhra Pradesh,https://ja.tap.nic.in
,,"Judicial Academy, Assam",https://www.jaassam.gov.in
,,"Judicial Training & Research Institute, Uttar Pradesh",https://ijtr.nic.in
,,"Juvenile Justice Monitoring Committee, Patna High Court",https://patnahighcourt.gov.in/jjs
,,Karnataka Appellate Tribunal,https://kat.karnataka.gov.in
,,Karnataka High Court,https://karnatakajudiciary.kar.nic.in
,,"Karnataka Lokayukta, Karnataka",https://lokayukta.kar.nic.in
,,Karnataka State Legal Services Authority,https://kslsa.kar.nic.in
,,Kerala High Court,https://highcourtofkerala.nic.in
,,Kerala Judicial Academy,https://kja.gov.in
,,Kerala State Legal Services Authority,https://kelsa.gov.in
,,Kerala State Mediation and Conciliation Centre (KSMCC),https://www.ksmcc.org
,,"Kolkata Traffic Police, West Bengal",https://kolkatatrafficpolice.gov.in
,,Law Commission of India,https://lawcommissionofindia.nic.in
,,"Legal Metrology, Mizoram",https://metrology.mizoram.gov.in
,,"Legislative Council, Jammu and Kashmir",https://jkla.neva.gov.in
,,"Lok Ayukta, Kerala",https://lokayuktakerala.gov.in
,,"Lok Ayukta, Uttar Pradesh",https://lokayukta.up.nic.in
,,Lokayukta Jharkhand,https://lokayuktajharkhand.nic.in
,,"Lokayukta, Assam",https://assamlokayukta.gov.in
,,Lokpal Online-Digital Platform for Management of Complaints,https://lokpalonline.gov.in
,,Madhya Pradesh High Court,https://mphc.gov.in
,,Madhya Pradesh State Judicial Academy,https://mpsja.mphc.gov.in
,,Madhya Pradesh State Legal Services Authority (MPSLSA),https://mpslsa.gov.in
,,Madras High Court,https://www.hcmadras.tn.nic.in
,,Maharashtra Judicial Academy & Indian Mediation Centre & Training Institute,https://mja.gov.in
,,Maharashtra State Legal Services Aurhority,https://legalservices.maharashtra.gov.in
,,Manipur High Court,https://hcmimphal.nic.in
,,Manipur Judicial Academy,https://manipurja.nic.in
,,"Manipur State Legal Services Authority (MASLSA), Manipur",https://maslsa.nic.in
,,"Mediation Center, High Court of Punjab and Haryana",https://mediationcentrephhc.gov.in
,,Meghalaya High Court,https://meghalayahighcourt.nic.in
,,Meghalaya State Judicial Academy,https://meghsja.gov.in
,,Meghalaya State Legal Services Authority,https://mslsa.gov.in
,,Mizoram State Legal Services Authority,https://mizoslsa.mizoram.gov.in
,,"National Green Tribunal (NGT), New Delhi",https://www.greentribunal.gov.in
,,National Judicial Academy India,https://www.nja.gov.in
,,National Judicial Data Grid,https://njdg.ecourts.gov.in
,,"National Law Universities (NLU), Delhi",https://nludelhi.ac.in
,,"National Law University and Judicial Academy, Assam",https://www.nluassam.ac.in
,,"National Law University, Jodhpur",https://www.nlujodhpur.ac.in
,,"National Law University, Odisha (NLUO)",https://www.nluo.ac.in
,,National Legal Services Authority (NALSA),https://nalsa.gov.in
,,"National University of Advanced Legal Studies (NUALS), Kerala",https://www.nuals.ac.in
,,Nyayshruti,https://www.nyayshruti.nic.in
,,Odisha State Legal Services Authority,https://www.oslsa.in
,,"Office of the Advocate General, Madhya Pradesh",https://mpag.mp.gov.in
,,Online Grievance Management Portal of National Commission for Scheduled Castes,https://ncsc.negd.in
,,Orissa High Court,https://orissahighcourt.nic.in
,,Patna High Court,https://patnahighcourt.gov.in
,,Pro Bono Legal Services Programme and Nyaya Bandhu App,https://www.probono-doj.in/home/index
,,"Public Grievances Commission, Delhi",https://pgc.delhi.gov.in
,,"Punjab Prisons, Punjab",https://prisons.punjab.gov.in
,,Punjab State Legal Services Authority,https://pulsa.punjab.gov.in
,,Punjab and Haryana High Court,https://highcourtchd.gov.in
,,Railway Claims Tribunal (RCT),https://rct.indianrail.gov.in
,,Rajasthan Civil Services Appellate Tribunal,https://rcsat.rajasthan.gov.in
,,Rajasthan High Court,https://hcraj.nic.in
,,Rajasthan State Judicial Academy,https://rajasthanjudicialacademy.nic.in
,,Rajasthan State Legal Services Authority,https://rlsa.gov.in
,,"Rajiv Gandhi National University of Law (RGNUL), Punjab",https://rgnul.ac.in
,,Recruitment Portal of Madras High Court,https://www.mhc.tn.gov.in
,,Sikkim High Court,https://hcs.gov.in
,,Sikkim Judicial Academy,https://sikkimjudicialacademy.nic.in
,,Sikkim State Legal Services Authority,https://sikkimslsa.nic.in
,,"Society for Centralized Recruitment in Subordinate Courts, Under Punjab and Haryana High Court",https://www.sssc.gov.in
,,"State Legal Services Authority, (UT) Chandigarh",https://chdslsa.gov.in
,,"State Public Services Tribunal, Uttar Pradesh",https://spst.up.nic.in
,,"SuSwagatam, Supreme Court of India",https://suswagatam.sci.gov.in/public/Index.aspx
,,Supreme Court Legal Services Committee,https://sclsc.gov.in
,,Supreme Court of India,https://main.sci.gov.in
,,"Systemized Administration & Regulation of Tendering and Handling All Court Cases (SARTHAC), West Bengal",https://sarthac.gov.in
,,Tamil Nadu State Judicial Academy,https://www.tnsja.tn.gov.in
,,Tamil Nadu State Legal Services Authority,https://www.tnlegalservices.tn.gov.in
,,Telangana High Court,https://tshc.gov.in
,,Telangana State Judicial Academy,https://tsja.gov.in
,,"The Indian Law Institute, Delhi",https://www.ili.ac.in
,,"The International Centre for Alternative Dispute Resolution (ICADR), Regional Centre, Hyderabad",https://icadr.telangana.gov.in
,,"The National Law Institute University, Bhopal (NLIU), Madhya Pradesh",https://www.nliu.ac.in
,,"Trade Tax Tribunal Department, Government of Uttar Pradesh",https://tradetaxtribunal.up.nic.in
,,Tripura High Court,https://thc.nic.in
,,Uttar Pradesh State Legal Services Authority,https://upslsa.up.nic.in
,,Uttarakhand High Court,https://highcourtofuttarakhand.gov.in
,,"Uttarakhand Judicial and Legal Academy, Uttarakhand",https://ujala.uk.gov.in
,,"Uttarakhand Public Services Tribunal, Uttarakhand",https://ukpst.uk.gov.in
,,"Uttarakhand State Legal Services Authority (UKSLSA), Nainital",https://slsa.uk.gov.in
,,"Vidhi Portal, Law Department & Advocate General Office, Jharkhand",https://vidhi.jharkhand.gov.in
,,"Vigilance Directorate, Odisha",https://odishavigilance.gov.in
,,Virtual Courts,https://vcourts.gov.in
,,West Bengal Judicial Academy,https://www.wbja.nic.in
,,West Bengal National University of Juridical Sciences ( NUJS),https://www.nujs.edu
,,"e-Courts Services, High Courts of India, District and Taluka Courts of India",https://ecourts.gov.in
,,e-Filing Services,https://efiling.ecourts.gov.in
,,"e-MaapVigyan, Chhattisgarh",https://legalmetrology.cg.nic.in
,,eCourt India Services,https://services.ecourts.gov.in
,,eLegalix - Allahabad High Court Judgment Information System,https://elegalix.allahabadhighcourt.in
People_Organisations,https://igod.gov.in/sector/FhNsIHQBsvhI6u6Q3tju/organizations,,
,,All India Railwaymen's Federation (AIRF),https://www.airfindia.org
,,Armed Forces Tribunal,https://aftdelhi.nic.in
,,"Armed Forces Tribunal, Regional Bench, Jaipur",https://aftjaipur.gov.in
,,"Banaskantha Collectorate, Gujarat",https://collectorbk.gujarat.gov.in
,,"Bhavnagar Collectorate, Gujarat",https://collectorbhavnagar.gujarat.gov.in
,,Circular Management Information System,https://ccis.nic.in
,,"Collectorate - District Dahod, Gujarat",https://collectordahod.gujarat.gov.in
,,"Collectorate - District Dang, Gujarat",https://collectordangs.gujarat.gov.in
,,"Collectorate - District Gandhinagar, Gujarat",https://collectorgandhinagar.gujarat.gov.in
,,"Collectorate - District Junagadh, Gujarat",https://collectorjunagadh.gujarat.gov.in
,,"Collectorate - District Kheda, Gujarat",https://collectorkheda.gujarat.gov.in
,,"Collectorate - District Kutch, Gujarat",https://collectorkutch.gujarat.gov.in
,,"Collectorate - District Mehsana, Gujarat",https://collectormehsana.gujarat.gov.in
,,"Collectorate - District Narmada, Gujarat",https://collectornarmada.gujarat.gov.in
,,"Collectorate - District Navsari, Gujarat",https://collectornavsari.gujarat.gov.in
,,"Collectorate - District Porbandar, Gujarat",https://collectorporbandar.gujarat.gov.in
,,"Collectorate - District Rajkot, Gujarat",https://collectorrajkot.gujarat.gov.in
,,"Collectorate - District Sabarkantha, Gujarat",https://collectorsk.gujarat.gov.in
,,"Collectorate - District Surat, Gujarat",https://collectorsurat.gujarat.gov.in
,,"Collectorate - District Surendranagar, Gujarat",https://collectorsurendranagar.gujarat.gov.in
,,"Collectorate - District Valsad, Gujarat",https://collectorvalsad.gujarat.gov.in
,,"Department of Information and Public Relations, Andhra Pradesh",https://ipr.ap.nic.in
,,"Devipatan Mandal, Gonda, Uttar Pradesh",https://devipatanmandal.nic.in
,,"Directorate of Official Language, Goa",https://dol.goa.gov.in
,,"Divisional Commissioner Kashmir, Jammu and Kashmir",https://kashmirdivision.nic.in
,,Federation of Railway Officers Association (FROA),https://froa.in
,,"Hindu Religious Institutions and Wakfu Department, Puducherry",https://hri.py.gov.in
,,Indian Railway Accounts Service Association,https://www.irastimes.org
,,Indian Railway Welfare Organisation (IRWO),https://www.irwo.net
,,"Integrated Child Development Services Scheme, Maharashtra",https://icds.gov.in
,,"Karnataka State Haj Committee, Karnataka",https://www.karhaj.in
,,"Legislative Assembly, Arunachal Pradesh",https://arla.neva.gov.in
,,"Legislative Assembly, Himachal Pradesh",https://hpvidhansabha.nic.in
,,"Legislative Assembly, Madhya Pradesh",https://mpvidhansabha.nic.in
,,"Legislative Assembly, Meghalaya",https://megassembly.gov.in
,,"Legislative Assembly, Mizoram",https://www.mizoramassembly.in
,,"Man Power and Management System, National Informatics Centre, New Delhi",https://nicsi.com
,,"Meghalaya Basin Development Authority (MBDA), Meghalaya",https://mbda.gov.in
,,National Commission of Women Women's HelpLine,https://ncwwomenhelpline.in
,,National Federation of Indian Railwaymen (NFIR),https://www.nfirindia.com
,,National Portal For Transgender Persons,https://transgender.dosje.gov.in
,,"National Rail Museum, New Delhi",https://www.nrmindia.org
,,"National Trust for the Welfare of Persons with Autism, Cerebral Palsy, Mental Retardation and Multiple Disabilities, New Delhi",https://www.thenationaltrust.gov.in
,,"Police Radio Training School, Indore, Madhya Pradesh",https://prts-mppolice.nic.in
,,"Revenue Inspection Commissioner, Gujarat",https://revenueinspection.gujarat.gov.in
,,"Sikkim State Human Rights Commission (SSHRC), Gangtok, Sikkim",https://sshrc.nic.in
,,"Staff Selection Commission, Bangalore",https://ssckkr.kar.nic.in
,,"State Resource Centre for Women, Nagaland",https://missionshakti.nagaland.gov.in
,,"Survey of India, Dehradun",https://www.surveyofindia.gov.in
Petroleum_Oil_Natural_Gas,https://igod.gov.in/sector/AxNsIHQBsvhI6u6Q3tju/organizations,,
,,Akshay Urja,https://akshayurja.gov.in
,,"Andhra Pradesh Gas Infrastructure Corporation (APGIC), Andhra Pradesh",https://www.apgic.in
,,Assam Gas Company Limited,https://assamgas.org
,,BIO-URJA Portal,https://biourja.mnre.gov.in
,,Bharat Petro Resources Limited,https://bharatpetroresources.in
,,Bharat Petroleum Corporation Limited (BPCL),https://www.bharatpetroleum.in
,,Biogas Application Portal,https://biogas.mnre.gov.in
,,"Centre for High Technology (CHT), Noida",https://cht.gov.in
,,Chennai Petroleum Corporation Limited (CPCL),https://cpcl.co.in
,,"Directorate General of Hydrocarbons (DGH), Noida",https://dghindia.gov.in
,,"Directorate of Oil Palm Research, West Godavari",https://iiopr.icar.gov.in
,,"Directorate of Petroleum, Rajasthan",https://petroleum.rajasthan.gov.in
,,Gas Authority of India Limited (GAIL),https://www.gailgas.com
,,Hindustan Petroleum Corporation Limited (HPCL),https://www.hindustanpetroleum.com
,,Human Resource Development,https://hrd.mnre.gov.in
,,India Power map,https://indiapowermap.gov.in/rec
,,Indian Oil Corporation Limited (IOCL),https://www.iocl.com
,,Indian Renewable Energy Development Agency Limited,https://www.ireda.in
,,"Indian Strategic Petroleum Reserves Limited, Noida",https://www.isprlindia.com
,,International Solar Alliance (ISA),https://isolaralliance.org
,,Mangalore Refinary and Petrochemicals Limited,https://www.mrpl.co.in
,,Ministry of Petroleum and Natural Gas,https://mopng.gov.in
,,My LPG Portal,https://www.mylpg.in
,,Numaligarh Refinery Limited (NRL),https://www.nrl.co.in
,,"Oil India Limited (OIL), Noida",https://www.oil-india.com
,,Oil and Natural Gas Corporation Limited (ONGC),https://ongcindia.com
,,Petroleum Planning and Analysis Cell (PPAC),https://ppac.gov.in
,,"Petroleum and Natural Gas Regulatory Board (PNGRB), New Delhi",https://pngrb.gov.in
,,"Rajasthan State Gas Limited (RSGL), Rajasthan",https://rsgl.rajasthan.gov.in
,,Solar Energy Corporation of India Limited,https://www.seci.co.in
,,Wind Energy Programme,https://ccdcwind.gov.in
,,eProcurement Portal of Chennai Petroleum Corporation Limited,https://cpcletenders.nic.in
,,eProcurement Portal of Indian Oil Corporation Limited,https://iocletenders.nic.in
Rural_Development_Panchayati_Raj,https://igod.gov.in/sector/DRNsIHQBsvhI6u6Q3tju/organizations,,
,,"Aasara - Soceity for Elimination of Rural Poverty, Telangana",https://www.aasara.telangana.gov.in
,,"Adarsh Gram Yojana, Haryana",https://harspagy.gov.in
,,"Ahmedabad District Panchayat, Gujarat",https://ahmedabaddp.gujarat.gov.in
,,"Andhra Pradesh Capital Region Development Authority (APCRDA), Vijayawada",https://crda.ap.gov.in
,,Assam State Rural Livelihood Mission (ASRLM),https://asrlms.assam.gov.in
,,AuditOnline,https://auditonline.gov.in
,,Bank of Ideas and Innovations,https://ideas.msme.gov.in
,,"Bhuiyan, Chhattisgarh Land Records",https://bhuiyan.cg.nic.in
,,Bihar Institute of Public Administration and Rural Development (BIPARD),https://bipard.bihar.gov.in
,,Bihar Rural Development Society (BRDS),https://brds.bihar.gov.in
,,"Bipin Tripathi Kumaon Institue of Technology, Uttarakhand",https://kecua.ac.in
,,Brahmaputra Board,https://brahmaputraboard.gov.in
,,"Chief Commissioner of Land Administration, Andhra Pradesh",https://ccla.ap.gov.in/CCLA/Index.aspx
,,"Chief Development Office, Dehradun, Uttarakhand",https://cdodoon.gov.in
,,"Commissionerate of Rural Development and Panchayat Raj (Training), Tamil Nadu",https://crdpr.tn.gov.in
,,"Commissionerate of Rural Development, Assam",https://rural.assam.gov.in
,,"Commissionerate of Rural Development, Gujarat",https://ruraldev.gujarat.gov.in
,,"Community Managed Micro Insurance, Andhra Pradesh",https://aaby.ap.gov.in
,,Deendayal Antyodaya Yojana-NRLM,https://aajeevika.gov.in
,,"Deendayal Upadhyaya State Institute of Rural Development, Lucknow, Uttar Pradesh",https://www.sirdup.in
,,"Directorate of Settlement & Land Records, Goa",https://dslr.goa.gov.in
,,"Directorate of State Institute of Rural Development, Kohima, Nagaland",https://sird.nagaland.gov.in
,,"Directorate of Survey and Land Records, Kerala",https://dslr.kerala.gov.in
,,"Directorate of Town Panchayats, Tamil Nadu",https://www.tn.gov.in/dtp
,,"Directorate of Town and Country Planning, Assam",https://tcp.assam.gov.in
,,"Directorate of Town and Country Planning, Tamil Nadu",https://tcp.tn.gov.in
,,"Directorate of Watershed Development & Soil Conservation, Rajasthan",https://water.rajasthan.gov.in/wdsc/#/home/dptHome
,,District Development Coordination and Monitoring Committees (DISHA),https://disha.gov.in
,,"District Rural Development Agency (DRDA), Hamirpur, Himachal Pradesh",https://drdahamirpurhp.nic.in
,,E-Gramswaraj,https://egramswaraj.gov.in
,,Electronic Maintenance of Rural Roads under PMGSY (eMARG),https://emarg.gov.in
,,"Employment Generation and Marketing Mission (EGMM), Telangana, Andhra Pradesh",https://tsegmm.cgg.gov.in
,,"Evaluation Department, Rajasthan",https://evaluation.rajasthan.gov.in
,,GRameen Internal audit Portal (GRIP),https://grip.gov.in
,,"Garhwal Division, Uttarakhand",https://garhwal.uk.gov.in
,,"Gram Drashan, Haryana",https://gramdarshan.haryana.gov.in
,,Gram Manchitra,https://grammanchitra.gov.in
,,"Haryana Institute of Rural Development (HIRD), Nilokheri, Haryana",https://www.hirdnilokheri.com
,,"Information Kerala Mission (IKM), Kerala",https://www.ikm.gov.in
,,"Institute of Rural Management Anand (IRMA), Gujarat",https://www.irma.ac.in
,,Integrated Watershed Development Programme (IWMP),https://iwmpmis.nic.in
,,Jal Shakti Abhiyan,https://jsactr.mowr.gov.in
,,Lakhpati Didi,https://lakhpatididi.gov.in
,,Local Government Directory (LGD),https://lgdirectory.gov.in
,,"Lohiya Swachh Bihar Abhiyan (LSBA), Bihar",https://lsba.bih.nic.in
,,"Maharashtra State Rural Livelihoods Mission, Maharashtra",https://www.umed.in
,,"Mahatma Gandhi National Rural Employment Guarantee Scheme, Chhattisgah",https://mgnrega.cg.nic.in
,,"Mahila Kisan Sashaktikaran Pariyojana (MKSP), NRLM",https://mksp.gov.in
,,"Meghalaya State Rural Livelihoods Society, Meghalaya",https://msrls.nic.in
,,Mission Amrit Sarovar,https://amritsarovar.gov.in
,,"Mission Basundhara, Assam",https://basundhara.assam.gov.in
,,"Mission Bhagiratha Department, Telangana",https://rwss.telangana.gov.in
,,"Mission Bhagiratha, Telangana",https://missionbhagiratha.telangana.gov.in
,,"Mission for Elimination of Poverty in Municipal Areas (MEPMA), Andhra Pradesh",https://www.apmepma.gov.in
,,National Panchayat Awards,https://panchayataward.gov.in
,,National Social Assistance Programme (NSAP),https://nsap.nic.in
,,North Eastern Regional Centre of National Institute,https://www.nirdnerc.nic.in
,,Panchayat Development Index Portal,https://pdi.gov.in
,,Panchayat Development Plan,https://gpdp.nic.in
,,"Punjab Municipal Infrastructure Development Company (PMIDC), Punjab",https://pmidc.punjab.gov.in
,,"Rajasthan Grameen Aajeevika Vikas Parishad, Rajasthan",https://rgavp.rajasthan.gov.in
,,"Reorganisation, Andhra Pradesh",https://reorganisation.ap.gov.in
,,"Rural Bazaar, Ministry of Panchayati Raj",https://ruralbazaar.gov.in
,,Saansad Adarsh Gram Yojana (SAANJHI),https://saanjhi.gov.in
,,Shyama Prasad Mukherji Rurban Mission (SPMRM),https://rurban.gov.in
,,"Society for Elimination of Rural Poverty (SERP), Telangana",https://www.serp.telangana.gov.in
,,"Society for Elimination of Rural Poverty - Human Resource Management System - HRMS, Telangana",https://www.serp.telangana.gov.in/HRMSTG
,,"Society for Elimination of Rural Poverty - Inclusive Development for Person with Disabilities, Telangana",https://ikppwd.telangana.gov.in
,,"Society for Social Audit, Accountability and Transparency (SSAAT), Telangana",https://www.socialaudit.telangana.gov.in
,,"Software for Assessment of Disabled for Access Rehabilitation and Empowerment (SADAREM), Telangana",https://sadarem.telangana.gov.in
,,"State Institute of Panchayat and Rural Development (SIPRD), Assam",https://sird.assam.gov.in
,,"State Institute of Public Administration and Rural Development (SIPARD), Tripura",https://sipard.tripura.gov.in
,,"State Institute of Rural Development (SIRD), Meghalaya",https://megsird.gov.in
,,"Stree Nidhi - Credit Cooperative Federation Ltd., Telangana",https://www.streenidhi.telangana.gov.in
,,Svamitva Scheme,https://svamitva.nic.in
,,"The Gandhigram Rural Institute (Deemed to be University), Telangana",https://www.ruraluniv.ac.in
,,"The Mahatma Gandhi National Rural Employment Guarantee Scheme, Telangana",https://www.nrega.telangana.gov.in
,,"The Provisions of the Panchayats (Extension to the Scheduled Areas) Act, 1996 (PESA)",https://pesadarpan.gov.in
,,Training Management Portal,https://trainingonline.gov.in
,,Unnat Bharat Abhiyan,https://unnatbharatabhiyan.gov.in
,,"Uttarakhand State Rural Livelihoods Mission, Uttarakhand",https://usrlm.uk.gov.in
,,"Uttarakhand Urban Sector Development Agency (UUSDA), Uttarakhand",https://www.uusdip.org
,,"Varanasi Development Authority, Uttar Pradesh",https://vdavns.com
,,Vibrant Gram Sabha,https://meetingonline.gov.in
,,"Watershed Development, Andhra Pradesh",https://iwmp.ap.gov.in
,,"YSR Pension Kanuka , Andhra Pradesh",https://sspensions.ap.gov.in
,,"e-Panchayat Sabha Digital Plateform for Panchayat, Odisha",https://panchayatsabha.odisha.gov.in
,,"e-Procurement Tender, Andhra Pradesh",https://apeprocurement.gov.in
,,eProcurement System for Pradhan Mantri Gram Sadak Yojana (PMGSY),https://pmgsytenders.gov.in
,,"eTendering System-Pradhan Mantri Gram Sadak Yojana (PMGSY), Uttar Pradesh",https://pmgsytendersup.gov.in
,,"eTendering System-Pradhan Mantri Gram Sadak Yojana (PMGSY), West Bengal",https://pmgsytenderswb.gov.in
,,"eTendering System-Pradhan Mantri Gram Sadak Yojana (PMGSY), Rajasthan",https://pmgsytendersraj.gov.in
,,"eTendering System-Pradhan Mantri Gram Sadak Yojana (PMGSY), Nagaland",https://pmgsytendersngl.gov.in
,,"eTendering System-Pradhan Mantri Gram Sadak Yojana (PMGSY), Sikkim",https://pmgsytendersskm.gov.in
,,"eTendering System-Pradhan Mantri Gram Sadak Yojana (PMGSY), Punjab",https://pmgsytenderspb.gov.in
,,"eTendering System-Pradhan Mantri Gram Sadak Yojana (PMGSY), Kerala",https://pmgsytendersker.gov.in
,,"eTendering System-Pradhan Mantri Gram Sadak Yojana (PMGSY), Nagaland",https://pmgsytendersngl.gov.in
,,"eTendering System-Pradhan Mantri Gram Sadak Yojana (PMGSY), Mizoram",https://pmgsytendersmiz.gov.in
,,"eTendering System-Pradhan Mantri Gram Sadak Yojana (PMGSY), Manipur",https://pmgsytendersman.gov.in
,,"eTendering System-Pradhan Mantri Gram Sadak Yojana (PMGSY), Punjab",https://pmgsytenderspb.gov.in
,,"eTendering System-Pradhan Mantri Gram Sadak Yojana (PMGSY), Assam",https://pmgsytendersasm.gov.in
,,"eTendering System-Pradhan Mantri Gram Sadak Yojana (PMGSY), Arunachal Pradesh",https://pmgsytendersarn.gov.in
,,"eTendering System-Pradhan Mantri Gram Sadak Yojana (PMGSY), Jammu and Kashmir",https://pmgsytendersjk.gov.in
,,"eTendering System-Pradhan Mantri Gram Sadak Yojana (PMGSY), Uttarakhand",https://pmgsytendersuk.gov.in
,,"eTendering System-Pradhan Mantri Gram Sadak Yojana (PMGSY), Tamilnadu",https://pmgsytenderstn.gov.in
,,"eTendering System-Pradhan Mantri Gram Sadak Yojana (PMGSY), Tripura",https://pmgsytenderstrp.gov.in
,,"eTendering System-Pradhan Mantri Gram Sadak Yojana (PMGSY), Bihar",https://pmgsytendersbih.gov.in
Science_Technology_Research,https://igod.gov.in/sector/EhNsIHQBsvhI6u6Q3tju/organizations,,
,,"(n)Code Solutions (A Division of GNFC Limited), Ahmedabad, Gujarat",https://www.ncode.in
,,"ASEAN-India Science, Technology and Innovation Cooperation",https://aistic.gov.in
,,"Advanced Centre for Treatment, Research and Education in Cancer, Tata Memorial Centre (ACTREC)",https://actrec.gov.in
,,Agharkar Research Institute (ARI),https://aripune.org
,,Antriksh Jigyasa,https://jigyasa.iirs.gov.in
,,Antrix Corporation Limited,https://www.antrix.co.in
,,Asian and Pacific Centre for Transfer of Technology,https://apctt.org
,,Atomic Energy Education Society (AEES),https://www.aees.gov.in
,,Atomic Energy Regulatory Board (AERB),https://www.aerb.gov.in/english
,,Atomic Minerals Directorate (AMD),https://www.amd.gov.in
,,Ayush Clinical Case Repository,https://accr.ayush.gov.in
,,Bhabha Atomic Research Centre (BARC),https://www.barc.gov.in
,,Bharatiya Nabhikiya Vidyut Nigam Limited (BHAVINI),https://bhavini.nic.in
,,Bhaskaracharya National Institute for Space Applications and Geo-informatics (BISAG-N),https://bisag-n.gov.in
,,Bhuvan Panchayat Geoportal,https://bhuvanpanchayat.nrsc.gov.in
,,Bhuvan-Gateway of Indian Earth Observation,https://bhuvan.nrsc.gov.in
,,Biological Research Regulatory Approval Portal,https://biorrap.gov.in
,,"Biotechnology Industry Research Assistance Council, New Delhi",https://birac.nic.in
,,Biotechnology Research and Innovation Council,https://www.bric.nic.in
,,Birbal Sahni Institute of Palaeobotany,https://www.bsip.res.in
,,Board of Radiation and Isotope Technology (BRIT),https://britatom.gov.in
,,Board of Research in Nuclear Sciences,https://brns.res.in
,,CCRAS-Research Management Information System,https://rmis.nic.in/#/home
,,"CaneInfo, Sugarcane Breeding Institute",https://caneinfo.icar.gov.in
,,"Central Coastal Agricultural Research Institute, GOA",https://ccari.res.in
,,"Central Drug Research Institute (CDRI), Lucknow",https://cdri.res.in
,,"Central Electro Chemical Research Institute (CECRI), Karaikudi",https://www.cecri.res.in
,,"Central Electronics Engineering Research Institute (CEERI), Pilani",https://www.ceeri.res.in
,,Central Electronics Limited,https://www.celindia.co.in
,,Central Food Technological Research Institute (CFTRI),https://cftri.res.in
,,Central Glass and Ceramic Research Institute,https://www.cgcri.res.in
,,"Central Institute for Cotton Research (CICR), Nagpur",https://cicr.org.in
,,Central Institute for Research on Cotton Technology (CIRCOT),https://circot.icar.gov.in
,,Central Institute of Brackishwater Aquaculture (CIBA),https://ciba.icar.gov.in
,,Central Institute of Freshwater Aquaculture (CIFA),https://cifa.nic.in
,,Central Institute of Post Harvest Engineering and Technology (CIPHET),https://ciphet.icar.gov.in
,,Central Leather Research Institute (CLRI),https://www.clri.org
,,Central Mechanical Engineering Research Institute (CMERI),https://www.cmeri.res.in
,,Central Rice Research Institute (CRRI),https://crri.icar.gov.in
,,"Central Salt and Marine Chemicals Research Institute, Gujarat",https://www.csmcri.res.in
,,Central Scientific Instruments Organisation,https://www.csio.res.in
,,Central Tuber Crops Research Institute (CTCRI),https://www.ctcri.org
,,Central Water and Power Research Station (CWPRS),https://cwprs.gov.in
,,Centre for Cellular and Molecular Biology (CCMB),https://www.ccmb.res.in
,,Centre for DNA Fingerprinting and Diagnostics,https://www.cdfd.org.in
,,Centre for Excellence in Basic Sciences,https://www.cbs.ac.in
,,"Centre for Nano and Soft Matter Sciences, Bengaluru",https://www.cens.res.in
,,Clinical Trials Registry-India (CTRI),https://ctri.nic.in
,,Commission for Scientific and Technical Terminology (CSTT),https://www.cstt.education.gov.in
,,Common Fellowship Portal,https://fellowships.gov.in
,,"Conference, Travel, Exhibition and Popular Lectures (CTEP)",https://www.dbtctep.gov.in
,,Council of Scientific and Industrial Research (CSIR),https://www.csir.res.in
,,Council of Scientific and Industrial Research Madras Complex,https://www.csircmc.res.in
,,Department of Biotechnology,https://dbtindia.gov.in
,,"Department of Energy Science and Engineering, Indian Institute of Technology Bombay",https://www.ese.iitb.ac.in
,,"Department of Microbiology and Biotechnology Centre, Gujarat",https://www.msubiotech.ac.in
,,"Directorate of Bio-Technology, Tripura",https://dbttripura.nic.in
,,"Directorate of Construction, Services and Estate Management (DCSEM)",https://dcsem.gov.in
,,Directorate of Maize Research (DMR),https://iimr.icar.gov.in
,,"Directorate of Technical Education - Chennai, Tamil Nadu",https://dte.tn.gov.in
,,"Directorates of Science and Technology, Haryana",https://dstharyana.gov.in
,,"Dr. Marri Channa Reddy Human Resource Development Institute of Telangana, Andhra Pradesh",https://www.mcrhrdi.gov.in
,,E-Management of INSPIRE Award Scheme,https://inspireawards-dst.gov.in
,,Education and Research Network of India,https://ernet.in
,,Electronics Corporation of India Limited,https://www.ecil.co.in
,,"Forensic Sciences Department, Tamil Nadu",https://www.forensic.tn.gov.in
,,Fourth Paradigm Institute,https://csir4pi.res.in
,,"General Services Organisation (GSO), Kalpakkam",https://www.igcar.gov.in/gso
,,"Geo Portal, National Atlas and Thematic Mapping Organisation",https://geoportal.natmo.gov.in
,,Geological Survey of India (GSI),https://www.gsi.gov.in
,,Global Centre for Nuclear Energy Partnership (GCNEP),https://www.gcnep.gov.in
,,Gujarat Biotechnology University,https://gbu.edu.in
,,"Gujarat Council of Science City, Gujarat",https://sciencecity.gujarat.gov.in
,,"Gujarat Council on Science and Technology, Gujarat",https://gujcost.gujarat.gov.in
,,"Gujarat State Biotechnology Mission (GSBTM), Gujarat",https://btm.gujarat.gov.in
,,"Harish-Chandra Research Institute (HRI), Allahabad",https://www.hri.res.in
,,Heavy Water Board (HWB),https://hwb.gov.in
,,"Himachal Pradesh Council for Science, Technology & Environment, Himachal Pradesh",https://himcoste.hp.gov.in
,,"Human Resource Development (HRDA), Ghaziabad",https://www.csirhrdc.res.in
,,Human Resource Development Group (HRDG),https://www.csirhrdg.res.in
,,Human Space Flight Centre,https://www.hsfc.gov.in
,,"ICAR-Agricultural Technology Application Research Institute, Umiam",https://icarzcu3.gov.in
,,"ICAR-Central Marine Fisheries Research Institute (CMFRI), Kochi",https://www.cmfri.org.in
,,"ICAR-Directorate of Weed Research (DWR), Jabalpur",https://dwr.icar.gov.in
,,"ICAR-National Research Centre for Soybean, Indore",https://iisrindore.icar.gov.in
,,ISRO Telemetry Tracking and Command Network (ISTRAC),https://www.istrac.gov.in
,,"India Science, Technology and Innovation Portal (ISTI)",https://indiascienceandtechnology.gov.in
,,"Indian Academy of Sciences, Bangalore",https://www.ias.ac.in
,,Indian Association for the Cultivation of Science,https://www.iacs.res.in
,,"Indian Centre for Space Physics, Kolkata",https://csp.res.in
,,Indian Institute of Geomagnetism,https://iigm.res.in
,,"Indian Institute of Integrative Medicine (IIIM), Jammu and Kashmir",https://iiim.res.in
,,Indian Institute of Petroleum (IIP),https://www.iip.res.in/en
,,Indian Institute of Sugarcane Research (IISR),https://iisr.icar.gov.in
,,"Indian Institute of Toxicology Research (IITR), Lucknow",https://iitr.res.in
,,Indian Institute of Vegetable Research (IIVR),https://iivr.icar.gov.in
,,"Indian Institutes of Science Education and Research (IISER), Pune",https://www.iiserpune.ac.in
,,"Indian National Academy of Engineering, Delhi",https://www.inae.in
,,Indian National Centre for Ocean Information Services (INCOIS),https://incois.gov.in
,,Indian National Centre for Ocean Information Services,https://io50.incois.gov.in
,,Indian National Science Academy (INSA),https://insaindia.res.in
,,Indian Rare Earths India Limited (IREL),https://irel.co.in
,,"Indian Science Congress Association, Kolkata",https://sciencecongress.nic.in
,,"Indian Society of Soil Salinity & Water Quality (ISSSWQ), Haryana",https://issswq.in
,,Indian Space Research Organisation (ISRO),https://www.isro.gov.in
,,Indian Veterinary Research Institute (IVRI),https://ivri.nic.in
,,Indira Gandhi Centre for Atomic Research (IGCAR),https://www.igcar.gov.in
,,Indo-French Centre for the Promotion of Advanced Research,https://www.cefipra.org
,,Indo-US Science and Technology Forum,https://iusstf.org
,,Innovation in Science Pursuit for Inspired Research (INSPIRE),https://online-inspire.gov.in
,,"Institute for Development and Research in Banking Technology (IDRBT), Andhra Pradesh",https://www.idrbt.ac.in
,,Institute for Plasma Research (IPR),https://www.ipr.res.in
,,Institute for Stem Cell Science and Regenerative Medicine,https://instem.res.in
,,Institute of Advanced Study in Science and Technology (IASST),https://iasst.gov.in
,,Institute of Bioresources and Sustainable Development,https://ibsd.gov.in
,,Institute of Genomics and Integrative Biology (IGIB),https://www.igib.res.in
,,"Institute of Himalayan Bioresource Technology (IHBT), Palampur",https://www.ihbt.res.in
,,"Institute of Human Behaviour and Allied Sciences (IHBAS), Delhi",https://ihbas.delhi.gov.in
,,Institute of Life Sciences,https://www.ils.res.in
,,"Institute of Liver and Biliary Sciences, Delhi",https://www.ilbs.in
,,"Institute of Mathematical Sciences (IMSc), Chennai",https://www.imsc.res.in
,,"Institute of Microbial Technology (IMTECH), Chandigarh",https://www.imtech.res.in
,,Institute of Minerals and Materials Technology,https://www.immt.res.in
,,"Institute of Nano Science and Technology (INST), Mohali",https://www.inst.ac.in
,,"Institute of Physics (IOP), Bhubaneswar",https://www.iopb.res.in
,,"Institute of Seismological Research (ISR), Gujarat",https://isr.gujarat.gov.in
,,Inter-University Centre for Astronomy and Astrophysics (IUCAA),https://www.iucaa.in
,,"International Advanced Research Centre for Powder Metallurgy and New Materials, Hyderabad",https://www.arci.res.in
,,International Centre for Alternative Dispute Resolution,https://icadr.ap.gov.in
,,Jawaharlal Institute of Postgraduate Medical Education and Research (JIPMER),https://jipmer.edu.in
,,Jawaharlal Nehru Centre for Advanced Scientific Research (JNCASR),https://www.jncasr.ac.in
,,"Jharkhand Space Applications Center (JSAC), Jharkhand",https://jsac.jharkhand.gov.in
,,Karnataka State Council for Science and Technology (KSCST),https://www.kscst.org.in/english/index.html
,,"Kerala Engineering Research Institute, Kerala",https://keri.kerala.gov.in
,,"Kerala Science Congress, Kerala",https://ksc.kerala.gov.in
,,"Kerala Startup Mission (KSUM), Kerala",https://startupmission.kerala.gov.in
,,Knowledge and Awareness Mapping Platform (KAMP),https://www.kamp.org.in
,,"Laboratory for Electro-Optics Systems (LEOS), Bengaluru",https://www.isro.gov.in/LEOS.html
,,"Liquid Propulsion Systems Centre, Thiruvananthapuram",https://www.lpsc.gov.in
,,Localisation in e-Governance,https://www.localisation.gov.in
,,"Madhya Pradesh Council of Science and Technology (MPCOST), Bhopal, Madhya Pradesh.",https://mpcost.gov.in
,,"Maharashtra Remote Sensing Application Centre (MRSAC), Maharashtra",https://mrsac.gov.in
,,Manthan,https://manthan.gov.in
,,"Master Control Facility, Hasan",https://www.mcf.gov.in
,,"Maulana Abul Kalam Azad Arabic Persian Research Institute, Rajasthan",https://maapritonk.nic.in
,,"MeghRaj Cloud Initiative, National Cloud by NIC, New Delhi",https://cloud.gov.in
,,"Meteorological Center, Gangtok",https://mausam.imd.gov.in/gangtok
,,"Meteorological Center, Pune",https://imdpune.gov.in
,,"Meteorological Centre, Goa",https://mausam.imd.gov.in/goa
,,Meteorological and Oceanographic Satellite Data Archival Centre (MOSDAC),https://mosdac.gov.in
,,Mission on Nano Science and Technology,https://dst.gov.in/scientific-programmes/mission-nano-science-and-technology-nano-mission
,,"Mizoram Remote Sensing Application Centre, Mizorm",https://mirsac.mizoram.gov.in
,,NIScPR Online Periodicals Repository,https://nopr.niscpr.res.in
,,"National Academy of Sciences, Allahabad",https://nasi.org.in
,,National Accreditation Board for Testing and Calibration Laboratories (NABL),https://nabl-india.org
,,"National Agri-Food Biotechnology Institute, Mohali",https://nabi.res.in
,,National Atlas and Thematic Mapping Organisation (NATMO),https://portal.natmo.gov.in
,,National Atmospheric Research Laboratory (NARL),https://www.narl.gov.in
,,"National Board for Higher Mathematics (NBHM), Mumbai",https://nbhm.dae.gov.in
,,National Botanical Research Institute (NBRI),https://www.nbri.res.in
,,National Brain Research Centre,https://www.nbrc.ac.in
,,National Centre for Cell Sciences,https://www.nccs.res.in
,,National Centre for Coastal Research,https://www.nccr.gov.in
,,National Centre for Compositional Characterisation of Materials,https://cccm.gov.in
,,National Centre for Earth Science Studies (NCESS),https://ncess.gov.in
,,National Centre for Medium Range Weather Forecasting (NCMRWF),https://www.ncmrwf.gov.in
,,National Centre for Polar and Ocean Research (NCPOR),https://ncpor.res.in
,,National Centre for Seismology (NCS),https://seismo.gov.in
,,National Certification System for Tissue Culture Plants (NCS-TCP),https://dbtncstcp.nic.in
,,National Database for Emergency Management,https://ndem.nrsc.gov.in
,,National Environmental Engineering Research Institute (NEERI),https://www.neeri.res.in
,,National Forensic Sciences University,https://nfsu.ac.in
,,National Geophysical Research Institute (NGRI),https://www.ngri.res.in
,,National Innovation Foundation (NIF),https://nif.org.in
,,National Institute for Interdisciplinary Science and Technology,https://www.niist.res.in
,,National Institute for Research in Reproductive and Child Health,https://nirrch.res.in
,,"National Institute of Animal Biotechnology, Hyderabad",https://www.niab.res.in
,,"National Institute of Biologicals, Noida, Uttar Pradesh",https://nib.gov.in
,,National Institute of Biomedical Genomics,https://www.nibmg.ac.in
,,National Institute of Immunology,https://nii.res.in
,,National Institute of Ocean Technology,https://www.niot.res.in
,,National Institute of Oceanography (NIO),https://www.nio.res.in
,,"National Institute of Plant Genome Research, New Delhi",https://nipgr.ac.in
,,National Institute of Science Communication and Policy Research,https://niscpr.res.in
,,"National Institute of Science Education and Research, Bhubaneswar",https://www.niser.ac.in
,,National Knowledge Resource Consortium,https://nkrc.niscpr.res.in
,,National Landslide Forecasting Centre,https://bhusanket.gsi.gov.in
,,"National Metallurgical Laboratory, Jamshedpur",https://www.nmlindia.org
,,National Physical Laboratory,https://www.nplindia.org
,,National Programme on Technology Enhanced Learning (NPTEL),https://nptel.ac.in
,,National Remote Sensing Centre (NRSC),https://www.nrsc.gov.in
,,"National Research Centre for Grapes (NRCG), Pune, Maharashtra",https://nrcgrapes.icar.gov.in
,,National Research Centre for Groundnut (NRCG),https://aicrp.icar.gov.in/gnut
,,National Research Centre for Orchids (NRCO),https://nrco.icar.gov.in
,,National Research Development Corporation (NRDC),https://www.nrdcindia.com
,,National Science Digital Library,https://nsdl.niscpr.res.in
,,National Science and Technology Entrepreneurship Development Board,https://www.nstedb.com
,,New Space India Limited,https://www.nsilindia.co.in
,,"Nirma University, Gujarat",https://nirmauni.ac.in
,,North East Center for Technology Application and Reach,https://www.nectar.org.in
,,North East Institute of Science and Technology,https://neist.res.in
,,North Eastern Space Applications Centre,https://nesac.gov.in
,,Nuclear Fuel Complex,https://www.nfc.gov.in
,,Nuclear Power Corporation of India Limited (NPCIL),https://www.npcil.nic.in
,,"Odisha Space Application Center (ORSAC), Odisha",https://orsacgeoict.in
,,Onlinemaps Portal,https://onlinemaps.surveyofindia.gov.in
,,"Positional Astronomy Centre (PAC), Kolkata",https://packolkata.gov.in
,,"Raja Ramanna Centre for Advanced Technology (RRCAT), Indore",https://www.rrcat.gov.in
,,Rajiv Gandhi Centre for Biotechnology,https://www.rgcb.res.in
,,"Rajiv Gandhi Science & Technology Commission, Maharashtra",https://rgstc.maharashtra.gov.in
,,"Raman Research Institute, Bangalore",https://www.rri.res.in
,,"Raman Science Centre and Planetarium, Nagpur",https://rscnagpur.gov.in
,,Recruitment Portal of Bhabha Atomic Research Centre (BARC),https://recruit.barc.gov.in
,,Regional Centre for Biotechnology,https://www.rcb.res.in
,,"Regional Meteorological Centre, Chennai",https://mausam.imd.gov.in/chennai
,,Regional Specialized Meteorological Centre for Tropical Cyclones Over North Indian Ocean (RSMC),https://rsmcnewdelhi.imd.gov.in
,,"S. N. Bose National Centre for Basic Sciences, Kolkata",https://www.bose.res.in
,,"Saha Institute of Nuclear Physics (SINP), Kolkatta",https://www.saha.ac.in
,,"Sardar Patel Institute of Economic & Social Research, Gujarat",https://www.spiesr.ac.in
,,Satish Dhawan Space Centre (SDSC),https://www.shar.gov.in
,,Science and Engineering Research Board (SERB),https://www.serb.gov.in
,,"Science and Technology and Biotechnology Department, West Bengal",https://dstbt.bangla.gov.in
,,"Sikkim State Council of Science and Technology, Sikkim",https://bioinformaticssikkim.gov.in
,,Smart India Hackathon,https://sih.gov.in
,,Society for Applied Microwave Electronic Engineering and Research (SAMEER),https://www.sameer.gov.in
,,"Space Applications Centre, Ahmedabad",https://www.sac.gov.in
,,Space Physics Laboratory (SPL),https://spl.gov.in
,,"State Council for Technical Education & Vocational Training (SCTE&VT), Odisha",https://sctevtodisha.nic.in
,,"State Institute of Science Education, Jabalpur, Madhya Pradesh",https://sisejbp.org
,,"Tamil Nadu State Council for Science and Technology, Chennai, Tamil Nadu",https://www.tanscst.tn.gov.in
,,Tata Institute of Fundamental Research (TIFR),https://www.tifr.res.in
,,Tata Memorial Centre (Hospital) (TMC),https://tmc.gov.in
,,Technological Advancement for Rural Areas (TARA),https://dsttara.in
,,"Technology Development Board (TDB), New Delhi",https://tdb.gov.in
,,"Technology Information, Forecasting and Assessment Council (TIFAC)",https://tifac.org.in
,,"Telangana State Council of Science & Technology (TSCOST), Telangana",https://tscost.telangana.gov.in
,,"Traditional Knowledge Digital Library (TKDL), New Delhi",https://www.tkdl.res.in
,,"Tripura Biotechnology Council (TBC), Tripura",https://biotechnologycouncil.tripura.gov.in
,,"Tripura Renewable Energy Development Agency, Tripura",https://treda.nic.in
,,"Tripura State Council For Science & Technology, Tripura",https://tscst.nic.in
,,"U R Rao Satellite Centre (URSC), Bengaluru",https://www.ursc.gov.in
,,Unit for Reaserch and Developmnet of Information Products,https://urdip.res.in
,,Uranium Corporation of India Limited (UCIL),https://ucil.gov.in
,,"Uttarakhand Ayurved University, Uttarakhand",https://www.uau.ac.in
,,Variable Energy Cyclotron Centre (VECC),https://www.vecc.gov.in
,,Vigyan Jyoti,https://vigyanjyoti.dst.gov.in
,,Vigyan Prasar Science Portal,https://vigyanprasar.gov.in
,,"Vikram Sarabhai Space Centre (VSSC), Thiruvananthapuram",https://www.vssc.gov.in
,,Visiting Advanced Joint Research Faculty Scheme,https://www.vajra-india.in
,,Visualization of Earth observation Data and Archival System (VEDAS),https://vedas.sac.gov.in/vedas
,,"Visvesvaraya Industrial and Technological Museum, Bangalore",https://www.vismuseum.gov.in
,,Wadia Institute of Himalayan Geology,https://www.wihg.res.in
,,"e-journals, Indian National Science Academy",https://insa.nic.in
Social_Justice_Empowerment,https://igod.gov.in/sector/GBNsIHQBsvhI6u6Q3tju/organizations,,
,,"ASHA Workers Performance and Incentives Portal, Bihar",https://ashwin.bih.nic.in/Ashwin/Default.aspx
,,Adi Prashikshan,https://adiprashikshan.tribal.gov.in
,,Adi-Prasarasn,https://adiprasaran.tribal.gov.in
,,Adivasi Grants Management System,https://grants.tribal.gov.in
,,"Administrative Tribunal, Maharashtra",https://mat.maharashtra.gov.in
,,"Administrative Tribunal, West Bengal",https://wbat.gov.in
,,Ali Yavar Jung National Institute for the Hearing Handicapped (AYJNIHH),https://ayjnihh.nic.in
,,Ali Yavar Jung National Institute of Speech and Hearing Disabilities,https://www.nihhsrc.nic.in
,,"Artificial Limbs Manufacturing Corporation of India (ALIMCO), Kanpur",https://www.alimco.in
,,"Backward Classes Development Department, Kerala",https://bcdd.kerala.gov.in
,,Central Administrative Tribunal (CAT),https://cgat.gov.in
,,"Central Adoption Resource Authority (CARA), New Delhi",https://cara.wcd.gov.in
,,Central Waqf Council,https://centralwaqfcouncil.gov.in
,,Chief Commissioner for Persons with Disabilities Case Portal,https://ccpdcourt.gov.in
,,"Commissionerate of Tribal Development, Gujarat",https://comm-tribal.gujarat.gov.in
,,"Composite Regional Centre for Persons with Disabilities, Bhopal",https://crcbhopal.nic.in
,,"Composite Regional Centre for Skill Development, Rehabilitation and Empowerment of Persons with Disabilities, Nellore",https://crcnlr.nic.in
,,"Composite Regional Centre for Skill Development, Rehabilitation and Empowerment of Persons with Disabilities, Davanagere",https://crcdvg.nic.in
,,Delhi Commission for Women,https://dcw.delhi.gov.in
,,Delhi Minorities Commission,https://dmc.delhi.gov.in
,,Department of Empowerment of Persons with Disabilities,https://depwd.gov.in
,,Department of Social Justice and Empowerment,https://socialjustice.gov.in
,,"Development Support Agency, Tribal Development Department, Gujarat",https://dsag.gujarat.gov.in
,,Direct Benefit Transfer Portal (DBT),https://dbttribal.gov.in
,,"Directorate of Economics and Statistics, Maharashtra",https://mahades.maharashtra.gov.in
,,"Directorate of Social Justice and Empowerment, Assam",https://socialjustice.assam.gov.in
,,"Directorate of Social Welfare (Women and Child Development Sector), Assam",https://womenandchildren.assam.gov.in
,,"Directorate of Social Welfare and Social Education, Tripura",https://socialwelfare.tripura.gov.in
,,"Directorate of Soldier Welfare and Rehabilitation Board, Uttarakhand",https://sainikkalyanuk.gov.in
,,"Directorate of Tea Tribes and Adivasi Welfare, Assam",https://ttwd.assam.gov.in
,,"Empowerment of Persons with Disabilities, Senior Citizens & Transgender Persons Department, Telangana",https://www.wdsc.telangana.gov.in
,,Free Coaching Scheme for SC and OBC Students,https://dbtmis-msje.gov.in
,,"GURUKULAM - Andhra Pradesh Tribal Welfare Residential Educational Institutions Society, Andhra Pradesh",https://aptwgurukulam.ap.gov.in
,,"Gauhati Medical College and Hospital, Assam",https://gmchassam.gov.in
,,Going Online as Leaders Program (GOAL),https://goal.tribal.gov.in
,,"Govind Ballabh Pant Social Science Institute, Allahabad, Uttar Pradesh",https://www.gbpssi.in
,,"Gujarat Sainik Welfare, Gujarat",https://www.sainikwelfare.gujarat.gov.in
,,"Gujarat Tribal Research & Training Society, Gujarat",https://trti.gujarat.gov.in
,,Haj Committee of India,https://www.hajcommittee.gov.in
,,"Himachal Backward Classes Finance and Development Corporation, Himachal Pradesh",https://himachal.nic.in/hbcfdc
,,ICAR-Central Institute for Women in Agriculture (ICAR-CIWA),https://icar-ciwa.org.in
,,"Indian Institute of Social Welfare and Business Management (IISWBM), West Bengal",https://www.iiswbm.edu
,,Indian Sign Language Research and Training Centre (ISLRTC),https://islrtc.nic.in
,,"Integrated Child Development Services (ICDS) Scheme, Bihar",https://icdsonline.bih.nic.in
,,"Jammu & Kashmir  Women`s Development Corporation, Jammu and Kashmir",https://www.jkwdc.com
,,"JanmaBhoomi, Andhra Pradesh",https://jnanabhumi.ap.gov.in
,,"Kanyashree Prakalpa, West Bengal",https://wbkanyashree.gov.in
,,Karnataka State Administrative Tribunal,https://ksat.karnataka.gov.in
,,"Kerala State Commission for Protection of Child Rights, Kerala",https://kescpcr.kerala.gov.in
,,"Kerala State Differently Abled Welfare Corporation Limited, Kerala",https://www.hpwc.kerala.gov.in
,,"Legal Metrology Department, Kerala",https://lmd.kerala.gov.in
,,"Meghalaya State Commission for Protection of Child Rights, Meghalaya",https://megscpcr.gov.in
,,Mission Shakti,https://missionshakti.wcd.gov.in
,,"Mukhyamantri Kanya Sumangla Yojana, Uttar Pradesh",https://mksy.up.gov.in
,,NGO Grants Online System,https://ngo.tribal.gov.in
,,National Backward Classes Finance and Development Corporation (NBCFDC),https://nbcfdc.gov.in
,,"National Board of Examination in Rehabilitation (NBER), New Delhi",https://nber-rehabcouncil.gov.in
,,National Commission for Backward Classes (NCBC),https://ncbc.nic.in
,,National Commission for Protection of Child Rights (NCPCR),https://ncpcr.gov.in
,,National Commission for Safai Karamcharis (NCSK),https://ncsk.nic.in
,,National Commission for Scheduled Castes (NCSC),https://ncsc.nic.in
,,National Commission for Scheduled Tribes (NCST),https://ncst.nic.in
,,National Education Society for Tribal Students,https://nests.tribal.gov.in
,,National Institute for Empowerment of Persons with Multiple Disabilities (NIEPMD),https://niepmd.tn.nic.in
,,National Institute for the Empowerment of Persons with Intellectual Disabilities,https://niepid.nic.in
,,"National Institute for the Orthopaedically Handicapped (NIOH), Kolkata",https://www.niohkol.nic.in
,,National Institute of Public Cooperation and Child Development (NIPCCD),https://nipccd.nic.in
,,National Minorities Development and Finance Corporation (NMDFC),https://www.nmdfc.org
,,National Overseas Scholarship Portal,https://overseas.tribal.gov.in
,,National Safai Karamcharis Finance and Development Corporation (NSKFDC),https://nskfdc.nic.in
,,National Scheduled Castes Finance and Development Corporatioin (NSFDC),https://www.nsfdc.nic.in
,,National Scheduled Tribes Finance and Development Corporation (NSTFDC),https://nstfdc.tribal.gov.in
,,National Tribal Fellowship Portal,https://fellowship.tribal.gov.in
,,National Tribal Migration Support Portal,https://shramshakti.tribal.gov.in
,,National Tribal Research Portal,https://tritribal.gov.in
,,National Tribal Virtual Art and Culture Portal,https://adikalakar.tribal.gov.in
,,"OASiS - Online Application for Scholarship in Studies, West Bengal",https://oasis.gov.in
,,"Office of the State Commissioner for Persons with Disabilities, Meghalaya",https://megscpwd.gov.in
,,"Online Beneficiary Management and Monitoring System - OBMMS, Telangana",https://tsobmms.cgg.gov.in
,,"Other Backward Bahujan Welfare Department, Maharashtra",https://obcbahujankalyan.maharashtra.gov.in
,,"Pension Portal, Department of Social Justice and Empowerment, Haryana",https://pension.socialjusticehry.gov.in
,,Platform for Effective Enforcement of No Child Labour (PENCIL),https://pencil.gov.in
,,Pradhan Mantri Adarsh Gram Yojana (PMAGY),https://pmagy.gov.in
,,Pradhan Mantri Dakshta Aur Kushalta Sampann Hitgrahi Yojana,https://pmdaksh.dosje.gov.in
,,Prime Ministers Overarching Scheme for Holistic Nourishment (POSHAN),https://poshanabhiyaan.gov.in
,,"Punarbhava, National Interactive Portal on Disability",https://www.punarbhava.in
,,"Puratchi Thalaivar M.G.R. Nutritious Meal Programme (Mid Day Meal Scheme), Tamil Nadu",https://middaymeal.tn.gov.in
,,"Registration Department, Jammu and Kashmir",https://igr.jk.gov.in
,,SHe Box-Online Complaint Management System for Sexual Harassment at Workplace,https://shebox.wcd.gov.in
,,"SUBHADRA Yojana, Odisha",https://subhadra.odisha.gov.in
,,"Sabooj Sathi (Bi-cycle Distribution Scheme), West Bengal",https://wbsaboojsathi.gov.in
,,"Sardar Sarovar Punarvasvat Agency, Gujarat",https://sspa.gujarat.gov.in
,,Scheduled Tribe Component Monitoring System,https://stcmis.gov.in
,,Scheduled Tribes and Other Traditional Forest Dwellers,https://forestrights.nic.in
,,"Scholarship - Social Justice and Special Assistance Department, Maharashtra",https://mahaeschol.maharashtra.gov.in
,,"Social & Tribal Welfare Department, Ladakh",https://socialwelfare.ladakh.gov.in
,,"Social Security Pension, Rajasthan",https://ssp.rajasthan.gov.in
,,"Social Welfare Department, Chhattisgarh",https://sw.cg.gov.in
,,"Social, Tribal, BC, Minority and Residential Educational Institutions Societies, Telangana",https://societyleague.telangana.gov.in
,,Spring Water Atlas,https://thespringsportal.org
,,"State Commission for Women, Odisha",https://oscw.nic.in
,,"State Scholarship Portal, Odisha",https://scholarship.odisha.gov.in
,,"Swami Vivekanand National Institute of Rehabilitation Training and Research (SVNIRTAR), Olatpur",https://svnirtar.nic.in
,,"Swasthya, Tribal Health and Nutrition Portal",https://swasthya.tribal.gov.in
,,"Telangana Tribal Welfare Residential Educational Institutions Society (Gurukulam), Telangana",https://www.tgtwgurukulam.telangana.gov.in
,,"The Kerala State Commission for Backward Classes, Kerala",https://kscbc.kerala.gov.in
,,"The Portal For Haj Group Organisers, Haj Deputation, Haj Pilgrimage",https://haj.nic.in
,,Tribal Cooperative Marketing Development Federation of India (TRIFED),https://trifed.tribal.gov.in
,,Tribal Digital Document Repository,https://tribal.nic.in/repository
,,"Tribal Research and Development Institute, Madhya Pradesh",https://www.trdi.mp.gov.in
,,"Tripura Tribal Areas Autonomous District Council (TTAADC), Tripura",https://ttaadc.gov.in
,,"Unified Birth & Death Registration, Telangana",https://ubdmis.telangana.gov.in
,,Unique Disability ID (UDID),https://www.swavlambancard.gov.in
,,"Uttarakhand Waqf Board, Dehradun, Uttarakhand",https://uttarakhandwaqfboard.uk.gov.in
,,"Vanbandhu Kalyan Yojana, Tribal Development Department, Gujarat",https://vky.gujarat.gov.in
,,"Women Development and Child Welfare Department, Telangana",https://wdcw.tg.nic.in
,,"e-Kalyan Portal, Bihar",https://ekalyan.bih.nic.in
,,??????????????????????????????????? ????????????,https://wakf.gov.in
Tourism,https://igod.gov.in/sector/DhNsIHQBsvhI6u6Q3tju/organizations,,
Transport_Infrastructure,https://igod.gov.in/sector/CRNsIHQBsvhI6u6Q3tju/organizations,,
,,Air india Assets Holding Limited (AIAHL),https://www.aiahl.in
,,"AirSewa-Online Flight Details, Airport Information and Grievance Redressal",https://airsewa.gov.in
,,Aircraft Accident Investigation Bureau (AAIB),https://aaib.gov.in
,,Airports Authority of India (AAI),https://www.aai.aero
,,Airports Economic Regulatory Authority (AERA),https://aera.gov.in
,,Andaman Nicobar State Transport Services,https://ants.andaman.gov.in
,,Andhra Pradesh Maritime Board,https://ports.ap.gov.in
,,Arunachal Pradesh State Transport Services (APSTS),https://apsts.arunachal.gov.in
,,"Banaras Locomotive Works, Varanasi",https://blw.indianrailways.gov.in
,,Bureau of Civil Aviation Security (BCAS),https://bcasindia.gov.in
,,"Captain of Ports Department, Goa",https://www.ports.goa.gov.in/en
,,Central Institute of Road Transport (CIRT),https://www.cirtindia.com
,,"Central Organisation for Modernisation of Workshops, COFMOW",https://cofmow.indianrailways.gov.in
,,Central Organisation for Railway Electrification (CORE),https://core.indianrailways.gov.in
,,Central Railways,https://cr.indianrailways.gov.in
,,Central Road Research Institute,https://www.crridom.gov.in
,,Centre for Railway Information Systems (CRIS),https://cris.org.in
,,"Char Dham Yatra Registration And Hemkund Sahib Registration, Uttarakhand",https://registrationandtouristcare.uk.gov.in
,,Chennai Port Authority,https://www.chennaiport.gov.in
,,Chittaranjan Locomotive Works (CLW),https://clw.indianrailways.gov.in
,,"Civil Aviation Department, Arunachal Pradesh",https://civilaviation.arunachal.gov.in
,,Cochin Port Authority,https://www.cochinport.gov.in
,,Cochin Shipyard Limited,https://cochinshipyard.in
,,"Commissioner of Transport, Gujarat",https://cot.gujarat.gov.in
,,Container Corporation of India Limited (CONCOR),https://concorindia.co.in
,,Darjeeling Himalayan Railway,https://dhr.indianrailways.gov.in
,,Dedicated Freight Corridor Corporation of India (DFCCIL),https://dfccil.com
,,"Deendayal Port Authority, Gandhidham",https://www.deendayalport.gov.in
,,Delhi Metro Rail Corporation Limited,https://www.delhimetrorail.com
,,Delhi Transport Corporation (DTC),https://dtc.delhi.gov.in
,,Diesel Loco Modernisation Works,https://dmw.indianrailways.gov.in
,,Digital Sky Portal,https://digitalsky.dgca.gov.in
,,"Director State Transport, Punjab",https://punjabroadways.punjab.gov.in/en
,,Directorate General of Civil Aviation (DGCA),https://www.dgca.gov.in
,,Directorate General of Lighthouses and Lightships,https://www.dgll.nic.in
,,"Directorate General of Shipping, Mumbai",https://dgshipping.gov.in
,,"Dredging Corporation of India, Visakhapatnam",https://www.dredge-india.com
,,E-Amrit Portal,https://www.e-amrit.niti.gov.in/home
,,East Central Railway,https://ecr.indianrailways.gov.in
,,East Coast Railway,https://eastcoastrail.indianrailways.gov.in
,,Eastern Railway,https://er.indianrailways.gov.in
,,"Garden Reach Ship Builders and Engineers Limited (GRSE), Kolkata",https://grse.in
,,Goa Shipyard Limited,https://goashipyard.in
,,"Gujarat State Highway Project - II, Gujarat",https://gshp2.gov.in
,,"Highways Department, Tamil Nadu",https://www.tnhighways.tn.gov.in
,,"Himachal Pradesh Road & Infrastructure Development Corporation Ltd., Himachal Pradesh",https://himachal.nic.in/hpridc
,,"Himachal Road Transport Corporation (HRTC), Himachal Pradesh",https://www.hrtchp.com
,,"INAM-Pro, Platform for Infrastructure and Materials Providers",https://www.inampro.nic.in
,,Import Monitoring System,https://imports.gov.in
,,India Infrastructure Finance Company Limited (IIFCL),https://iifcl.in
,,"Indian Ocean Memorandum of Understanding, Goa",https://iomou.nic.in
,,Indian Port Rail and Ropeway Corporation Limited,https://iprcl.in
,,Indian Ports Association,https://ipa.nic.in
,,Indian Railway Catering and Tourism Corporation Ltd. (IRCTC),https://www.irctc.co.in
,,Indian Railway Finance Corporation Limited (IRFC),https://irfc.co.in
,,Indian Railway Traffic Service Association (IRTS),https://irts.org.in
,,Indian Railways Geo Portal,https://irgeoportal.gov.in
,,Indian Railways Institute of Electrical Engineering (IRIEEN),https://irieen.indianrailways.gov.in
,,"Indian Railways Institute of Mechanical and Electrical Engineering (IRIMEE), Jamalpur",https://irimee.indianrailways.gov.in
,,"Indian Railways Institute of Transport Management (IRITM), Lucknow",https://iritm.indianrailways.gov.in
,,Indian Railways Online,https://www.indianrail.gov.in
,,Indian Railways eProcurement Systems,https://www.ireps.gov.in
,,Indian Roads Congress (IRC),https://www.irc.nic.in
,,Indira Gandhi Rashtriya Uran Academy (IGRUA),https://igrua.gov.in
,,"Infrastructure Corporation of Andhra Pradesh Ltd. (INCAP), Andhra Pradesh",https://www.incap.co.in
,,Inland Waterways Authority of India (IWAI),https://iwai.gov.in
,,Institute of Rail transport,https://www.nrti.edu.in
,,"Intelligent System for Depot Management, Transport Department, Haryana",https://hrtransport.gov.in
,,"Intelligent Traffic Management System, Goa",https://itmschallan.parivahan.gov.in
,,Jawaharlal Nehru Port Authority,https://jnport.gov.in
,,Kamarajar Port Limited,https://www.ennoreport.gov.in
,,"Kerala Automobiles Limited (KAL), Kerala",https://kal.org.in
,,Konkan Railway Corporation Limited,https://konkanrailway.com
,,"Kutch Railway Company Limited, Delhi",https://www.kutchrail.org
,,Land Acquisition Portal,https://bhoomirashi.gov.in
,,Mangalore Customs,https://customsmangalore.gov.in
,,"Mazagon Dock Shipbuilders Limited, Mumbai",https://mazagondock.in
,,"Metro Railway, Kolkata",https://mtp.indianrailways.gov.in
,,Mormugao Port Authority,https://mptgoa.gov.in
,,"Motor Garages Department, Jammu and Kashmir",https://jksmg.gov.in
,,Mumbai Port Authority,https://www.mumbaiport.gov.in
,,Mumbai Railway Vikas Corporation Limited (MRVC),https://mrvc.indianrailways.gov.in
,,Nagpur Metro Rail Corporation Limited (NMRCL),https://www.metrorailnagpur.com
,,Nagpur Railway Police,https://www.nagpurrailwaypolice.gov.in
,,"Namma Metro - Bangalore Metro Rail Corporation Ltd., Karnataka",https://english.bmrc.co.in
,,"National Academy of Indian Railways, Vadodara",https://nair.indianrailways.gov.in
,,National Aerospace laboratories (NAL),https://www.nal.res.in
,,National Automotive Testing and RandD Infrastructure Project (NATRIP),https://natrip.in
,,National Highways Authority of India (NHAI),https://nhai.gov.in
,,National Highways and Infrastructure Development Corporation ltd.,https://nhidcl.com
,,National Logistics Portal Marine,https://nlpmarine.gov.in
,,"National Train Enquiry System, CRIS, Indian Railways",https://enquiry.indianrail.gov.in/mntes
,,"New Mangalore Port Authority, Panambur",https://newmangaloreport.gov.in
,,No Objection Certificate Portal,https://morthnoc.nic.in
,,North Central Railway,https://ncr.indianrailways.gov.in
,,North Eastern Railway,https://ner.indianrailways.gov.in
,,North Western Railway,https://nwr.indianrailways.gov.in
,,Northeast Frontier Railway,https://nfr.indianrailways.gov.in
,,Northern Railway,https://nr.indianrailways.gov.in
,,Odisha Motor Vehicle Department,https://odishatransport.gov.in
,,"Officers' Rest House Management System, Southern Railway",https://southernrailway.gov.in/sr-orh
,,Online Indenting Recruitment Management System,https://oirms-ir.gov.in
,,Over Dimensional/Over Weight Cargo Movement Online Application (ODC/OWC),https://morth-owc.nic.in
,,Paradip Port Authority,https://paradipport.gov.in
,,Parivahan Sewa,https://parivahan.gov.in/parivahan
,,Pawan Hans Limited (PHL),https://www.pawanhans.co.in
,,"Rail Coach Factory, Kapurthala",https://rcf.indianrailways.gov.in
,,Rail India Technical and Economic Service Limited (RITES),https://www.rites.com
,,"Rail Land Development Authority, New Delhi",https://rlda.indianrailways.gov.in
,,Rail Vikas Nigam Limited,https://rvnl.org
,,"Rail Wheel Factory, Yelahanka",https://rwf.indianrailways.gov.in
,,"Rail Wheel Plant, Bela",https://rwp.indianrailways.gov.in
,,"RailMadad, A Grievance Redressal Mechanism",https://railmadad.gov.in/madad/final/home.jsp
,,RailTel Corporation of India Limited,https://www.railtelindia.com
,,"Railway Recruitment Board (RRB), Chennai",https://rrbchennai.gov.in
,,"Railway Recruitment Board (RRB), Mumbai",https://www.rrbmumbai.gov.in
,,"Railway Recruitment Board (RRB), Patna",https://www.rrbpatna.gov.in
,,"Railway Recruitment Board (RRB), Thiruvananthapuram",https://www.rrbthiruvananthapuram.gov.in
,,"Railway Recruitment Board (RRB), Guwahati",https://rrbguwahati.gov.in
,,"Railway Recruitment Board (RRB), Ranchi",https://www.rrbranchi.gov.in
,,"Railway Recruitment Board (RRB), Allahabad",https://www.rrbald.gov.in
,,"Railway Recruitment Board (RRB), Bangalore",https://www.rrbbnc.gov.in
,,"Railway Recruitment Board (RRB), Bhopal",https://www.rrbbhopal.gov.in
,,"Railway Recruitment Board (RRB), Muzaffarpur",https://www.rrbmuzaffarpur.gov.in
,,"Railway Recruitment Board (RRB), Ajmer",https://www.rrbajmer.gov.in
,,"Railway Recruitment Board (RRB), Secunderabad",https://rrbsecunderabad.gov.in
,,"Railway Recruitment Board (RRB), Jammu-Srinagar",https://rrbjammu.nic.in
,,"Railway Recruitment Board (RRB), Bilaspur",https://rrbbilaspur.gov.in
,,"Railway Recruitment Board (RRB), Siliguri",https://www.rrbsiliguri.gov.in
,,"Railway Recruitment Board (RRB), Bhubaneswar",https://www.rrbbbs.gov.in
,,"Railway Recruitment Board (RRB), Chandigarh",https://www.rrbcdg.gov.in
,,"Railway Recruitment Board (RRB), Kolkata",https://www.rrbkolkata.gov.in
,,"Railway Recruitment Board (RRB), Malda",https://rrbmalda.gov.in
,,"Railway Recruitment Board (RRB), Gorakhpur",https://rrbgkp.gov.in
,,"Railway Recruitment Cell (RRC), Hajipur",https://www.rrcecr.gov.in
,,Railway Recruitment Control Board (RRCB),https://rrcb.gov.in
,,Registered Vehicle Scrapping Facility,https://vscrap.parivahan.gov.in/vehiclescrap/vahan/welcome.xhtml
,,Research Designs and Standards Organisation (RDSO),https://rdso.indianrailways.gov.in
,,Road Safety Advocacy Scheme,https://rsa.morth.gov.in
,,Sagarmala,https://sagarmala.gov.in
,,Sagarmala Development Company Limited,https://sdclindia.com
,,Shipping Corporation of India Limited (SCI),https://www.shipindia.com
,,Shyama Prasad Mukherjee Port,https://smportkolkata.shipping.gov.in
,,South Central Railway,https://scr.indianrailways.gov.in
,,South East Central Railway,https://secr.indianrailways.gov.in
,,South Eastern Railway,https://ser.indianrailways.gov.in
,,South Western Railway,https://swr.indianrailways.gov.in
,,Southern Railway,https://sr.indianrailways.gov.in
,,"State Water Transport Department, Kerala",https://swtd.kerala.gov.in
,,Tamil Nadu Motor Vehicles Maintenance Department,https://www.tnmvmd.tn.gov.in
,,Tariff Authority for Major Ports (TAMP),https://tariffauthority.gov.in
,,"Transport Department, Delhi",https://transport.delhi.gov.in
,,"Uttar Pradesh Expressways Industrial Development Authority (UPEIDA), Uttar Pradesh",https://upeida.up.gov.in
,,"Uttarakhand Transport Corporation (UTC), Uttarakhand",https://utconline.uk.gov.in
,,V.O. Chidambaranar Port Authority,https://www.vocport.gov.in
,,VAHAN-Integrated Solution for Vehicle Registration,https://vahan.parivahan.gov.in/vahanservice/vahan/ui/statevalidation/homepage.xhtml
,,"Vehicle Location Tracking & Emergency Alert System, Uttarakhand",https://vlt.uk.gov.in
,,Visakhapatnam Port Authority,https://www.vizagport.com
,,West Central Railway,https://wcr.indianrailways.gov.in
,,Western Railway,https://wr.indianrailways.gov.in
Youth_Affairs_Sports,https://igod.gov.in/sector/BhNsIHQBsvhI6u6Q3tju/organizations,,
,,"AP Centre for Financial Systems & Services (APCFSS), Andhra Pradesh",https://apcfss.in
,,Asmita Portal,https://sfw.kheloindia.gov.in/public/index.php
,,"Department of Sports, Punjab",https://pbsports.punjab.gov.in
,,"Department of Youth Services, Andhra Pradesh",https://www.youthservices.ap.gov.in
,,Direct Benefit Transfer (DBT) Portal - Department of Youth Affairs,https://dbtyas-youth.gov.in
,,"Directorate of Sports and Youth Affairs, Goa",https://dsya.goa.gov.in
,,Fit India Movement,https://fitindia.gov.in
,,"Gujarat Sahitya Academy, Gujarat",https://sahityaacademy.gujarat.gov.in
,,"Kerala State Sports Council, Kerala",https://www.sportscouncil.kerala.gov.in
,,Khelo India-National Programme for Development of Sports,https://kheloindia.gov.in
,,"Lakshmibai National Institute of Physical Education (LNIPE), Gwalior",https://www.lnipe.edu.in
,,MyBharat,https://mybharat.gov.in
,,National Anti Doping Agency,https://nadaindia.yas.gov.in
,,National Dope Testing Laboratory (NDTL),https://ndtlindia.com
,,National Service Scheme (NSS),https://nss.gov.in
,,National Sports Federation Portal,https://nsf.yas.gov.in
,,"National Sports University, Imphal",https://nsu.ac.in
,,National Youth Parliament Scheme (NYPS),https://nyps.mpa.gov.in
,,"Nehru Yuva Kendra Sangathan (NYKS), Delhi",https://nyks.nic.in
,,Netaji Subhas National Institute of Sports (NSNIS),https://www.nsnis.org
,,Online Stadia Booking System by Sports Authority of India (SAI),https://booksaistadia.gov.in
,,Rajiv Gandhi National Institute of Youth Development (RGNIYD),https://www.rgniyd.gov.in
,,Sports Authority of India,https://sportsauthorityofindia.nic.in
,,"Swarnim Gujarat Sports University, Gujarat",https://sgsu.gujarat.gov.in
,,"Tamil Nadu Physical Education and Sports University, Chennai, Tamil Nadu",https://tnpesu.org
,,YUVA Portal,https://yuva.gov.in
